# Blender 5.2.1 LTS
# www.blender.org
mtllib entropys_requiem.mtl
o Keyblade
v -2.578827 23.880213 -6.527578
v -2.578827 25.821949 -5.430075
v -2.578827 20.840971 -10.748745
v -3.533131 21.769630 -0.871215
v -2.578827 21.178667 -3.657185
v -2.578827 19.152506 -7.962774
v -2.578827 15.775573 -9.397971
v -2.578827 15.437880 -8.384892
v -2.578827 17.590673 -13.872408
v -2.578827 15.184608 -11.930671
v -2.578827 12.272004 -11.086437
v -2.578827 5.475924 -11.592978
v -2.578827 9.612669 -8.469315
v -2.578827 7.206604 -9.186913
v -2.578827 18.814812 -16.996071
v -4.436700 19.659046 -0.955638
v -2.578827 25.315413 0.000000
v -4.047544 21.769630 0.000000
v -5.325323 18.223850 0.000000
v -3.533131 21.769630 0.871215
v -4.436700 19.659046 0.955638
v -4.945395 18.561543 1.968718
v -4.945395 17.379616 1.040062
v -4.945395 15.100185 0.955638
v -4.945395 13.664989 1.208908
v -5.135359 14.678070 0.000000
v -4.945395 11.132289 0.000000
v -4.945395 13.664989 -1.208908
v -4.945395 15.100185 -0.955638
v -4.945395 17.379616 -1.040062
v -4.945395 18.561543 -1.968718
v -4.945395 12.398639 -2.053142
v -4.945395 12.398639 2.053142
v -2.578827 21.178667 3.657185
v -2.578827 23.880213 6.527578
v -2.578827 25.821949 5.430075
v -2.578827 20.840971 10.748745
v -2.578827 18.814812 16.996071
v -2.578827 19.152506 7.962774
v -2.578827 17.590673 13.872408
v -2.578827 15.775573 9.397971
v -2.578827 15.437880 8.384892
v -2.578827 15.184608 11.930671
v -2.578827 12.272004 11.086437
v -2.578827 5.475924 11.592978
v -2.578827 9.612669 8.469315
v -2.578827 7.206604 9.186913
v -2.578827 26.835030 5.514499
v -2.578827 27.468204 6.105462
v -2.578827 27.257149 1.799871
v -2.578827 29.367733 2.728528
v -2.578827 32.660244 3.572761
v -2.578827 28.101379 6.696425
v -2.578827 30.169752 10.094463
v -2.578827 31.457209 8.353232
v -2.578827 32.069279 6.612001
v -2.578827 27.900875 8.068304
v -2.578827 26.829084 6.649303
v -2.578827 26.628580 8.021182
v -2.578827 26.640123 6.023838
v -2.578827 25.980415 6.777790
v -2.578827 25.037975 8.709792
v -2.578827 24.284023 10.971648
v -2.578827 25.014414 9.982086
v -2.578827 26.286709 9.228134
v -2.578827 27.700369 9.440184
v -2.578827 25.948584 12.183942
v -2.578827 28.861191 11.550766
v -2.578827 26.919453 14.188995
v -2.578827 29.515472 10.822615
v -2.578827 30.045595 11.586484
v -2.578827 31.282547 12.271816
v -2.578827 30.873310 10.683488
v -2.578827 32.018635 11.207066
v -2.578827 31.500675 9.736200
v -2.578827 32.580555 10.170015
v -2.578827 30.813480 9.223848
v -2.578827 33.922222 10.006397
v -2.578827 32.673107 11.092533
v -2.578827 32.629635 12.051621
v -2.578827 33.693153 11.364426
v -2.578827 34.887566 10.333632
v -2.578827 36.114700 9.744608
v -2.578827 35.182079 9.760970
v -2.578827 25.146563 18.009151
v -2.578827 27.257149 -1.799871
v -2.578827 26.835030 -5.514499
v -2.578827 27.468204 -6.105462
v -2.578827 28.101379 -6.696425
v -2.578827 26.640123 -6.023838
v -2.578827 26.829084 -6.649303
v -2.578827 26.628580 -8.021182
v -2.578827 25.980415 -6.777790
v -2.578827 25.037975 -8.709792
v -2.578827 24.284023 -10.971648
v -2.578827 25.014414 -9.982086
v -2.578827 26.286709 -9.228134
v -2.578827 27.700369 -9.440184
v -2.578827 27.900875 -8.068304
v -2.578827 29.515472 -10.822615
v -2.578827 30.169752 -10.094463
v -2.578827 28.861191 -11.550766
v -2.578827 30.045595 -11.586484
v -2.578827 31.282547 -12.271816
v -2.578827 30.873310 -10.683488
v -2.578827 32.018635 -11.207066
v -2.578827 31.500675 -9.736200
v -2.578827 32.580555 -10.170015
v -2.578827 30.813480 -9.223848
v -2.578827 31.457209 -8.353232
v -2.578827 32.069279 -6.612001
v -2.578827 32.660244 -3.572761
v -2.578827 29.367733 -2.728528
v -2.578827 33.922222 -10.006397
v -2.578827 32.673107 -11.092533
v -2.578827 32.629635 -12.051621
v -2.578827 33.693153 -11.364426
v -2.578827 34.887566 -10.333632
v -2.578827 36.114700 -9.744608
v -2.578827 35.182079 -9.760970
v -2.578827 26.919453 -14.188995
v -2.578827 25.146563 -18.009151
v -2.578827 25.948584 -12.183942
v 2.578827 23.880213 -6.527578
v 2.578827 25.821949 -5.430075
v 2.578827 20.840971 -10.748745
v 3.533131 21.769630 -0.871215
v 2.578827 21.178667 -3.657185
v 2.578827 19.152506 -7.962774
v 2.578827 15.775573 -9.397971
v 2.578827 15.437880 -8.384892
v 2.578827 17.590673 -13.872408
v 2.578827 15.184608 -11.930671
v 2.578827 12.272004 -11.086437
v 2.578827 5.475924 -11.592978
v 2.578827 9.612669 -8.469315
v 2.578827 7.206604 -9.186913
v 2.578827 18.814812 -16.996071
v 4.436700 19.659046 -0.955638
v 2.578827 25.315413 0.000000
v 4.047544 21.769630 0.000000
v 5.325323 18.223850 0.000000
v 3.533131 21.769630 0.871215
v 4.436700 19.659046 0.955638
v 4.945395 18.561543 1.968718
v 4.945395 17.379616 1.040062
v 4.945395 15.100185 0.955638
v 4.945395 13.664989 1.208908
v 5.135359 14.678070 0.000000
v 4.945395 11.132289 0.000000
v 4.945395 13.664989 -1.208908
v 4.945395 15.100185 -0.955638
v 4.945395 17.379616 -1.040062
v 4.945395 18.561543 -1.968718
v 4.945395 12.398639 -2.053142
v 4.945395 12.398639 2.053142
v 2.578827 21.178667 3.657185
v 2.578827 23.880213 6.527578
v 2.578827 25.821949 5.430075
v 2.578827 20.840971 10.748745
v 2.578827 18.814812 16.996071
v 2.578827 19.152506 7.962774
v 2.578827 17.590673 13.872408
v 2.578827 15.775573 9.397971
v 2.578827 15.437880 8.384892
v 2.578827 15.184608 11.930671
v 2.578827 12.272004 11.086437
v 2.578827 5.475924 11.592978
v 2.578827 9.612669 8.469315
v 2.578827 7.206604 9.186913
v 2.578827 26.835030 5.514499
v 2.578827 27.468204 6.105462
v 2.578827 27.257149 1.799871
v 2.578827 29.367733 2.728528
v 2.578827 32.660244 3.572761
v 2.578827 28.101379 6.696425
v 2.578827 30.169752 10.094463
v 2.578827 31.457209 8.353232
v 2.578827 32.069279 6.612001
v 2.578827 27.900875 8.068304
v 2.578827 26.829084 6.649303
v 2.578827 26.628580 8.021182
v 2.578827 26.640123 6.023838
v 2.578827 25.980415 6.777790
v 2.578827 25.037975 8.709792
v 2.578827 24.284023 10.971648
v 2.578827 25.014414 9.982086
v 2.578827 26.286709 9.228134
v 2.578827 27.700369 9.440184
v 2.578827 25.948584 12.183942
v 2.578827 28.861191 11.550766
v 2.578827 26.919453 14.188995
v 2.578827 29.515472 10.822615
v 2.578827 30.045595 11.586484
v 2.578827 31.282547 12.271816
v 2.578827 30.873310 10.683488
v 2.578827 32.018635 11.207066
v 2.578827 31.500675 9.736200
v 2.578827 32.580555 10.170015
v 2.578827 30.813480 9.223848
v 2.578827 33.922222 10.006397
v 2.578827 32.673107 11.092533
v 2.578827 32.629635 12.051621
v 2.578827 33.693153 11.364426
v 2.578827 34.887566 10.333632
v 2.578827 36.114700 9.744608
v 2.578827 35.182079 9.760970
v 2.578827 25.146563 18.009151
v 2.578827 27.257149 -1.799871
v 2.578827 26.835030 -5.514499
v 2.578827 27.468204 -6.105462
v 2.578827 28.101379 -6.696425
v 2.578827 26.640123 -6.023838
v 2.578827 26.829084 -6.649303
v 2.578827 26.628580 -8.021182
v 2.578827 25.980415 -6.777790
v 2.578827 25.037975 -8.709792
v 2.578827 24.284023 -10.971648
v 2.578827 25.014414 -9.982086
v 2.578827 26.286709 -9.228134
v 2.578827 27.700369 -9.440184
v 2.578827 27.900875 -8.068304
v 2.578827 29.515472 -10.822615
v 2.578827 30.169752 -10.094463
v 2.578827 28.861191 -11.550766
v 2.578827 30.045595 -11.586484
v 2.578827 31.282547 -12.271816
v 2.578827 30.873310 -10.683488
v 2.578827 32.018635 -11.207066
v 2.578827 31.500675 -9.736200
v 2.578827 32.580555 -10.170015
v 2.578827 30.813480 -9.223848
v 2.578827 31.457209 -8.353232
v 2.578827 32.069279 -6.612001
v 2.578827 32.660244 -3.572761
v 2.578827 29.367733 -2.728528
v 2.578827 33.922222 -10.006397
v 2.578827 32.673107 -11.092533
v 2.578827 32.629635 -12.051621
v 2.578827 33.693153 -11.364426
v 2.578827 34.887566 -10.333632
v 2.578827 36.114700 -9.744608
v 2.578827 35.182079 -9.760970
v 2.578827 26.919453 -14.188995
v 2.578827 25.146563 -18.009151
v 2.578827 25.948584 -12.183942
v 1.885760 21.564569 -0.001520
v 0.174234 20.784138 -6.201823
v 1.885760 23.742317 0.000000
v 0.915874 23.159395 -6.235406
v 1.885760 24.368353 0.000000
v 1.885760 21.564569 0.001520
v 0.915874 23.159395 6.235406
v 0.174234 20.784138 6.201823
v 0.566079 23.516869 10.714617
v 0.927212 23.979412 6.235406
v 0.942880 27.542894 6.201823
v 0.566079 23.894119 10.343718
v 0.942880 25.265907 10.302022
v 0.000000 23.791151 11.163287
v 0.000000 24.863947 11.355829
v 0.000000 23.687880 11.553855
v -0.566079 23.894119 10.343718
v -0.942880 25.265907 10.302022
v -0.566079 23.516869 10.714617
v -0.927212 23.979412 6.235406
v -0.942880 27.542894 6.201823
v -0.915874 23.159395 6.235406
v -1.885760 24.368353 0.000000
v -1.885760 27.663788 0.012790
v -1.885760 23.742317 0.000000
v -0.927212 23.979412 -6.235406
v -1.885760 27.663788 -0.012790
v -1.885760 31.284479 -0.012790
v -1.885760 34.905170 -0.012790
v -0.942880 31.102123 6.201766
v -0.942880 34.661350 6.201708
v -0.743392 31.060091 8.374887
v -0.806521 32.199730 7.213288
v 0.000000 32.099236 9.070417
v 0.000000 34.567890 8.035040
v 0.806521 32.199730 7.213288
v 0.000000 30.956341 9.820749
v 0.000000 29.813444 10.800644
v 0.743392 31.060091 8.374887
v 0.680264 29.920452 10.011473
v 0.942880 31.102123 6.201766
v 0.942880 34.661350 6.201708
v 1.885760 31.284479 -0.012790
v 1.885760 34.905170 -0.012790
v 1.885760 27.663788 -0.012790
v 1.885760 39.606983 0.000000
v 1.885760 44.511585 0.012791
v 1.885760 34.905170 0.012790
v 0.942880 39.340290 -5.595591
v 1.885760 44.511585 -0.012791
v 0.942880 39.340290 5.595591
v 0.942880 44.221035 5.731594
v 0.000000 39.221966 6.640813
v 0.000000 44.076778 6.600106
v -0.942880 39.340290 5.595591
v -0.942880 44.221035 5.379829
v -1.885760 39.606983 0.000000
v -1.885760 44.511585 0.012791
v -1.885760 34.905170 0.012790
v -0.942880 39.340290 -5.595591
v -1.885760 44.511585 -0.012791
v -1.885760 62.496082 0.000000
v -0.942880 62.205532 -5.495113
v -1.859943 71.515167 0.005213
v -0.942880 62.205532 5.495113
v 0.000000 62.061275 7.002356
v -0.942880 71.211288 6.616713
v 0.000000 71.067032 8.058453
v -0.942880 73.027908 6.558512
v -0.942880 76.741928 7.187026
v 0.000000 72.863533 7.591537
v -1.885760 73.123787 4.905409
v -1.885760 77.500481 4.973265
v -1.885760 80.553986 4.837554
v -1.885760 80.655769 0.053730
v -1.885760 82.575394 1.684127
v -1.885760 84.799942 -0.462677
v -1.885760 82.739990 -6.052356
v -1.885760 79.035072 -5.319515
v -0.723380 78.902565 -7.681630
v -1.885760 72.928062 -4.586673
v -0.942880 71.218285 -6.606287
v 0.000000 71.846237 -7.743274
v 0.942880 71.217430 -6.606287
v 0.000000 62.061275 -5.595298
v -0.942880 71.216576 -6.606287
v 0.000000 78.789009 -8.788076
v 0.000000 82.172287 -9.557558
v 0.723380 78.902565 -7.681630
v 0.723380 82.566772 -8.333044
v 1.885760 79.035072 -5.319515
v 1.885760 82.739990 -6.052356
v 1.885760 80.655769 0.053730
v 1.885760 72.928062 -4.586673
v 1.859943 71.515167 0.005213
v 1.885760 62.496082 0.000000
v 0.942880 71.211288 6.616713
v 1.885760 77.500481 4.973265
v 1.885760 73.123787 4.905409
v 0.942880 73.027908 6.558512
v 0.942880 76.741928 7.187026
v 0.942880 78.232826 7.610740
v 0.000000 76.274864 8.047188
v 0.000000 77.668015 8.691495
v 0.000000 78.244789 9.505761
v -0.942880 78.232826 7.610740
v -0.942880 79.379982 9.334640
v -0.942880 79.464409 12.289453
v -0.942880 83.601143 12.458299
v -1.885760 82.617203 6.947133
v -1.885760 83.845848 8.175787
v 0.000000 83.201241 6.569445
v 0.000000 86.181458 7.497710
v 1.885760 82.617203 6.947133
v 0.000000 81.267357 4.839126
v 1.885760 80.553986 4.837554
v 0.000000 83.099457 2.260611
v 0.000000 86.186890 -0.114337
v 1.885760 82.575394 1.684127
v 1.885760 86.012741 -0.653376
v 1.885760 88.204102 -2.150943
v 1.885760 86.322769 -6.948051
v 1.885760 84.799942 -0.462677
v 1.885760 84.897797 -6.825911
v 0.723380 84.561729 -9.310165
v 0.723380 85.945984 -11.508689
v 0.000000 84.187599 -10.717888
v 0.000000 85.384567 -13.624821
v -0.723380 84.561729 -9.310165
v -0.723380 85.945984 -11.508689
v -1.885760 84.897797 -6.825911
v -0.723380 82.566772 -8.333044
v -1.885760 86.322769 -6.948051
v -1.885760 88.521294 -7.110905
v -1.885760 86.012741 -0.653376
v -1.885760 88.204102 -2.150943
v -1.885760 91.020744 -0.412278
v 0.000000 88.306992 -0.948357
v 0.000000 90.831223 0.598751
v 0.000000 92.907608 2.430853
v 1.885760 91.020744 -0.412278
v 1.885760 93.188278 1.419116
v 1.885760 92.877625 -5.685936
v 1.885760 97.600380 -2.713858
v 1.885760 88.521294 -7.110905
v 0.723380 94.577225 -8.943745
v 0.723380 98.892845 -5.930953
v 0.000000 95.143555 -10.058332
v 0.723380 89.528763 -11.101555
v 0.000000 90.166351 -12.427849
v -0.723380 89.528763 -11.101555
v -0.723380 94.577225 -8.943745
v -0.723380 98.892845 -5.930953
v -1.885760 92.877625 -5.685936
v -1.885760 97.600380 -2.713858
v -1.885760 103.096687 0.991062
v -1.885760 93.188278 1.419116
v -1.885760 96.039696 4.994546
v -1.885760 99.805687 2.585670
v -0.544745 101.050652 5.428081
v -0.544745 98.607849 7.260182
v -0.544745 103.574883 2.903852
v 0.000000 101.417473 6.452261
v 0.000000 98.974670 8.029902
v 0.000000 104.065262 3.615641
v 0.544745 101.050652 5.428081
v 0.544745 98.607849 7.260182
v 0.544745 103.574883 2.903852
v 1.885760 99.805687 2.585670
v 1.885760 96.039696 4.994546
v 1.885760 103.096687 0.991062
v 0.544745 106.628387 2.048871
v 0.723380 102.760620 -2.348173
v 0.636743 104.662315 -0.299507
v 0.000000 103.363579 -3.006783
v 0.000000 105.308708 -0.468426
v 0.000000 99.416428 -6.654698
v -0.723380 102.760620 -2.348173
v -0.636743 104.662315 -0.299507
v -0.544745 106.628387 2.048871
v 0.000000 107.320908 2.399947
v 1.885760 92.817368 8.338064
v 0.000000 95.472549 5.117936
v 0.544745 96.735031 9.825125
v 0.544745 96.735031 12.878628
v 0.000000 97.617561 9.811110
v 1.625875 93.966522 10.802245
v 0.544745 92.522453 13.027537
v 1.625875 90.098747 12.023646
v 0.544745 89.835373 15.809990
v 1.625875 88.213875 12.023646
v 1.755817 90.166527 9.547457
v 1.625875 88.194244 9.569377
v 1.755817 86.331055 9.438046
v 0.000000 90.342667 7.764306
v 0.000000 88.238884 5.428699
v 0.000000 92.500473 7.723592
v -1.885760 92.817368 8.338064
v -1.625875 88.194244 9.569377
v -1.625875 88.213875 12.023646
v -1.755817 90.166527 9.547457
v -1.755817 86.331055 9.438046
v -0.942880 86.202278 12.005926
v -0.942880 86.145729 15.144249
v 0.000000 84.928566 15.782400
v -0.942880 85.976089 16.218630
v -0.942880 88.068298 15.497665
v -0.942880 89.835373 16.746397
v -0.737890 87.974060 17.838737
v -0.544745 89.835373 15.809990
v 0.000000 90.526657 16.087749
v -0.544745 92.522453 13.027537
v -1.625875 90.098747 12.023646
v -1.625875 93.966522 10.802245
v -0.544745 96.735031 12.878628
v -0.544745 96.735031 9.825125
v 0.000000 97.481850 13.441382
v 0.000000 92.969460 13.678877
v 0.000000 91.442703 17.207365
v 0.942880 89.835373 16.746397
v 0.942880 91.107666 18.089373
v 0.942880 88.068298 15.497665
v 0.737890 87.974060 17.838737
v 0.777853 86.230545 18.961128
v 0.000000 87.914215 19.152557
v 0.815762 89.906059 19.691519
v 0.942880 85.976089 16.218630
v 0.942880 86.145729 15.144249
v 0.942880 85.127892 17.293011
v 0.000000 84.385719 16.630594
v 0.942880 83.871696 17.329704
v 0.942880 82.693588 17.035381
v 0.663584 85.004990 19.813482
v 0.000000 83.571251 16.615509
v 0.000000 82.739540 16.408337
v -0.942880 83.871696 17.329704
v -0.942880 82.693588 17.035381
v -0.942880 85.127892 17.293011
v -0.663584 85.004990 19.813482
v -0.777853 86.230545 18.961128
v -0.721443 83.855598 21.336075
v 0.000000 84.922234 21.733711
v 0.000000 86.217827 20.566216
v 0.000000 83.707169 23.551861
v 0.000000 80.512299 20.945076
v 0.721443 83.855598 21.336075
v 0.715581 81.141373 19.526592
v 0.852959 79.807487 18.421352
v 0.680136 78.568512 16.784096
v 0.000000 79.178421 19.521393
v 0.942880 80.971733 16.755821
v 0.000000 81.094727 15.884183
v 0.675464 78.794693 15.667305
v 0.476320 76.730759 13.956779
v 0.000000 78.951614 14.990751
v 0.000000 76.921608 13.475311
v -0.675464 78.794693 15.667305
v -0.476320 76.730759 13.956779
v -0.942880 80.971733 16.755821
v -0.680136 78.568512 16.784096
v 0.000000 77.939445 17.546644
v -0.852959 79.807487 18.421352
v -0.715581 81.141373 19.526592
v 0.000000 76.158234 14.481835
v 0.000000 75.394859 12.661045
v 0.000000 87.744576 22.567955
v 0.000000 89.339180 20.634071
v 0.000000 91.917694 23.687571
v -0.815762 89.906059 19.691519
v -0.942880 91.107666 18.089373
v -0.731299 92.083092 22.179558
v -0.731299 94.403748 20.449238
v -0.731299 92.815933 18.393215
v -0.731299 96.765129 17.538235
v 0.000000 94.971191 16.291315
v 0.000000 100.297852 13.611020
v 0.000000 97.380066 18.516977
v 0.000000 94.913513 21.285482
v 0.731299 96.765129 17.538235
v 0.731299 92.815933 18.393215
v 0.731299 94.403748 20.449238
v 0.731299 92.083092 22.179558
v 0.942880 83.601143 12.458299
v 0.942880 86.202278 12.005926
v 0.942880 79.464409 12.289453
v 0.000000 82.825043 13.475311
v 1.885760 83.845848 8.175787
v 0.942880 79.379982 9.334640
v 0.000000 78.380501 13.237817
v 0.942880 62.205532 5.846877
v 0.942880 62.205532 -4.439820
v 0.942880 44.221035 -4.324536
v 0.000000 44.076778 -5.193049
v 0.000000 39.221966 -6.640813
v -0.942880 44.221035 -5.379829
v 0.000000 34.567890 -8.035040
v 0.942880 34.661350 -6.201708
v 0.000000 32.099236 -9.070417
v -0.942880 34.661350 -6.201708
v -0.806521 32.199730 -7.213288
v -0.942880 31.102123 -6.201766
v -0.942880 27.542894 -6.201823
v -0.743392 31.060091 -8.374887
v -1.885760 31.284479 0.012790
v -0.680264 29.920452 -10.011473
v 0.000000 30.956341 -9.820749
v 0.000000 29.813444 -10.800644
v 0.743392 31.060091 -8.374887
v 0.680264 29.920452 -10.011473
v 0.806521 32.199730 -7.213288
v 0.942880 31.102123 -6.201766
v 0.942880 27.542894 -6.201823
v 1.885760 31.284479 0.012790
v 1.885760 27.663788 0.012790
v 0.927212 23.979412 -6.235406
v 0.942880 26.518858 -11.419519
v 0.942880 25.265907 -10.302022
v 0.000000 24.863947 -11.355829
v 0.566079 23.894119 -10.343718
v 0.566079 23.516869 -10.714617
v 0.000000 23.791151 -11.163287
v 0.000000 23.687880 -11.553855
v -0.566079 23.894119 -10.343718
v -0.942880 25.265907 -10.302022
v -0.566079 23.516869 -10.714617
v -0.566079 21.381458 -10.835060
v -0.915874 23.159395 -6.235406
v -0.174234 20.784138 -6.201823
v -1.885760 21.564569 -0.001520
v 0.000000 21.837120 -11.407965
v 0.566079 21.381458 -10.835060
v -0.942880 26.518858 -11.419519
v -0.471440 29.046604 -11.211673
v 0.000000 25.059002 -19.212351
v 0.471440 29.046604 -11.211673
v 0.471440 29.046604 11.211673
v 0.942880 26.518858 11.419519
v 0.000000 25.059002 19.212351
v -0.942880 26.518858 11.419519
v -0.471440 29.046604 11.211673
v -0.680264 29.920452 10.011473
v -1.885760 21.564569 0.001520
v -0.174234 20.784138 6.201823
v -0.566079 21.381458 10.835060
v 0.000000 21.837120 11.407965
v 0.566079 21.381458 10.835060
v 0.000000 1.257218 -2.250113
v 0.992302 1.253250 -2.174205
v 1.879217 1.274672 0.000000
v 0.000000 7.249591 -1.973306
v 1.990141 7.267045 0.000000
v 1.021553 7.245624 -1.586148
v 0.000000 6.274909 -2.384096
v 2.381709 6.292363 0.000000
v 1.190854 6.270942 -2.330614
v 0.000000 5.279120 -2.425516
v 1.990141 5.296575 0.000000
v 1.021553 5.275153 -2.164921
v 0.000000 4.258445 -2.305340
v 2.381709 4.275899 0.000000
v 1.190854 4.254478 -2.251858
v 0.000000 3.272107 -1.866609
v 1.990141 3.289561 0.000000
v 0.896554 3.268140 -1.400896
v 0.000000 2.247021 -2.210833
v 2.381709 2.264476 0.000000
v 1.190854 2.243054 -2.157351
v 0.000000 8.258925 -2.494985
v 2.381709 8.276380 0.000000
v 0.948694 8.254959 -2.289487
v 0.000000 -1.266658 -2.632441
v 1.635203 -1.270624 -2.378723
v 2.787455 -1.249203 0.000000
v 0.000000 13.160370 -2.592969
v 2.381709 13.177824 0.000000
v 1.190854 13.156404 -2.539487
v 0.000000 11.265833 -2.673791
v 1.190854 11.261867 -2.225239
v 2.381709 11.283287 0.000000
v 1.409157 10.026052 -2.227978
v 2.600011 10.047473 0.000000
v 0.000000 10.030018 -2.514160
v 1.065641 9.315094 -2.014434
v 2.129839 9.336515 0.000000
v 0.000000 9.319061 -2.166008
v 0.000000 -1.746392 -3.055735
v 1.635203 -1.750358 -2.802017
v 2.787455 -1.728936 0.000000
v 0.000000 -3.720177 -3.027515
v 1.635203 -3.846625 -2.773798
v 2.787455 -3.825203 0.000000
v 0.000000 13.375937 -3.024103
v 2.713293 13.393391 0.000000
v 1.190854 13.371970 -2.970620
v 0.000000 14.293075 -2.788939
v 2.713293 14.310529 0.000000
v 1.190854 14.289108 -2.735457
v 0.000000 15.704057 -3.871863
v 3.066843 15.721511 0.000000
v 1.190854 15.700090 -3.270419
v 0.000000 16.338999 -3.062218
v 2.713293 16.356453 0.000000
v 1.190854 16.335032 -2.900071
v 0.000000 17.081175 -2.530259
v 2.306930 17.098629 0.000000
v 1.190854 17.077208 -2.075514
v 0.000000 18.258875 -3.165201
v 2.713293 18.276329 0.000000
v 1.190854 18.254910 -3.111719
v 0.000000 -4.046793 -3.218041
v 0.000000 -2.998900 -3.639921
v 0.000000 -1.964615 -5.273002
v 0.000000 -2.386494 -4.265935
v 0.000000 -3.509238 -3.306500
v 0.000000 -3.366343 -4.755859
v 0.000000 -2.883223 -4.674205
v 0.000000 -2.767547 -6.525031
v 0.000000 -3.169012 -5.606422
v 0.000000 -1.229728 -7.777060
v 0.000000 -2.141532 -7.171459
v 0.000000 8.517591 -7.817887
v 0.000000 7.083310 -9.035893
v 0.000000 5.465906 -9.631288
v 0.000000 3.696734 -9.983421
v 0.000000 0.716361 -8.989113
v 0.000000 2.002413 -9.717620
v 0.000000 8.094296 -9.652164
v 0.000000 6.941994 -10.945564
v 0.000000 7.635727 -10.439962
v 0.000000 6.118920 -11.556990
v 0.000000 7.718034 -11.651055
v 0.000000 10.116704 -10.780950
v 0.000000 12.441967 -7.474547
v 0.000000 11.722740 -9.534582
v 0.000000 8.917369 -11.404134
v 0.000000 -6.930725 -4.080308
v 0.000000 -9.161604 -5.452097
v 0.000000 -10.337423 -7.646958
v 0.000000 -8.028900 -4.491845
v 0.000000 -9.874935 -6.353558
v 0.087201 -11.285507 0.000000
v 0.000000 -8.946854 -1.589424
v 0.000000 -6.151509 -7.482344
v 0.000000 -8.409081 -7.141356
v 0.000000 -7.421393 -6.841523
v 0.000000 2.341479 -15.000061
v 0.000000 -4.465102 -9.981477
v 0.000000 -1.264993 -13.100313
v 0.000000 8.193109 -16.097240
v 0.000000 5.673656 -15.914377
v 0.000000 14.036654 -14.055265
v 0.000000 11.504968 -15.020378
v 0.000000 18.587921 -14.227970
v 0.000000 18.624601 -2.677566
v 2.713293 18.642056 0.000000
v 1.190854 18.620636 -2.624083
v 0.000000 19.620829 -2.799474
v 2.713293 19.638283 0.000000
v 1.190854 19.616863 -2.745992
v 0.000000 20.311646 -3.774746
v 2.713293 20.329100 0.000000
v 1.440496 20.307680 -3.721263
v 0.000000 21.168966 -17.885239
v 0.000000 19.015242 -15.162605
v 0.000000 14.326895 -7.629756
v 0.000000 16.471588 -8.532785
v 0.000000 18.277647 -8.843202
v 0.000000 18.247810 -7.488658
v 0.608741 12.154289 -12.784681
v 0.451348 15.370879 -13.157959
v 0.451348 18.531481 -13.722352
v 0.451348 19.173641 -14.885426
v 0.451348 21.171965 -17.449989
v 0.451348 11.424022 -14.516079
v 0.451348 8.069020 -15.621812
v 0.451348 5.635728 -15.458504
v 0.451348 2.483880 -14.560308
v 0.451348 -0.978255 -12.780249
v 0.451348 -4.048449 -9.742716
v 0.451348 -5.730523 -7.325754
v 0.451348 -7.232959 -6.460220
v 0.451348 -8.441440 -6.770506
v 0.174401 -9.992868 -7.227769
v 0.174401 -8.882373 -5.692671
v 0.174401 -7.804539 -5.026374
v 0.174401 -6.511137 -4.497255
v 0.174401 -6.550331 -3.850555
v 0.174401 -8.755810 -1.420528
v 1.210002 -8.670937 0.000000
v 1.498441 -7.677478 0.000000
v 2.175614 -7.092290 0.000000
v 2.823029 -6.139658 0.000000
v 3.669338 -4.465748 0.000000
v 3.094930 -2.391188 0.000000
v 1.180579 -7.677478 -1.442557
v 1.896376 -7.037854 -1.456165
v 2.823029 -6.106997 -1.502436
v 2.441072 -5.649734 -2.949413
v 1.133178 -5.633403 -4.654286
v 3.408217 -4.465748 -1.665745
v 2.237645 -4.678049 -2.939549
v 3.267762 -3.782575 -0.646701
v 3.218220 -3.302449 -0.323350
v 3.143598 -3.860963 -1.234611
v 0.488528 -4.633956 -5.046227
v 0.488528 -4.586924 -7.092154
v 0.488528 -3.136746 -8.706946
v 0.364970 -3.537674 -3.694775
v 0.322768 -2.998984 -4.016099
v 0.282997 -2.488646 -4.450831
v 0.117758 -2.167321 -5.017874
v 0.000000 -2.272707 -5.049209
v 0.282997 -2.866675 -4.469733
v 0.282997 -3.669986 -4.649296
v 0.148131 -3.341101 -5.749360
v 0.124265 -2.887467 -6.690651
v 0.124265 -2.229697 -7.382443
v 0.124265 -1.277064 -8.062895
v 0.124265 0.616860 -9.310390
v 0.124265 2.023128 -10.013522
v 0.124265 3.712916 -10.228999
v 0.124265 5.516113 -9.945477
v 0.124265 7.160539 -9.310390
v 0.124265 8.317307 -8.210326
v 0.124265 7.943058 -9.548548
v 0.124265 7.485794 -10.267105
v 0.124265 6.832560 -10.691708
v 0.124265 5.869040 -11.328610
v 0.208542 5.599988 -11.792316
v 0.140581 6.082238 -11.873577
v 0.140581 7.755803 -11.978585
v 0.140581 8.969959 -11.716064
v 0.140581 10.243767 -11.128154
v 0.140581 11.942175 -9.887009
v 0.140581 12.542719 -7.902809
v 0.353563 14.337440 -8.155937
v 0.478278 16.395128 -8.956149
v 0.478278 18.394026 -9.497027
v 0.478278 18.820412 -8.156590
v 0.478278 19.855133 -6.087144
v 0.000000 19.350277 -5.796317
v 2.472424 21.526772 -3.621828
v 1.380453 20.848558 -12.657509
v 0.000000 20.740307 -12.670177
v 0.000000 10.289185 -15.251080
v 0.451348 10.192402 -14.757379
v 0.766134 10.833894 -12.822117
v 0.766134 9.581181 -13.236721
v 0.766134 7.912412 -13.800199
v 0.928678 18.458952 -11.492813
v 0.928678 15.911335 -10.940828
v 0.862870 13.465991 -10.798502
v 0.895711 5.874321 -13.780602
v 0.292819 7.513828 -9.425343
v 0.292819 7.023902 -9.928877
v 0.292819 6.452322 -10.323539
v 0.292819 5.390817 -10.922337
v 0.292819 5.009763 -11.480308
v 0.895711 5.166651 -13.617293
v 0.000000 6.451406 -9.363105
v 0.071443 6.515556 -9.656814
v 0.292819 3.461597 -10.872800
v 0.292819 1.972223 -10.598441
v 0.000000 4.639997 -15.733039
v 0.451348 4.691945 -15.285200
v 0.895711 3.108962 -12.833412
v 0.488528 -1.980520 -9.647604
v 0.000000 -2.866502 -11.876609
v 0.451348 -2.508382 -11.601215
v 0.488528 -0.118802 -10.921411
v 0.000000 0.556038 -14.338115
v 0.451348 0.763620 -13.952413
v 0.711829 1.494543 -12.165932
v 0.000000 22.388058 -18.873781
v 0.926774 22.391056 -17.401226
v 1.851102 22.067650 -12.608746
v 3.607316 21.596956 0.000000
v 0.000000 23.549305 -17.172710
v 0.000000 22.900637 -18.017576
v 0.000000 23.447714 -12.804312
v 0.000000 23.142942 -3.457972
v 2.594151 23.357861 0.000000
v 1.632333 25.733013 0.000000
v -0.992302 1.253250 -2.174205
v -1.879217 1.274672 0.000000
v -1.990141 7.267045 0.000000
v -1.021553 7.245624 -1.586148
v -2.381709 6.292363 0.000000
v -1.190854 6.270942 -2.330614
v -1.990141 5.296575 0.000000
v -1.021553 5.275153 -2.164921
v -2.381709 4.275899 0.000000
v -1.190854 4.254478 -2.251858
v -1.990141 3.289561 0.000000
v -0.896554 3.268140 -1.400896
v -2.381709 2.264476 0.000000
v -1.190854 2.243054 -2.157351
v -2.381709 8.276380 0.000000
v -0.948694 8.254959 -2.289487
v -1.635203 -1.270624 -2.378723
v -2.787455 -1.249203 0.000000
v -2.381709 13.177824 0.000000
v -1.190854 13.156404 -2.539487
v -1.190854 11.261867 -2.225239
v -2.381709 11.283287 0.000000
v -1.409157 10.026052 -2.227978
v -2.600011 10.047473 0.000000
v -1.065641 9.315094 -2.014434
v -2.129839 9.336515 0.000000
v -1.635203 -1.750358 -2.802017
v -2.787455 -1.728936 0.000000
v -1.635203 -3.846625 -2.773798
v -2.787455 -3.825203 0.000000
v -2.713293 13.393391 0.000000
v -1.190854 13.371970 -2.970620
v -2.713293 14.310529 0.000000
v -1.190854 14.289108 -2.735457
v -3.066843 15.721511 0.000000
v -1.190854 15.700090 -3.270419
v -2.713293 16.356453 0.000000
v -1.190854 16.335032 -2.900071
v -2.306930 17.098629 0.000000
v -1.190854 17.077208 -2.075514
v -2.713293 18.276329 0.000000
v -1.190854 18.254910 -3.111719
v -0.087201 -11.285507 0.000000
v -2.713293 18.642056 0.000000
v -1.190854 18.620636 -2.624083
v -2.713293 19.638283 0.000000
v -1.190854 19.616863 -2.745992
v -2.713293 20.329100 0.000000
v -1.440496 20.307680 -3.721263
v -0.608741 12.154289 -12.784681
v -0.451348 15.370879 -13.157959
v -0.451348 18.531481 -13.722352
v -0.451348 19.173641 -14.885426
v -0.451348 21.171965 -17.449989
v -0.451348 11.424022 -14.516079
v -0.451348 8.069020 -15.621812
v -0.451348 5.635728 -15.458504
v -0.451348 2.483880 -14.560308
v -0.451348 -0.978255 -12.780249
v -0.451348 -4.048449 -9.742716
v -0.451348 -5.730523 -7.325754
v -0.451348 -7.232959 -6.460220
v -0.451348 -8.441440 -6.770506
v -0.174401 -9.992868 -7.227769
v -0.174401 -8.882373 -5.692671
v -0.174401 -7.804539 -5.026374
v -0.174401 -6.511137 -4.497255
v -0.174401 -6.550331 -3.850555
v -0.174401 -8.755810 -1.420528
v -1.210002 -8.670937 0.000000
v -1.498441 -7.677478 0.000000
v -2.175614 -7.092290 0.000000
v -2.823029 -6.139658 0.000000
v -3.669338 -4.465748 0.000000
v -3.094930 -2.391188 0.000000
v -1.180579 -7.677478 -1.442557
v -1.896376 -7.037854 -1.456165
v -2.823029 -6.106997 -1.502436
v -2.441072 -5.649734 -2.949413
v -1.133178 -5.633403 -4.654286
v -3.408217 -4.465748 -1.665745
v -2.237645 -4.678049 -2.939549
v -3.267762 -3.782575 -0.646701
v -3.218220 -3.302449 -0.323350
v -3.143598 -3.860963 -1.234611
v -0.488528 -4.633956 -5.046227
v -0.488528 -4.586924 -7.092154
v -0.488528 -3.136746 -8.706946
v -0.364970 -3.537674 -3.694775
v -0.322768 -2.998984 -4.016099
v -0.282997 -2.488646 -4.450831
v -0.117758 -2.167321 -5.017874
v -0.282997 -2.866675 -4.469733
v -0.282997 -3.669986 -4.649296
v -0.148131 -3.341101 -5.749360
v -0.124265 -2.887467 -6.690651
v -0.124265 -2.229697 -7.382443
v -0.124265 -1.277064 -8.062895
v -0.124265 0.616860 -9.310390
v -0.124265 2.023128 -10.013522
v -0.124265 3.712916 -10.228999
v -0.124265 5.516113 -9.945477
v -0.124265 7.160539 -9.310390
v -0.124265 8.317307 -8.210326
v -0.124265 7.943058 -9.548548
v -0.124265 7.485794 -10.267105
v -0.124265 6.832560 -10.691708
v -0.124265 5.869040 -11.328610
v -0.208542 5.599988 -11.792316
v -0.140581 6.082238 -11.873577
v -0.140581 7.755803 -11.978585
v -0.140581 8.969959 -11.716064
v -0.140581 10.243767 -11.128154
v -0.140581 11.942175 -9.887009
v -0.140581 12.542719 -7.902809
v -0.353563 14.337440 -8.155937
v -0.478278 16.395128 -8.956149
v -0.478278 18.394026 -9.497027
v -0.478278 18.820412 -8.156590
v -0.478278 19.855133 -6.087144
v -2.472424 21.526772 -3.621828
v -1.380453 20.848558 -12.657509
v -0.451348 10.192402 -14.757379
v -0.766134 10.833894 -12.822117
v -0.766134 9.581181 -13.236721
v -0.766134 7.912412 -13.800199
v -0.928678 18.458952 -11.492813
v -0.928678 15.911335 -10.940828
v -0.862870 13.465991 -10.798502
v -0.895711 5.874321 -13.780602
v -0.292819 7.513828 -9.425343
v -0.292819 7.023902 -9.928877
v -0.292819 6.452322 -10.323539
v -0.292819 5.390817 -10.922337
v -0.292819 5.009763 -11.480308
v -0.895711 5.166651 -13.617293
v -0.071443 6.515556 -9.656814
v -0.292819 3.461597 -10.872800
v -0.292819 1.972223 -10.598441
v -0.451348 4.691945 -15.285200
v -0.895711 3.108962 -12.833412
v -0.488528 -1.980520 -9.647604
v -0.451348 -2.508382 -11.601215
v -0.488528 -0.118802 -10.921411
v -0.451348 0.763620 -13.952413
v -0.711829 1.494543 -12.165932
v -0.926774 22.391056 -17.401226
v -1.851102 22.067650 -12.608746
v -3.607316 21.596956 0.000000
v -2.594151 23.357861 0.000000
v -1.632333 25.733013 0.000000
v 0.000000 1.257218 2.250113
v 0.992302 1.253250 2.174205
v 0.000000 7.249591 1.973306
v 1.021553 7.245624 1.586148
v 0.000000 6.274909 2.384096
v 1.190854 6.270942 2.330614
v 0.000000 5.279120 2.425516
v 1.021553 5.275153 2.164921
v 0.000000 4.258445 2.305340
v 1.190854 4.254478 2.251858
v 0.000000 3.272107 1.866609
v 0.896554 3.268140 1.400896
v 0.000000 2.247021 2.210833
v 1.190854 2.243054 2.157351
v 0.000000 8.258925 2.494985
v 0.948694 8.254959 2.289487
v 0.000000 -1.266658 2.632441
v 1.635203 -1.270624 2.378723
v 0.000000 13.160370 2.592969
v 1.190854 13.156404 2.539487
v 0.000000 11.265833 2.673791
v 1.190854 11.261867 2.225239
v 1.409157 10.026052 2.227978
v 0.000000 10.030018 2.514160
v 1.065641 9.315094 2.014434
v 0.000000 9.319061 2.166008
v 0.000000 -1.746392 3.055735
v 1.635203 -1.750358 2.802017
v 0.000000 -3.720177 3.027515
v 1.635203 -3.846625 2.773798
v 0.000000 13.375937 3.024103
v 1.190854 13.371970 2.970620
v 0.000000 14.293075 2.788939
v 1.190854 14.289108 2.735457
v 0.000000 15.704057 3.871863
v 1.190854 15.700090 3.270419
v 0.000000 16.338999 3.062218
v 1.190854 16.335032 2.900071
v 0.000000 17.081175 2.530259
v 1.190854 17.077208 2.075514
v 0.000000 18.258875 3.165201
v 1.190854 18.254910 3.111719
v 0.000000 -4.046793 3.218041
v 0.000000 -2.998900 3.639921
v 0.000000 -1.964615 5.273002
v 0.000000 -2.386494 4.265935
v 0.000000 -3.509238 3.306500
v 0.000000 -3.366343 4.755859
v 0.000000 -2.883223 4.674205
v 0.000000 -2.767547 6.525031
v 0.000000 -3.169012 5.606422
v 0.000000 -1.229728 7.777060
v 0.000000 -2.141532 7.171459
v 0.000000 8.517591 7.817887
v 0.000000 7.083310 9.035893
v 0.000000 5.465906 9.631288
v 0.000000 3.696734 9.983421
v 0.000000 0.716361 8.989113
v 0.000000 2.002413 9.717620
v 0.000000 8.094296 9.652164
v 0.000000 6.941994 10.945564
v 0.000000 7.635727 10.439962
v 0.000000 6.118920 11.556990
v 0.000000 7.718034 11.651055
v 0.000000 10.116704 10.780950
v 0.000000 12.441967 7.474547
v 0.000000 11.722740 9.534582
v 0.000000 8.917369 11.404134
v 0.000000 -6.930725 4.080308
v 0.000000 -9.161604 5.452097
v 0.000000 -10.337423 7.646958
v 0.000000 -8.028900 4.491845
v 0.000000 -9.874935 6.353558
v 0.000000 -8.946854 1.589424
v 0.000000 -6.151509 7.482344
v 0.000000 -8.409081 7.141356
v 0.000000 -7.421393 6.841523
v 0.000000 2.341479 15.000061
v 0.000000 -4.465102 9.981477
v 0.000000 -1.264993 13.100313
v 0.000000 8.193109 16.097240
v 0.000000 5.673656 15.914377
v 0.000000 14.036654 14.055265
v 0.000000 11.504968 15.020378
v 0.000000 18.587921 14.227970
v 0.000000 18.624601 2.677566
v 1.190854 18.620636 2.624083
v 0.000000 19.620829 2.799474
v 1.190854 19.616863 2.745992
v 0.000000 20.311646 3.774746
v 1.440496 20.307680 3.721263
v 0.000000 21.168966 17.885239
v 0.000000 19.015242 15.162605
v 0.000000 14.326895 7.629756
v 0.000000 16.471588 8.532785
v 0.000000 18.277647 8.843202
v 0.000000 18.247810 7.488658
v 0.608741 12.154289 12.784681
v 0.451348 15.370879 13.157959
v 0.451348 18.531481 13.722352
v 0.451348 19.173641 14.885426
v 0.451348 21.171965 17.449989
v 0.451348 11.424022 14.516079
v 0.451348 8.069020 15.621812
v 0.451348 5.635728 15.458504
v 0.451348 2.483880 14.560308
v 0.451348 -0.978255 12.780249
v 0.451348 -4.048449 9.742716
v 0.451348 -5.730523 7.325754
v 0.451348 -7.232959 6.460220
v 0.451348 -8.441440 6.770506
v 0.174401 -9.992868 7.227769
v 0.174401 -8.882373 5.692671
v 0.174401 -7.804539 5.026374
v 0.174401 -6.511137 4.497255
v 0.174401 -6.550331 3.850555
v 0.174401 -8.755810 1.420528
v 1.180579 -7.677478 1.442557
v 1.896376 -7.037854 1.456165
v 2.823029 -6.106997 1.502436
v 2.441072 -5.649734 2.949413
v 1.133178 -5.633403 4.654286
v 3.408217 -4.465748 1.665745
v 2.237645 -4.678049 2.939549
v 3.267762 -3.782575 0.646701
v 3.218220 -3.302449 0.323350
v 3.143598 -3.860963 1.234611
v 0.488528 -4.633956 5.046227
v 0.488528 -4.586924 7.092154
v 0.488528 -3.136746 8.706946
v 0.364970 -3.537674 3.694775
v 0.322768 -2.998984 4.016099
v 0.282997 -2.488646 4.450831
v 0.117758 -2.167321 5.017874
v 0.000000 -2.272707 5.049209
v 0.282997 -2.866675 4.469733
v 0.282997 -3.669986 4.649296
v 0.148131 -3.341101 5.749360
v 0.124265 -2.887467 6.690651
v 0.124265 -2.229697 7.382443
v 0.124265 -1.277064 8.062895
v 0.124265 0.616860 9.310390
v 0.124265 2.023128 10.013522
v 0.124265 3.712916 10.228999
v 0.124265 5.516113 9.945477
v 0.124265 7.160539 9.310390
v 0.124265 8.317307 8.210326
v 0.124265 7.943058 9.548548
v 0.124265 7.485794 10.267105
v 0.124265 6.832560 10.691708
v 0.124265 5.869040 11.328610
v 0.208542 5.599988 11.792316
v 0.140581 6.082238 11.873577
v 0.140581 7.755803 11.978585
v 0.140581 8.969959 11.716064
v 0.140581 10.243767 11.128154
v 0.140581 11.942175 9.887009
v 0.140581 12.542719 7.902809
v 0.353563 14.337440 8.155937
v 0.478278 16.395128 8.956149
v 0.478278 18.394026 9.497027
v 0.478278 18.820412 8.156590
v 0.478278 19.855133 6.087144
v 0.000000 19.350277 5.796317
v 2.472424 21.526772 3.621828
v 1.380453 20.848558 12.657509
v 0.000000 20.740307 12.670177
v 0.000000 10.289185 15.251080
v 0.451348 10.192402 14.757379
v 0.766134 10.833894 12.822117
v 0.766134 9.581181 13.236721
v 0.766134 7.912412 13.800199
v 0.928678 18.458952 11.492813
v 0.928678 15.911335 10.940828
v 0.862870 13.465991 10.798502
v 0.895711 5.874321 13.780602
v 0.292819 7.513828 9.425343
v 0.292819 7.023902 9.928877
v 0.292819 6.452322 10.323539
v 0.292819 5.390817 10.922337
v 0.292819 5.009763 11.480308
v 0.895711 5.166651 13.617293
v 0.000000 6.451406 9.363105
v 0.071443 6.515556 9.656814
v 0.292819 3.461597 10.872800
v 0.292819 1.972223 10.598441
v 0.000000 4.639997 15.733039
v 0.451348 4.691945 15.285200
v 0.895711 3.108962 12.833412
v 0.488528 -1.980520 9.647604
v 0.000000 -2.866502 11.876609
v 0.451348 -2.508382 11.601215
v 0.488528 -0.118802 10.921411
v 0.000000 0.556038 14.338115
v 0.451348 0.763620 13.952413
v 0.711829 1.494543 12.165932
v 0.000000 22.388058 18.873781
v 0.926774 22.391056 17.401226
v 1.851102 22.067650 12.608746
v 0.000000 23.549305 17.172710
v 0.000000 22.900637 18.017576
v 0.000000 23.447714 12.804312
v 0.000000 23.142942 3.457972
v -0.992302 1.253250 2.174205
v -1.021553 7.245624 1.586148
v -1.190854 6.270942 2.330614
v -1.021553 5.275153 2.164921
v -1.190854 4.254478 2.251858
v -0.896554 3.268140 1.400896
v -1.190854 2.243054 2.157351
v -0.948694 8.254959 2.289487
v -1.635203 -1.270624 2.378723
v -1.190854 13.156404 2.539487
v -1.190854 11.261867 2.225239
v -1.409157 10.026052 2.227978
v -1.065641 9.315094 2.014434
v -1.635203 -1.750358 2.802017
v -1.635203 -3.846625 2.773798
v -1.190854 13.371970 2.970620
v -1.190854 14.289108 2.735457
v -1.190854 15.700090 3.270419
v -1.190854 16.335032 2.900071
v -1.190854 17.077208 2.075514
v -1.190854 18.254910 3.111719
v -1.190854 18.620636 2.624083
v -1.190854 19.616863 2.745992
v -1.440496 20.307680 3.721263
v -0.608741 12.154289 12.784681
v -0.451348 15.370879 13.157959
v -0.451348 18.531481 13.722352
v -0.451348 19.173641 14.885426
v -0.451348 21.171965 17.449989
v -0.451348 11.424022 14.516079
v -0.451348 8.069020 15.621812
v -0.451348 5.635728 15.458504
v -0.451348 2.483880 14.560308
v -0.451348 -0.978255 12.780249
v -0.451348 -4.048449 9.742716
v -0.451348 -5.730523 7.325754
v -0.451348 -7.232959 6.460220
v -0.451348 -8.441440 6.770506
v -0.174401 -9.992868 7.227769
v -0.174401 -8.882373 5.692671
v -0.174401 -7.804539 5.026374
v -0.174401 -6.511137 4.497255
v -0.174401 -6.550331 3.850555
v -0.174401 -8.755810 1.420528
v -1.180579 -7.677478 1.442557
v -1.896376 -7.037854 1.456165
v -2.823029 -6.106997 1.502436
v -2.441072 -5.649734 2.949413
v -1.133178 -5.633403 4.654286
v -3.408217 -4.465748 1.665745
v -2.237645 -4.678049 2.939549
v -3.267762 -3.782575 0.646701
v -3.218220 -3.302449 0.323350
v -3.143598 -3.860963 1.234611
v -0.488528 -4.633956 5.046227
v -0.488528 -4.586924 7.092154
v -0.488528 -3.136746 8.706946
v -0.364970 -3.537674 3.694775
v -0.322768 -2.998984 4.016099
v -0.282997 -2.488646 4.450831
v -0.117758 -2.167321 5.017874
v -0.282997 -2.866675 4.469733
v -0.282997 -3.669986 4.649296
v -0.148131 -3.341101 5.749360
v -0.124265 -2.887467 6.690651
v -0.124265 -2.229697 7.382443
v -0.124265 -1.277064 8.062895
v -0.124265 0.616860 9.310390
v -0.124265 2.023128 10.013522
v -0.124265 3.712916 10.228999
v -0.124265 5.516113 9.945477
v -0.124265 7.160539 9.310390
v -0.124265 8.317307 8.210326
v -0.124265 7.943058 9.548548
v -0.124265 7.485794 10.267105
v -0.124265 6.832560 10.691708
v -0.124265 5.869040 11.328610
v -0.208542 5.599988 11.792316
v -0.140581 6.082238 11.873577
v -0.140581 7.755803 11.978585
v -0.140581 8.969959 11.716064
v -0.140581 10.243767 11.128154
v -0.140581 11.942175 9.887009
v -0.140581 12.542719 7.902809
v -0.353563 14.337440 8.155937
v -0.478278 16.395128 8.956149
v -0.478278 18.394026 9.497027
v -0.478278 18.820412 8.156590
v -0.478278 19.855133 6.087144
v -2.472424 21.526772 3.621828
v -1.380453 20.848558 12.657509
v -0.451348 10.192402 14.757379
v -0.766134 10.833894 12.822117
v -0.766134 9.581181 13.236721
v -0.766134 7.912412 13.800199
v -0.928678 18.458952 11.492813
v -0.928678 15.911335 10.940828
v -0.862870 13.465991 10.798502
v -0.895711 5.874321 13.780602
v -0.292819 7.513828 9.425343
v -0.292819 7.023902 9.928877
v -0.292819 6.452322 10.323539
v -0.292819 5.390817 10.922337
v -0.292819 5.009763 11.480308
v -0.895711 5.166651 13.617293
v -0.071443 6.515556 9.656814
v -0.292819 3.461597 10.872800
v -0.292819 1.972223 10.598441
v -0.451348 4.691945 15.285200
v -0.895711 3.108962 12.833412
v -0.488528 -1.980520 9.647604
v -0.451348 -2.508382 11.601215
v -0.488528 -0.118802 10.921411
v -0.451348 0.763620 13.952413
v -0.711829 1.494543 12.165932
v -0.926774 22.391056 17.401226
v -1.851102 22.067650 12.608746
v -2.578827 23.880213 -6.527578
v -2.578827 25.821949 -5.430075
v -2.578827 20.840971 -10.748745
v -3.533131 21.769630 -0.871215
v -2.578827 21.178667 -3.657185
v -2.578827 19.152506 -7.962774
v -2.578827 15.775573 -9.397971
v -2.578827 15.437880 -8.384892
v -2.578827 17.590673 -13.872408
v -2.578827 15.184608 -11.930671
v -2.578827 12.272004 -11.086437
v -2.578827 5.475924 -11.592978
v -2.578827 9.612669 -8.469315
v -2.578827 7.206604 -9.186913
v -2.578827 18.814812 -16.996071
v -4.436700 19.659046 -0.955638
v -2.578827 25.315413 0.000000
v -4.047544 21.769630 0.000000
v -5.325323 18.223850 0.000000
v -3.533131 21.769630 0.871215
v -4.436700 19.659046 0.955638
v -4.945395 18.561543 1.968718
v -4.945395 17.379616 1.040062
v -4.945395 15.100185 0.955638
v -4.945395 13.664989 1.208908
v -5.135359 14.678070 0.000000
v -4.945395 11.132289 0.000000
v -4.945395 13.664989 -1.208908
v -4.945395 15.100185 -0.955638
v -4.945395 17.379616 -1.040062
v -4.945395 18.561543 -1.968718
v -4.945395 12.398639 -2.053142
v -4.945395 12.398639 2.053142
v -2.578827 21.178667 3.657185
v -2.578827 23.880213 6.527578
v -2.578827 25.821949 5.430075
v -2.578827 20.840971 10.748745
v -2.578827 18.814812 16.996071
v -2.578827 19.152506 7.962774
v -2.578827 17.590673 13.872408
v -2.578827 15.775573 9.397971
v -2.578827 15.437880 8.384892
v -2.578827 15.184608 11.930671
v -2.578827 12.272004 11.086437
v -2.578827 5.475924 11.592978
v -2.578827 9.612669 8.469315
v -2.578827 7.206604 9.186913
v -2.578827 26.835030 5.514499
v -2.578827 27.468204 6.105462
v -2.578827 27.257149 1.799871
v -2.578827 29.367733 2.728528
v -2.578827 32.660244 3.572761
v -2.578827 28.101379 6.696425
v -2.578827 30.169752 10.094463
v -2.578827 31.457209 8.353232
v -2.578827 32.069279 6.612001
v -2.578827 27.900875 8.068304
v -2.578827 26.829084 6.649303
v -2.578827 26.628580 8.021182
v -2.578827 26.640123 6.023838
v -2.578827 25.980415 6.777790
v -2.578827 25.037975 8.709792
v -2.578827 24.284023 10.971648
v -2.578827 25.014414 9.982086
v -2.578827 26.286709 9.228134
v -2.578827 27.700369 9.440184
v -2.578827 25.948584 12.183942
v -2.578827 28.861191 11.550766
v -2.578827 26.919453 14.188995
v -2.578827 29.515472 10.822615
v -2.578827 30.045595 11.586484
v -2.578827 31.282547 12.271816
v -2.578827 30.873310 10.683488
v -2.578827 32.018635 11.207066
v -2.578827 31.500675 9.736200
v -2.578827 32.580555 10.170015
v -2.578827 30.813480 9.223848
v -2.578827 33.922222 10.006397
v -2.578827 32.673107 11.092533
v -2.578827 32.629635 12.051621
v -2.578827 33.693153 11.364426
v -2.578827 34.887566 10.333632
v -2.578827 36.114700 9.744608
v -2.578827 35.182079 9.760970
v -2.578827 25.146563 18.009151
v -2.578827 27.257149 -1.799871
v -2.578827 26.835030 -5.514499
v -2.578827 27.468204 -6.105462
v -2.578827 28.101379 -6.696425
v -2.578827 26.640123 -6.023838
v -2.578827 26.829084 -6.649303
v -2.578827 26.628580 -8.021182
v -2.578827 25.980415 -6.777790
v -2.578827 25.037975 -8.709792
v -2.578827 24.284023 -10.971648
v -2.578827 25.014414 -9.982086
v -2.578827 26.286709 -9.228134
v -2.578827 27.700369 -9.440184
v -2.578827 27.900875 -8.068304
v -2.578827 29.515472 -10.822615
v -2.578827 30.169752 -10.094463
v -2.578827 28.861191 -11.550766
v -2.578827 30.045595 -11.586484
v -2.578827 31.282547 -12.271816
v -2.578827 30.873310 -10.683488
v -2.578827 32.018635 -11.207066
v -2.578827 31.500675 -9.736200
v -2.578827 32.580555 -10.170015
v -2.578827 30.813480 -9.223848
v -2.578827 31.457209 -8.353232
v -2.578827 32.069279 -6.612001
v -2.578827 32.660244 -3.572761
v -2.578827 29.367733 -2.728528
v -2.578827 33.922222 -10.006397
v -2.578827 32.673107 -11.092533
v -2.578827 32.629635 -12.051621
v -2.578827 33.693153 -11.364426
v -2.578827 34.887566 -10.333632
v -2.578827 36.114700 -9.744608
v -2.578827 35.182079 -9.760970
v -2.578827 26.919453 -14.188995
v -2.578827 25.146563 -18.009151
v -2.578827 25.948584 -12.183942
v 2.578827 23.880213 -6.527578
v 2.578827 25.821949 -5.430075
v 2.578827 20.840971 -10.748745
v 3.533131 21.769630 -0.871215
v 2.578827 21.178667 -3.657185
v 2.578827 19.152506 -7.962774
v 2.578827 15.775573 -9.397971
v 2.578827 15.437880 -8.384892
v 2.578827 17.590673 -13.872408
v 2.578827 15.184608 -11.930671
v 2.578827 12.272004 -11.086437
v 2.578827 5.475924 -11.592978
v 2.578827 9.612669 -8.469315
v 2.578827 7.206604 -9.186913
v 2.578827 18.814812 -16.996071
v 4.436700 19.659046 -0.955638
v 2.578827 25.315413 0.000000
v 4.047544 21.769630 0.000000
v 5.325323 18.223850 0.000000
v 3.533131 21.769630 0.871215
v 4.436700 19.659046 0.955638
v 4.945395 18.561543 1.968718
v 4.945395 17.379616 1.040062
v 4.945395 15.100185 0.955638
v 4.945395 13.664989 1.208908
v 5.135359 14.678070 0.000000
v 4.945395 11.132289 0.000000
v 4.945395 13.664989 -1.208908
v 4.945395 15.100185 -0.955638
v 4.945395 17.379616 -1.040062
v 4.945395 18.561543 -1.968718
v 4.945395 12.398639 -2.053142
v 4.945395 12.398639 2.053142
v 2.578827 21.178667 3.657185
v 2.578827 23.880213 6.527578
v 2.578827 25.821949 5.430075
v 2.578827 20.840971 10.748745
v 2.578827 18.814812 16.996071
v 2.578827 19.152506 7.962774
v 2.578827 17.590673 13.872408
v 2.578827 15.775573 9.397971
v 2.578827 15.437880 8.384892
v 2.578827 15.184608 11.930671
v 2.578827 12.272004 11.086437
v 2.578827 5.475924 11.592978
v 2.578827 9.612669 8.469315
v 2.578827 7.206604 9.186913
v 2.578827 26.835030 5.514499
v 2.578827 27.468204 6.105462
v 2.578827 27.257149 1.799871
v 2.578827 29.367733 2.728528
v 2.578827 32.660244 3.572761
v 2.578827 28.101379 6.696425
v 2.578827 30.169752 10.094463
v 2.578827 31.457209 8.353232
v 2.578827 32.069279 6.612001
v 2.578827 27.900875 8.068304
v 2.578827 26.829084 6.649303
v 2.578827 26.628580 8.021182
v 2.578827 26.640123 6.023838
v 2.578827 25.980415 6.777790
v 2.578827 25.037975 8.709792
v 2.578827 24.284023 10.971648
v 2.578827 25.014414 9.982086
v 2.578827 26.286709 9.228134
v 2.578827 27.700369 9.440184
v 2.578827 25.948584 12.183942
v 2.578827 28.861191 11.550766
v 2.578827 26.919453 14.188995
v 2.578827 29.515472 10.822615
v 2.578827 30.045595 11.586484
v 2.578827 31.282547 12.271816
v 2.578827 30.873310 10.683488
v 2.578827 32.018635 11.207066
v 2.578827 31.500675 9.736200
v 2.578827 32.580555 10.170015
v 2.578827 30.813480 9.223848
v 2.578827 33.922222 10.006397
v 2.578827 32.673107 11.092533
v 2.578827 32.629635 12.051621
v 2.578827 33.693153 11.364426
v 2.578827 34.887566 10.333632
v 2.578827 36.114700 9.744608
v 2.578827 35.182079 9.760970
v 2.578827 25.146563 18.009151
v 2.578827 27.257149 -1.799871
v 2.578827 26.835030 -5.514499
v 2.578827 27.468204 -6.105462
v 2.578827 28.101379 -6.696425
v 2.578827 26.640123 -6.023838
v 2.578827 26.829084 -6.649303
v 2.578827 26.628580 -8.021182
v 2.578827 25.980415 -6.777790
v 2.578827 25.037975 -8.709792
v 2.578827 24.284023 -10.971648
v 2.578827 25.014414 -9.982086
v 2.578827 26.286709 -9.228134
v 2.578827 27.700369 -9.440184
v 2.578827 27.900875 -8.068304
v 2.578827 29.515472 -10.822615
v 2.578827 30.169752 -10.094463
v 2.578827 28.861191 -11.550766
v 2.578827 30.045595 -11.586484
v 2.578827 31.282547 -12.271816
v 2.578827 30.873310 -10.683488
v 2.578827 32.018635 -11.207066
v 2.578827 31.500675 -9.736200
v 2.578827 32.580555 -10.170015
v 2.578827 30.813480 -9.223848
v 2.578827 31.457209 -8.353232
v 2.578827 32.069279 -6.612001
v 2.578827 32.660244 -3.572761
v 2.578827 29.367733 -2.728528
v 2.578827 33.922222 -10.006397
v 2.578827 32.673107 -11.092533
v 2.578827 32.629635 -12.051621
v 2.578827 33.693153 -11.364426
v 2.578827 34.887566 -10.333632
v 2.578827 36.114700 -9.744608
v 2.578827 35.182079 -9.760970
v 2.578827 26.919453 -14.188995
v 2.578827 25.146563 -18.009151
v 2.578827 25.948584 -12.183942
v 1.885760 21.564569 -0.001520
v 0.174234 20.784138 -6.201823
v 1.885760 23.742317 0.000000
v 0.915874 23.159395 -6.235406
v 1.885760 24.368353 0.000000
v 1.885760 21.564569 0.001520
v 0.915874 23.159395 6.235406
v 0.174234 20.784138 6.201823
v 0.566079 23.516869 10.714617
v 0.927212 23.979412 6.235406
v 0.942880 27.542894 6.201823
v 0.566079 23.894119 10.343718
v 0.942880 25.265907 10.302022
v 0.000000 23.791151 11.163287
v 0.000000 24.863947 11.355829
v 0.000000 23.687880 11.553855
v -0.566079 23.894119 10.343718
v -0.942880 25.265907 10.302022
v -0.566079 23.516869 10.714617
v -0.927212 23.979412 6.235406
v -0.942880 27.542894 6.201823
v -0.915874 23.159395 6.235406
v -1.885760 24.368353 0.000000
v -1.885760 27.663788 0.012790
v -1.885760 23.742317 0.000000
v -0.927212 23.979412 -6.235406
v -1.885760 27.663788 -0.012790
v -1.885760 31.284479 -0.012790
v -1.885760 34.905170 -0.012790
v -0.942880 31.102123 6.201766
v -0.942880 34.661350 6.201708
v -0.743392 31.060091 8.374887
v -0.806521 32.199730 7.213288
v 0.000000 32.099236 9.070417
v 0.000000 34.567890 8.035040
v 0.806521 32.199730 7.213288
v 0.000000 30.956341 9.820749
v 0.000000 29.813444 10.800644
v 0.743392 31.060091 8.374887
v 0.680264 29.920452 10.011473
v 0.942880 31.102123 6.201766
v 0.942880 34.661350 6.201708
v 1.885760 31.284479 -0.012790
v 1.885760 34.905170 -0.012790
v 1.885760 27.663788 -0.012790
v 1.885760 39.606983 0.000000
v 1.885760 44.511585 0.012791
v 1.885760 34.905170 0.012790
v 0.942880 39.340290 -5.595591
v 1.885760 44.511585 -0.012791
v 0.942880 39.340290 5.595591
v 0.942880 44.221035 5.731594
v 0.000000 39.221966 6.640813
v 0.000000 44.076778 6.600106
v -0.942880 39.340290 5.595591
v -0.942880 44.221035 5.379829
v -1.885760 39.606983 0.000000
v -1.885760 44.511585 0.012791
v -1.885760 34.905170 0.012790
v -0.942880 39.340290 -5.595591
v -1.885760 44.511585 -0.012791
v -1.885760 62.496082 0.000000
v -0.942880 62.205532 -5.495113
v -1.859943 71.515167 0.005213
v -0.942880 62.205532 5.495113
v 0.000000 62.061275 7.002356
v -0.942880 71.211288 6.616713
v 0.000000 71.067032 8.058453
v -0.942880 73.027908 6.558512
v -0.942880 76.741928 7.187026
v 0.000000 72.863533 7.591537
v -1.885760 73.123787 4.905409
v -1.885760 77.500481 4.973265
v -1.885760 80.553986 4.837554
v -1.885760 80.655769 0.053730
v -1.885760 82.575394 1.684127
v -1.885760 84.799942 -0.462677
v -1.885760 82.739990 -6.052356
v -1.885760 79.035072 -5.319515
v -0.723380 78.902565 -7.681630
v -1.885760 72.928062 -4.586673
v -0.942880 71.218285 -6.606287
v 0.000000 71.846237 -7.743274
v 0.942880 71.217430 -6.606287
v 0.000000 62.061275 -5.595298
v -0.942880 71.216576 -6.606287
v 0.000000 78.789009 -8.788076
v 0.000000 82.172287 -9.557558
v 0.723380 78.902565 -7.681630
v 0.723380 82.566772 -8.333044
v 1.885760 79.035072 -5.319515
v 1.885760 82.739990 -6.052356
v 1.885760 80.655769 0.053730
v 1.885760 72.928062 -4.586673
v 1.859943 71.515167 0.005213
v 1.885760 62.496082 0.000000
v 0.942880 71.211288 6.616713
v 1.885760 77.500481 4.973265
v 1.885760 73.123787 4.905409
v 0.942880 73.027908 6.558512
v 0.942880 76.741928 7.187026
v 0.942880 78.232826 7.610740
v 0.000000 76.274864 8.047188
v 0.000000 77.668015 8.691495
v 0.000000 78.244789 9.505761
v -0.942880 78.232826 7.610740
v -0.942880 79.379982 9.334640
v -0.942880 79.464409 12.289453
v -0.942880 83.601143 12.458299
v -1.885760 82.617203 6.947133
v -1.885760 83.845848 8.175787
v 0.000000 83.201241 6.569445
v 0.000000 86.181458 7.497710
v 1.885760 82.617203 6.947133
v 0.000000 81.267357 4.839126
v 1.885760 80.553986 4.837554
v 0.000000 83.099457 2.260611
v 0.000000 86.186890 -0.114337
v 1.885760 82.575394 1.684127
v 1.885760 86.012741 -0.653376
v 1.885760 88.204102 -2.150943
v 1.885760 86.322769 -6.948051
v 1.885760 84.799942 -0.462677
v 1.885760 84.897797 -6.825911
v 0.723380 84.561729 -9.310165
v 0.723380 85.945984 -11.508689
v 0.000000 84.187599 -10.717888
v 0.000000 85.384567 -13.624821
v -0.723380 84.561729 -9.310165
v -0.723380 85.945984 -11.508689
v -1.885760 84.897797 -6.825911
v -0.723380 82.566772 -8.333044
v -1.885760 86.322769 -6.948051
v -1.885760 88.521294 -7.110905
v -1.885760 86.012741 -0.653376
v -1.885760 88.204102 -2.150943
v -1.885760 91.020744 -0.412278
v 0.000000 88.306992 -0.948357
v 0.000000 90.831223 0.598751
v 0.000000 92.907608 2.430853
v 1.885760 91.020744 -0.412278
v 1.885760 93.188278 1.419116
v 1.885760 92.877625 -5.685936
v 1.885760 97.600380 -2.713858
v 1.885760 88.521294 -7.110905
v 0.723380 94.577225 -8.943745
v 0.723380 98.892845 -5.930953
v 0.000000 95.143555 -10.058332
v 0.723380 89.528763 -11.101555
v 0.000000 90.166351 -12.427849
v -0.723380 89.528763 -11.101555
v -0.723380 94.577225 -8.943745
v -0.723380 98.892845 -5.930953
v -1.885760 92.877625 -5.685936
v -1.885760 97.600380 -2.713858
v -1.885760 103.096687 0.991062
v -1.885760 93.188278 1.419116
v -1.885760 96.039696 4.994546
v -1.885760 99.805687 2.585670
v -0.544745 101.050652 5.428081
v -0.544745 98.607849 7.260182
v -0.544745 103.574883 2.903852
v 0.000000 101.417473 6.452261
v 0.000000 98.974670 8.029902
v 0.000000 104.065262 3.615641
v 0.544745 101.050652 5.428081
v 0.544745 98.607849 7.260182
v 0.544745 103.574883 2.903852
v 1.885760 99.805687 2.585670
v 1.885760 96.039696 4.994546
v 1.885760 103.096687 0.991062
v 0.544745 106.628387 2.048871
v 0.723380 102.760620 -2.348173
v 0.636743 104.662315 -0.299507
v 0.000000 103.363579 -3.006783
v 0.000000 105.308708 -0.468426
v 0.000000 99.416428 -6.654698
v -0.723380 102.760620 -2.348173
v -0.636743 104.662315 -0.299507
v -0.544745 106.628387 2.048871
v 0.000000 107.320908 2.399947
v 1.885760 92.817368 8.338064
v 0.000000 95.472549 5.117936
v 0.544745 96.735031 9.825125
v 0.544745 96.735031 12.878628
v 0.000000 97.617561 9.811110
v 1.625875 93.966522 10.802245
v 0.544745 92.522453 13.027537
v 1.625875 90.098747 12.023646
v 0.544745 89.835373 15.809990
v 1.625875 88.213875 12.023646
v 1.755817 90.166527 9.547457
v 1.625875 88.194244 9.569377
v 1.755817 86.331055 9.438046
v 0.000000 90.342667 7.764306
v 0.000000 88.238884 5.428699
v 0.000000 92.500473 7.723592
v -1.885760 92.817368 8.338064
v -1.625875 88.194244 9.569377
v -1.625875 88.213875 12.023646
v -1.755817 90.166527 9.547457
v -1.755817 86.331055 9.438046
v -0.942880 86.202278 12.005926
v -0.942880 86.145729 15.144249
v 0.000000 84.928566 15.782400
v -0.942880 85.976089 16.218630
v -0.942880 88.068298 15.497665
v -0.942880 89.835373 16.746397
v -0.737890 87.974060 17.838737
v -0.544745 89.835373 15.809990
v 0.000000 90.526657 16.087749
v -0.544745 92.522453 13.027537
v -1.625875 90.098747 12.023646
v -1.625875 93.966522 10.802245
v -0.544745 96.735031 12.878628
v -0.544745 96.735031 9.825125
v 0.000000 97.481850 13.441382
v 0.000000 92.969460 13.678877
v 0.000000 91.442703 17.207365
v 0.942880 89.835373 16.746397
v 0.942880 91.107666 18.089373
v 0.942880 88.068298 15.497665
v 0.737890 87.974060 17.838737
v 0.777853 86.230545 18.961128
v 0.000000 87.914215 19.152557
v 0.815762 89.906059 19.691519
v 0.942880 85.976089 16.218630
v 0.942880 86.145729 15.144249
v 0.942880 85.127892 17.293011
v 0.000000 84.385719 16.630594
v 0.942880 83.871696 17.329704
v 0.942880 82.693588 17.035381
v 0.663584 85.004990 19.813482
v 0.000000 83.571251 16.615509
v 0.000000 82.739540 16.408337
v -0.942880 83.871696 17.329704
v -0.942880 82.693588 17.035381
v -0.942880 85.127892 17.293011
v -0.663584 85.004990 19.813482
v -0.777853 86.230545 18.961128
v -0.721443 83.855598 21.336075
v 0.000000 84.922234 21.733711
v 0.000000 86.217827 20.566216
v 0.000000 83.707169 23.551861
v 0.000000 80.512299 20.945076
v 0.721443 83.855598 21.336075
v 0.715581 81.141373 19.526592
v 0.852959 79.807487 18.421352
v 0.680136 78.568512 16.784096
v 0.000000 79.178421 19.521393
v 0.942880 80.971733 16.755821
v 0.000000 81.094727 15.884183
v 0.675464 78.794693 15.667305
v 0.476320 76.730759 13.956779
v 0.000000 78.951614 14.990751
v 0.000000 76.921608 13.475311
v -0.675464 78.794693 15.667305
v -0.476320 76.730759 13.956779
v -0.942880 80.971733 16.755821
v -0.680136 78.568512 16.784096
v 0.000000 77.939445 17.546644
v -0.852959 79.807487 18.421352
v -0.715581 81.141373 19.526592
v 0.000000 76.158234 14.481835
v 0.000000 75.394859 12.661045
v 0.000000 87.744576 22.567955
v 0.000000 89.339180 20.634071
v 0.000000 91.917694 23.687571
v -0.815762 89.906059 19.691519
v -0.942880 91.107666 18.089373
v -0.731299 92.083092 22.179558
v -0.731299 94.403748 20.449238
v -0.731299 92.815933 18.393215
v -0.731299 96.765129 17.538235
v 0.000000 94.971191 16.291315
v 0.000000 100.297852 13.611020
v 0.000000 97.380066 18.516977
v 0.000000 94.913513 21.285482
v 0.731299 96.765129 17.538235
v 0.731299 92.815933 18.393215
v 0.731299 94.403748 20.449238
v 0.731299 92.083092 22.179558
v 0.942880 83.601143 12.458299
v 0.942880 86.202278 12.005926
v 0.942880 79.464409 12.289453
v 0.000000 82.825043 13.475311
v 1.885760 83.845848 8.175787
v 0.942880 79.379982 9.334640
v 0.000000 78.380501 13.237817
v 0.942880 62.205532 5.846877
v 0.942880 62.205532 -4.439820
v 0.942880 44.221035 -4.324536
v 0.000000 44.076778 -5.193049
v 0.000000 39.221966 -6.640813
v -0.942880 44.221035 -5.379829
v 0.000000 34.567890 -8.035040
v 0.942880 34.661350 -6.201708
v 0.000000 32.099236 -9.070417
v -0.942880 34.661350 -6.201708
v -0.806521 32.199730 -7.213288
v -0.942880 31.102123 -6.201766
v -0.942880 27.542894 -6.201823
v -0.743392 31.060091 -8.374887
v -1.885760 31.284479 0.012790
v -0.680264 29.920452 -10.011473
v 0.000000 30.956341 -9.820749
v 0.000000 29.813444 -10.800644
v 0.743392 31.060091 -8.374887
v 0.680264 29.920452 -10.011473
v 0.806521 32.199730 -7.213288
v 0.942880 31.102123 -6.201766
v 0.942880 27.542894 -6.201823
v 1.885760 31.284479 0.012790
v 1.885760 27.663788 0.012790
v 0.927212 23.979412 -6.235406
v 0.942880 26.518858 -11.419519
v 0.942880 25.265907 -10.302022
v 0.000000 24.863947 -11.355829
v 0.566079 23.894119 -10.343718
v 0.566079 23.516869 -10.714617
v 0.000000 23.791151 -11.163287
v 0.000000 23.687880 -11.553855
v -0.566079 23.894119 -10.343718
v -0.942880 25.265907 -10.302022
v -0.566079 23.516869 -10.714617
v -0.566079 21.381458 -10.835060
v -0.915874 23.159395 -6.235406
v -0.174234 20.784138 -6.201823
v -1.885760 21.564569 -0.001520
v 0.000000 21.837120 -11.407965
v 0.566079 21.381458 -10.835060
v -0.942880 26.518858 -11.419519
v -0.471440 29.046604 -11.211673
v 0.000000 25.059002 -19.212351
v 0.471440 29.046604 -11.211673
v 0.471440 29.046604 11.211673
v 0.942880 26.518858 11.419519
v 0.000000 25.059002 19.212351
v -0.942880 26.518858 11.419519
v -0.471440 29.046604 11.211673
v -0.680264 29.920452 10.011473
v -1.885760 21.564569 0.001520
v -0.174234 20.784138 6.201823
v -0.566079 21.381458 10.835060
v 0.000000 21.837120 11.407965
v 0.566079 21.381458 10.835060
v 0.000000 1.257218 -2.250113
v 0.992302 1.253250 -2.174205
v 1.879217 1.274672 0.000000
v 0.000000 7.249591 -1.973306
v 1.990141 7.267045 0.000000
v 1.021553 7.245624 -1.586148
v 0.000000 6.274909 -2.384096
v 2.381709 6.292363 0.000000
v 1.190854 6.270942 -2.330614
v 0.000000 5.279120 -2.425516
v 1.990141 5.296575 0.000000
v 1.021553 5.275153 -2.164921
v 0.000000 4.258445 -2.305340
v 2.381709 4.275899 0.000000
v 1.190854 4.254478 -2.251858
v 0.000000 3.272107 -1.866609
v 1.990141 3.289561 0.000000
v 0.896554 3.268140 -1.400896
v 0.000000 2.247021 -2.210833
v 2.381709 2.264476 0.000000
v 1.190854 2.243054 -2.157351
v 0.000000 8.258925 -2.494985
v 2.381709 8.276380 0.000000
v 0.948694 8.254959 -2.289487
v 0.000000 -1.266658 -2.632441
v 1.635203 -1.270624 -2.378723
v 2.787455 -1.249203 0.000000
v 0.000000 13.160370 -2.592969
v 2.381709 13.177824 0.000000
v 1.190854 13.156404 -2.539487
v 0.000000 11.265833 -2.673791
v 1.190854 11.261867 -2.225239
v 2.381709 11.283287 0.000000
v 1.409157 10.026052 -2.227978
v 2.600011 10.047473 0.000000
v 0.000000 10.030018 -2.514160
v 1.065641 9.315094 -2.014434
v 2.129839 9.336515 0.000000
v 0.000000 9.319061 -2.166008
v 0.000000 -1.746392 -3.055735
v 1.635203 -1.750358 -2.802017
v 2.787455 -1.728936 0.000000
v 0.000000 -3.720177 -3.027515
v 1.635203 -3.846625 -2.773798
v 2.787455 -3.825203 0.000000
v 0.000000 13.375937 -3.024103
v 2.713293 13.393391 0.000000
v 1.190854 13.371970 -2.970620
v 0.000000 14.293075 -2.788939
v 2.713293 14.310529 0.000000
v 1.190854 14.289108 -2.735457
v 0.000000 15.704057 -3.871863
v 3.066843 15.721511 0.000000
v 1.190854 15.700090 -3.270419
v 0.000000 16.338999 -3.062218
v 2.713293 16.356453 0.000000
v 1.190854 16.335032 -2.900071
v 0.000000 17.081175 -2.530259
v 2.306930 17.098629 0.000000
v 1.190854 17.077208 -2.075514
v 0.000000 18.258875 -3.165201
v 2.713293 18.276329 0.000000
v 1.190854 18.254910 -3.111719
v 0.000000 -4.046793 -3.218041
v 0.000000 -2.998900 -3.639921
v 0.000000 -1.964615 -5.273002
v 0.000000 -2.386494 -4.265935
v 0.000000 -3.509238 -3.306500
v 0.000000 -3.366343 -4.755859
v 0.000000 -2.883223 -4.674205
v 0.000000 -2.767547 -6.525031
v 0.000000 -3.169012 -5.606422
v 0.000000 -1.229728 -7.777060
v 0.000000 -2.141532 -7.171459
v 0.000000 8.517591 -7.817887
v 0.000000 7.083310 -9.035893
v 0.000000 5.465906 -9.631288
v 0.000000 3.696734 -9.983421
v 0.000000 0.716361 -8.989113
v 0.000000 2.002413 -9.717620
v 0.000000 8.094296 -9.652164
v 0.000000 6.941994 -10.945564
v 0.000000 7.635727 -10.439962
v 0.000000 6.118920 -11.556990
v 0.000000 7.718034 -11.651055
v 0.000000 10.116704 -10.780950
v 0.000000 12.441967 -7.474547
v 0.000000 11.722740 -9.534582
v 0.000000 8.917369 -11.404134
v 0.000000 -6.930725 -4.080308
v 0.000000 -9.161604 -5.452097
v 0.000000 -10.337423 -7.646958
v 0.000000 -8.028900 -4.491845
v 0.000000 -9.874935 -6.353558
v 0.087201 -11.285507 0.000000
v 0.000000 -8.946854 -1.589424
v 0.000000 -6.151509 -7.482344
v 0.000000 -8.409081 -7.141356
v 0.000000 -7.421393 -6.841523
v 0.000000 2.341479 -15.000061
v 0.000000 -4.465102 -9.981477
v 0.000000 -1.264993 -13.100313
v 0.000000 8.193109 -16.097240
v 0.000000 5.673656 -15.914377
v 0.000000 14.036654 -14.055265
v 0.000000 11.504968 -15.020378
v 0.000000 18.587921 -14.227970
v 0.000000 18.624601 -2.677566
v 2.713293 18.642056 0.000000
v 1.190854 18.620636 -2.624083
v 0.000000 19.620829 -2.799474
v 2.713293 19.638283 0.000000
v 1.190854 19.616863 -2.745992
v 0.000000 20.311646 -3.774746
v 2.713293 20.329100 0.000000
v 1.440496 20.307680 -3.721263
v 0.000000 21.168966 -17.885239
v 0.000000 19.015242 -15.162605
v 0.000000 14.326895 -7.629756
v 0.000000 16.471588 -8.532785
v 0.000000 18.277647 -8.843202
v 0.000000 18.247810 -7.488658
v 0.608741 12.154289 -12.784681
v 0.451348 15.370879 -13.157959
v 0.451348 18.531481 -13.722352
v 0.451348 19.173641 -14.885426
v 0.451348 21.171965 -17.449989
v 0.451348 11.424022 -14.516079
v 0.451348 8.069020 -15.621812
v 0.451348 5.635728 -15.458504
v 0.451348 2.483880 -14.560308
v 0.451348 -0.978255 -12.780249
v 0.451348 -4.048449 -9.742716
v 0.451348 -5.730523 -7.325754
v 0.451348 -7.232959 -6.460220
v 0.451348 -8.441440 -6.770506
v 0.174401 -9.992868 -7.227769
v 0.174401 -8.882373 -5.692671
v 0.174401 -7.804539 -5.026374
v 0.174401 -6.511137 -4.497255
v 0.174401 -6.550331 -3.850555
v 0.174401 -8.755810 -1.420528
v 1.210002 -8.670937 0.000000
v 1.498441 -7.677478 0.000000
v 2.175614 -7.092290 0.000000
v 2.823029 -6.139658 0.000000
v 3.669338 -4.465748 0.000000
v 3.094930 -2.391188 0.000000
v 1.180579 -7.677478 -1.442557
v 1.896376 -7.037854 -1.456165
v 2.823029 -6.106997 -1.502436
v 2.441072 -5.649734 -2.949413
v 1.133178 -5.633403 -4.654286
v 3.408217 -4.465748 -1.665745
v 2.237645 -4.678049 -2.939549
v 3.267762 -3.782575 -0.646701
v 3.218220 -3.302449 -0.323350
v 3.143598 -3.860963 -1.234611
v 0.488528 -4.633956 -5.046227
v 0.488528 -4.586924 -7.092154
v 0.488528 -3.136746 -8.706946
v 0.364970 -3.537674 -3.694775
v 0.322768 -2.998984 -4.016099
v 0.282997 -2.488646 -4.450831
v 0.117758 -2.167321 -5.017874
v 0.000000 -2.272707 -5.049209
v 0.282997 -2.866675 -4.469733
v 0.282997 -3.669986 -4.649296
v 0.148131 -3.341101 -5.749360
v 0.124265 -2.887467 -6.690651
v 0.124265 -2.229697 -7.382443
v 0.124265 -1.277064 -8.062895
v 0.124265 0.616860 -9.310390
v 0.124265 2.023128 -10.013522
v 0.124265 3.712916 -10.228999
v 0.124265 5.516113 -9.945477
v 0.124265 7.160539 -9.310390
v 0.124265 8.317307 -8.210326
v 0.124265 7.943058 -9.548548
v 0.124265 7.485794 -10.267105
v 0.124265 6.832560 -10.691708
v 0.124265 5.869040 -11.328610
v 0.208542 5.599988 -11.792316
v 0.140581 6.082238 -11.873577
v 0.140581 7.755803 -11.978585
v 0.140581 8.969959 -11.716064
v 0.140581 10.243767 -11.128154
v 0.140581 11.942175 -9.887009
v 0.140581 12.542719 -7.902809
v 0.353563 14.337440 -8.155937
v 0.478278 16.395128 -8.956149
v 0.478278 18.394026 -9.497027
v 0.478278 18.820412 -8.156590
v 0.478278 19.855133 -6.087144
v 0.000000 19.350277 -5.796317
v 2.472424 21.526772 -3.621828
v 1.380453 20.848558 -12.657509
v 0.000000 20.740307 -12.670177
v 0.000000 10.289185 -15.251080
v 0.451348 10.192402 -14.757379
v 0.766134 10.833894 -12.822117
v 0.766134 9.581181 -13.236721
v 0.766134 7.912412 -13.800199
v 0.928678 18.458952 -11.492813
v 0.928678 15.911335 -10.940828
v 0.862870 13.465991 -10.798502
v 0.895711 5.874321 -13.780602
v 0.292819 7.513828 -9.425343
v 0.292819 7.023902 -9.928877
v 0.292819 6.452322 -10.323539
v 0.292819 5.390817 -10.922337
v 0.292819 5.009763 -11.480308
v 0.895711 5.166651 -13.617293
v 0.000000 6.451406 -9.363105
v 0.071443 6.515556 -9.656814
v 0.292819 3.461597 -10.872800
v 0.292819 1.972223 -10.598441
v 0.000000 4.639997 -15.733039
v 0.451348 4.691945 -15.285200
v 0.895711 3.108962 -12.833412
v 0.488528 -1.980520 -9.647604
v 0.000000 -2.866502 -11.876609
v 0.451348 -2.508382 -11.601215
v 0.488528 -0.118802 -10.921411
v 0.000000 0.556038 -14.338115
v 0.451348 0.763620 -13.952413
v 0.711829 1.494543 -12.165932
v 0.000000 22.388058 -18.873781
v 0.926774 22.391056 -17.401226
v 1.851102 22.067650 -12.608746
v 3.607316 21.596956 0.000000
v 0.000000 23.549305 -17.172710
v 0.000000 22.900637 -18.017576
v 0.000000 23.447714 -12.804312
v 0.000000 23.142942 -3.457972
v 2.594151 23.357861 0.000000
v 1.632333 25.733013 0.000000
v -0.992302 1.253250 -2.174205
v -1.879217 1.274672 0.000000
v -1.990141 7.267045 0.000000
v -1.021553 7.245624 -1.586148
v -2.381709 6.292363 0.000000
v -1.190854 6.270942 -2.330614
v -1.990141 5.296575 0.000000
v -1.021553 5.275153 -2.164921
v -2.381709 4.275899 0.000000
v -1.190854 4.254478 -2.251858
v -1.990141 3.289561 0.000000
v -0.896554 3.268140 -1.400896
v -2.381709 2.264476 0.000000
v -1.190854 2.243054 -2.157351
v -2.381709 8.276380 0.000000
v -0.948694 8.254959 -2.289487
v -1.635203 -1.270624 -2.378723
v -2.787455 -1.249203 0.000000
v -2.381709 13.177824 0.000000
v -1.190854 13.156404 -2.539487
v -1.190854 11.261867 -2.225239
v -2.381709 11.283287 0.000000
v -1.409157 10.026052 -2.227978
v -2.600011 10.047473 0.000000
v -1.065641 9.315094 -2.014434
v -2.129839 9.336515 0.000000
v -1.635203 -1.750358 -2.802017
v -2.787455 -1.728936 0.000000
v -1.635203 -3.846625 -2.773798
v -2.787455 -3.825203 0.000000
v -2.713293 13.393391 0.000000
v -1.190854 13.371970 -2.970620
v -2.713293 14.310529 0.000000
v -1.190854 14.289108 -2.735457
v -3.066843 15.721511 0.000000
v -1.190854 15.700090 -3.270419
v -2.713293 16.356453 0.000000
v -1.190854 16.335032 -2.900071
v -2.306930 17.098629 0.000000
v -1.190854 17.077208 -2.075514
v -2.713293 18.276329 0.000000
v -1.190854 18.254910 -3.111719
v -0.087201 -11.285507 0.000000
v -2.713293 18.642056 0.000000
v -1.190854 18.620636 -2.624083
v -2.713293 19.638283 0.000000
v -1.190854 19.616863 -2.745992
v -2.713293 20.329100 0.000000
v -1.440496 20.307680 -3.721263
v -0.608741 12.154289 -12.784681
v -0.451348 15.370879 -13.157959
v -0.451348 18.531481 -13.722352
v -0.451348 19.173641 -14.885426
v -0.451348 21.171965 -17.449989
v -0.451348 11.424022 -14.516079
v -0.451348 8.069020 -15.621812
v -0.451348 5.635728 -15.458504
v -0.451348 2.483880 -14.560308
v -0.451348 -0.978255 -12.780249
v -0.451348 -4.048449 -9.742716
v -0.451348 -5.730523 -7.325754
v -0.451348 -7.232959 -6.460220
v -0.451348 -8.441440 -6.770506
v -0.174401 -9.992868 -7.227769
v -0.174401 -8.882373 -5.692671
v -0.174401 -7.804539 -5.026374
v -0.174401 -6.511137 -4.497255
v -0.174401 -6.550331 -3.850555
v -0.174401 -8.755810 -1.420528
v -1.210002 -8.670937 0.000000
v -1.498441 -7.677478 0.000000
v -2.175614 -7.092290 0.000000
v -2.823029 -6.139658 0.000000
v -3.669338 -4.465748 0.000000
v -3.094930 -2.391188 0.000000
v -1.180579 -7.677478 -1.442557
v -1.896376 -7.037854 -1.456165
v -2.823029 -6.106997 -1.502436
v -2.441072 -5.649734 -2.949413
v -1.133178 -5.633403 -4.654286
v -3.408217 -4.465748 -1.665745
v -2.237645 -4.678049 -2.939549
v -3.267762 -3.782575 -0.646701
v -3.218220 -3.302449 -0.323350
v -3.143598 -3.860963 -1.234611
v -0.488528 -4.633956 -5.046227
v -0.488528 -4.586924 -7.092154
v -0.488528 -3.136746 -8.706946
v -0.364970 -3.537674 -3.694775
v -0.322768 -2.998984 -4.016099
v -0.282997 -2.488646 -4.450831
v -0.117758 -2.167321 -5.017874
v -0.282997 -2.866675 -4.469733
v -0.282997 -3.669986 -4.649296
v -0.148131 -3.341101 -5.749360
v -0.124265 -2.887467 -6.690651
v -0.124265 -2.229697 -7.382443
v -0.124265 -1.277064 -8.062895
v -0.124265 0.616860 -9.310390
v -0.124265 2.023128 -10.013522
v -0.124265 3.712916 -10.228999
v -0.124265 5.516113 -9.945477
v -0.124265 7.160539 -9.310390
v -0.124265 8.317307 -8.210326
v -0.124265 7.943058 -9.548548
v -0.124265 7.485794 -10.267105
v -0.124265 6.832560 -10.691708
v -0.124265 5.869040 -11.328610
v -0.208542 5.599988 -11.792316
v -0.140581 6.082238 -11.873577
v -0.140581 7.755803 -11.978585
v -0.140581 8.969959 -11.716064
v -0.140581 10.243767 -11.128154
v -0.140581 11.942175 -9.887009
v -0.140581 12.542719 -7.902809
v -0.353563 14.337440 -8.155937
v -0.478278 16.395128 -8.956149
v -0.478278 18.394026 -9.497027
v -0.478278 18.820412 -8.156590
v -0.478278 19.855133 -6.087144
v -2.472424 21.526772 -3.621828
v -1.380453 20.848558 -12.657509
v -0.451348 10.192402 -14.757379
v -0.766134 10.833894 -12.822117
v -0.766134 9.581181 -13.236721
v -0.766134 7.912412 -13.800199
v -0.928678 18.458952 -11.492813
v -0.928678 15.911335 -10.940828
v -0.862870 13.465991 -10.798502
v -0.895711 5.874321 -13.780602
v -0.292819 7.513828 -9.425343
v -0.292819 7.023902 -9.928877
v -0.292819 6.452322 -10.323539
v -0.292819 5.390817 -10.922337
v -0.292819 5.009763 -11.480308
v -0.895711 5.166651 -13.617293
v -0.071443 6.515556 -9.656814
v -0.292819 3.461597 -10.872800
v -0.292819 1.972223 -10.598441
v -0.451348 4.691945 -15.285200
v -0.895711 3.108962 -12.833412
v -0.488528 -1.980520 -9.647604
v -0.451348 -2.508382 -11.601215
v -0.488528 -0.118802 -10.921411
v -0.451348 0.763620 -13.952413
v -0.711829 1.494543 -12.165932
v -0.926774 22.391056 -17.401226
v -1.851102 22.067650 -12.608746
v -3.607316 21.596956 0.000000
v -2.594151 23.357861 0.000000
v -1.632333 25.733013 0.000000
v 0.000000 1.257218 2.250113
v 0.992302 1.253250 2.174205
v 0.000000 7.249591 1.973306
v 1.021553 7.245624 1.586148
v 0.000000 6.274909 2.384096
v 1.190854 6.270942 2.330614
v 0.000000 5.279120 2.425516
v 1.021553 5.275153 2.164921
v 0.000000 4.258445 2.305340
v 1.190854 4.254478 2.251858
v 0.000000 3.272107 1.866609
v 0.896554 3.268140 1.400896
v 0.000000 2.247021 2.210833
v 1.190854 2.243054 2.157351
v 0.000000 8.258925 2.494985
v 0.948694 8.254959 2.289487
v 0.000000 -1.266658 2.632441
v 1.635203 -1.270624 2.378723
v 0.000000 13.160370 2.592969
v 1.190854 13.156404 2.539487
v 0.000000 11.265833 2.673791
v 1.190854 11.261867 2.225239
v 1.409157 10.026052 2.227978
v 0.000000 10.030018 2.514160
v 1.065641 9.315094 2.014434
v 0.000000 9.319061 2.166008
v 0.000000 -1.746392 3.055735
v 1.635203 -1.750358 2.802017
v 0.000000 -3.720177 3.027515
v 1.635203 -3.846625 2.773798
v 0.000000 13.375937 3.024103
v 1.190854 13.371970 2.970620
v 0.000000 14.293075 2.788939
v 1.190854 14.289108 2.735457
v 0.000000 15.704057 3.871863
v 1.190854 15.700090 3.270419
v 0.000000 16.338999 3.062218
v 1.190854 16.335032 2.900071
v 0.000000 17.081175 2.530259
v 1.190854 17.077208 2.075514
v 0.000000 18.258875 3.165201
v 1.190854 18.254910 3.111719
v 0.000000 -4.046793 3.218041
v 0.000000 -2.998900 3.639921
v 0.000000 -1.964615 5.273002
v 0.000000 -2.386494 4.265935
v 0.000000 -3.509238 3.306500
v 0.000000 -3.366343 4.755859
v 0.000000 -2.883223 4.674205
v 0.000000 -2.767547 6.525031
v 0.000000 -3.169012 5.606422
v 0.000000 -1.229728 7.777060
v 0.000000 -2.141532 7.171459
v 0.000000 8.517591 7.817887
v 0.000000 7.083310 9.035893
v 0.000000 5.465906 9.631288
v 0.000000 3.696734 9.983421
v 0.000000 0.716361 8.989113
v 0.000000 2.002413 9.717620
v 0.000000 8.094296 9.652164
v 0.000000 6.941994 10.945564
v 0.000000 7.635727 10.439962
v 0.000000 6.118920 11.556990
v 0.000000 7.718034 11.651055
v 0.000000 10.116704 10.780950
v 0.000000 12.441967 7.474547
v 0.000000 11.722740 9.534582
v 0.000000 8.917369 11.404134
v 0.000000 -6.930725 4.080308
v 0.000000 -9.161604 5.452097
v 0.000000 -10.337423 7.646958
v 0.000000 -8.028900 4.491845
v 0.000000 -9.874935 6.353558
v 0.000000 -8.946854 1.589424
v 0.000000 -6.151509 7.482344
v 0.000000 -8.409081 7.141356
v 0.000000 -7.421393 6.841523
v 0.000000 2.341479 15.000061
v 0.000000 -4.465102 9.981477
v 0.000000 -1.264993 13.100313
v 0.000000 8.193109 16.097240
v 0.000000 5.673656 15.914377
v 0.000000 14.036654 14.055265
v 0.000000 11.504968 15.020378
v 0.000000 18.587921 14.227970
v 0.000000 18.624601 2.677566
v 1.190854 18.620636 2.624083
v 0.000000 19.620829 2.799474
v 1.190854 19.616863 2.745992
v 0.000000 20.311646 3.774746
v 1.440496 20.307680 3.721263
v 0.000000 21.168966 17.885239
v 0.000000 19.015242 15.162605
v 0.000000 14.326895 7.629756
v 0.000000 16.471588 8.532785
v 0.000000 18.277647 8.843202
v 0.000000 18.247810 7.488658
v 0.608741 12.154289 12.784681
v 0.451348 15.370879 13.157959
v 0.451348 18.531481 13.722352
v 0.451348 19.173641 14.885426
v 0.451348 21.171965 17.449989
v 0.451348 11.424022 14.516079
v 0.451348 8.069020 15.621812
v 0.451348 5.635728 15.458504
v 0.451348 2.483880 14.560308
v 0.451348 -0.978255 12.780249
v 0.451348 -4.048449 9.742716
v 0.451348 -5.730523 7.325754
v 0.451348 -7.232959 6.460220
v 0.451348 -8.441440 6.770506
v 0.174401 -9.992868 7.227769
v 0.174401 -8.882373 5.692671
v 0.174401 -7.804539 5.026374
v 0.174401 -6.511137 4.497255
v 0.174401 -6.550331 3.850555
v 0.174401 -8.755810 1.420528
v 1.180579 -7.677478 1.442557
v 1.896376 -7.037854 1.456165
v 2.823029 -6.106997 1.502436
v 2.441072 -5.649734 2.949413
v 1.133178 -5.633403 4.654286
v 3.408217 -4.465748 1.665745
v 2.237645 -4.678049 2.939549
v 3.267762 -3.782575 0.646701
v 3.218220 -3.302449 0.323350
v 3.143598 -3.860963 1.234611
v 0.488528 -4.633956 5.046227
v 0.488528 -4.586924 7.092154
v 0.488528 -3.136746 8.706946
v 0.364970 -3.537674 3.694775
v 0.322768 -2.998984 4.016099
v 0.282997 -2.488646 4.450831
v 0.117758 -2.167321 5.017874
v 0.000000 -2.272707 5.049209
v 0.282997 -2.866675 4.469733
v 0.282997 -3.669986 4.649296
v 0.148131 -3.341101 5.749360
v 0.124265 -2.887467 6.690651
v 0.124265 -2.229697 7.382443
v 0.124265 -1.277064 8.062895
v 0.124265 0.616860 9.310390
v 0.124265 2.023128 10.013522
v 0.124265 3.712916 10.228999
v 0.124265 5.516113 9.945477
v 0.124265 7.160539 9.310390
v 0.124265 8.317307 8.210326
v 0.124265 7.943058 9.548548
v 0.124265 7.485794 10.267105
v 0.124265 6.832560 10.691708
v 0.124265 5.869040 11.328610
v 0.208542 5.599988 11.792316
v 0.140581 6.082238 11.873577
v 0.140581 7.755803 11.978585
v 0.140581 8.969959 11.716064
v 0.140581 10.243767 11.128154
v 0.140581 11.942175 9.887009
v 0.140581 12.542719 7.902809
v 0.353563 14.337440 8.155937
v 0.478278 16.395128 8.956149
v 0.478278 18.394026 9.497027
v 0.478278 18.820412 8.156590
v 0.478278 19.855133 6.087144
v 0.000000 19.350277 5.796317
v 2.472424 21.526772 3.621828
v 1.380453 20.848558 12.657509
v 0.000000 20.740307 12.670177
v 0.000000 10.289185 15.251080
v 0.451348 10.192402 14.757379
v 0.766134 10.833894 12.822117
v 0.766134 9.581181 13.236721
v 0.766134 7.912412 13.800199
v 0.928678 18.458952 11.492813
v 0.928678 15.911335 10.940828
v 0.862870 13.465991 10.798502
v 0.895711 5.874321 13.780602
v 0.292819 7.513828 9.425343
v 0.292819 7.023902 9.928877
v 0.292819 6.452322 10.323539
v 0.292819 5.390817 10.922337
v 0.292819 5.009763 11.480308
v 0.895711 5.166651 13.617293
v 0.000000 6.451406 9.363105
v 0.071443 6.515556 9.656814
v 0.292819 3.461597 10.872800
v 0.292819 1.972223 10.598441
v 0.000000 4.639997 15.733039
v 0.451348 4.691945 15.285200
v 0.895711 3.108962 12.833412
v 0.488528 -1.980520 9.647604
v 0.000000 -2.866502 11.876609
v 0.451348 -2.508382 11.601215
v 0.488528 -0.118802 10.921411
v 0.000000 0.556038 14.338115
v 0.451348 0.763620 13.952413
v 0.711829 1.494543 12.165932
v 0.000000 22.388058 18.873781
v 0.926774 22.391056 17.401226
v 1.851102 22.067650 12.608746
v 0.000000 23.549305 17.172710
v 0.000000 22.900637 18.017576
v 0.000000 23.447714 12.804312
v 0.000000 23.142942 3.457972
v -0.992302 1.253250 2.174205
v -1.021553 7.245624 1.586148
v -1.190854 6.270942 2.330614
v -1.021553 5.275153 2.164921
v -1.190854 4.254478 2.251858
v -0.896554 3.268140 1.400896
v -1.190854 2.243054 2.157351
v -0.948694 8.254959 2.289487
v -1.635203 -1.270624 2.378723
v -1.190854 13.156404 2.539487
v -1.190854 11.261867 2.225239
v -1.409157 10.026052 2.227978
v -1.065641 9.315094 2.014434
v -1.635203 -1.750358 2.802017
v -1.635203 -3.846625 2.773798
v -1.190854 13.371970 2.970620
v -1.190854 14.289108 2.735457
v -1.190854 15.700090 3.270419
v -1.190854 16.335032 2.900071
v -1.190854 17.077208 2.075514
v -1.190854 18.254910 3.111719
v -1.190854 18.620636 2.624083
v -1.190854 19.616863 2.745992
v -1.440496 20.307680 3.721263
v -0.608741 12.154289 12.784681
v -0.451348 15.370879 13.157959
v -0.451348 18.531481 13.722352
v -0.451348 19.173641 14.885426
v -0.451348 21.171965 17.449989
v -0.451348 11.424022 14.516079
v -0.451348 8.069020 15.621812
v -0.451348 5.635728 15.458504
v -0.451348 2.483880 14.560308
v -0.451348 -0.978255 12.780249
v -0.451348 -4.048449 9.742716
v -0.451348 -5.730523 7.325754
v -0.451348 -7.232959 6.460220
v -0.451348 -8.441440 6.770506
v -0.174401 -9.992868 7.227769
v -0.174401 -8.882373 5.692671
v -0.174401 -7.804539 5.026374
v -0.174401 -6.511137 4.497255
v -0.174401 -6.550331 3.850555
v -0.174401 -8.755810 1.420528
v -1.180579 -7.677478 1.442557
v -1.896376 -7.037854 1.456165
v -2.823029 -6.106997 1.502436
v -2.441072 -5.649734 2.949413
v -1.133178 -5.633403 4.654286
v -3.408217 -4.465748 1.665745
v -2.237645 -4.678049 2.939549
v -3.267762 -3.782575 0.646701
v -3.218220 -3.302449 0.323350
v -3.143598 -3.860963 1.234611
v -0.488528 -4.633956 5.046227
v -0.488528 -4.586924 7.092154
v -0.488528 -3.136746 8.706946
v -0.364970 -3.537674 3.694775
v -0.322768 -2.998984 4.016099
v -0.282997 -2.488646 4.450831
v -0.117758 -2.167321 5.017874
v -0.282997 -2.866675 4.469733
v -0.282997 -3.669986 4.649296
v -0.148131 -3.341101 5.749360
v -0.124265 -2.887467 6.690651
v -0.124265 -2.229697 7.382443
v -0.124265 -1.277064 8.062895
v -0.124265 0.616860 9.310390
v -0.124265 2.023128 10.013522
v -0.124265 3.712916 10.228999
v -0.124265 5.516113 9.945477
v -0.124265 7.160539 9.310390
v -0.124265 8.317307 8.210326
v -0.124265 7.943058 9.548548
v -0.124265 7.485794 10.267105
v -0.124265 6.832560 10.691708
v -0.124265 5.869040 11.328610
v -0.208542 5.599988 11.792316
v -0.140581 6.082238 11.873577
v -0.140581 7.755803 11.978585
v -0.140581 8.969959 11.716064
v -0.140581 10.243767 11.128154
v -0.140581 11.942175 9.887009
v -0.140581 12.542719 7.902809
v -0.353563 14.337440 8.155937
v -0.478278 16.395128 8.956149
v -0.478278 18.394026 9.497027
v -0.478278 18.820412 8.156590
v -0.478278 19.855133 6.087144
v -2.472424 21.526772 3.621828
v -1.380453 20.848558 12.657509
v -0.451348 10.192402 14.757379
v -0.766134 10.833894 12.822117
v -0.766134 9.581181 13.236721
v -0.766134 7.912412 13.800199
v -0.928678 18.458952 11.492813
v -0.928678 15.911335 10.940828
v -0.862870 13.465991 10.798502
v -0.895711 5.874321 13.780602
v -0.292819 7.513828 9.425343
v -0.292819 7.023902 9.928877
v -0.292819 6.452322 10.323539
v -0.292819 5.390817 10.922337
v -0.292819 5.009763 11.480308
v -0.895711 5.166651 13.617293
v -0.071443 6.515556 9.656814
v -0.292819 3.461597 10.872800
v -0.292819 1.972223 10.598441
v -0.451348 4.691945 15.285200
v -0.895711 3.108962 12.833412
v -0.488528 -1.980520 9.647604
v -0.451348 -2.508382 11.601215
v -0.488528 -0.118802 10.921411
v -0.451348 0.763620 13.952413
v -0.711829 1.494543 12.165932
v -0.926774 22.391056 17.401226
v -1.851102 22.067650 12.608746
vn -0.9818 0.1854 -0.0408
vn -1.0000 -0.0000 -0.0000
vn -0.9259 -0.2750 -0.2588
vn -0.8025 0.3625 -0.4739
vn -0.8111 0.3359 -0.4789
vn -0.8111 0.3359 0.4789
vn -0.8836 0.3184 0.3434
vn -0.8836 0.3184 -0.3434
vn -0.8025 0.3625 0.4739
vn -0.8716 0.4828 0.0854
vn -0.9620 -0.1686 0.2146
vn -0.9424 -0.0124 0.3342
vn -0.9829 0.0320 0.1813
vn -0.9748 -0.0522 0.2168
vn -0.9748 -0.0522 -0.2168
vn -0.9924 -0.0532 0.1114
vn -0.9924 -0.0532 -0.1114
vn -0.9829 0.0320 -0.1813
vn -0.9424 -0.0124 -0.3342
vn -0.9620 -0.1686 -0.2146
vn -0.8716 0.4828 -0.0854
vn -0.9259 -0.2750 0.2588
vn -0.9818 0.1854 0.0408
vn 0.9818 0.1854 -0.0408
vn 1.0000 -0.0000 -0.0000
vn 0.9259 -0.2750 -0.2588
vn 0.8025 0.3625 -0.4739
vn 0.8111 0.3359 -0.4789
vn 0.8111 0.3359 0.4789
vn 0.8836 0.3184 0.3434
vn 0.8836 0.3184 -0.3434
vn 0.8025 0.3625 0.4739
vn 0.8716 0.4828 0.0854
vn 0.9620 -0.1686 0.2146
vn 0.9424 -0.0124 0.3342
vn 0.9829 0.0320 0.1813
vn 0.9748 -0.0522 0.2168
vn 0.9748 -0.0522 -0.2168
vn 0.9924 -0.0532 0.1114
vn 0.9924 -0.0532 -0.1114
vn 0.9829 0.0320 -0.1813
vn 0.9424 -0.0124 -0.3342
vn 0.9620 -0.1686 -0.2146
vn 0.8716 0.4828 -0.0854
vn 0.9259 -0.2750 0.2588
vn 0.9818 0.1854 0.0408
vn 0.9685 -0.1591 -0.1914
vn 0.9883 -0.0077 -0.1522
vn 0.9883 -0.0077 0.1522
vn 0.9685 -0.1591 0.1914
vn 0.9867 -0.1620 0.0124
vn 0.9965 0.0160 0.0820
vn 0.9967 -0.0789 0.0211
vn 0.9885 -0.0012 0.1509
vn 0.7894 -0.1583 0.5932
vn 0.6399 0.6499 0.4101
vn -0.7894 -0.1583 0.5932
vn -0.6399 0.6499 0.4101
vn -0.9967 -0.0789 0.0211
vn -0.9965 0.0160 0.0820
vn -0.9885 -0.0012 0.1509
vn -0.9883 -0.0077 0.1522
vn -0.9885 -0.0012 -0.1509
vn -0.9883 -0.0077 -0.1522
vn -0.9887 -0.0000 0.1500
vn -0.9973 0.0118 0.0724
vn -0.9910 -0.0000 0.1336
vn -0.9950 0.0387 0.0921
vn -0.8897 0.1539 0.4298
vn -0.8477 0.3267 0.4180
vn 0.8897 0.1539 0.4298
vn 0.8477 0.3267 0.4180
vn -0.6858 0.5402 0.4878
vn 0.6858 0.5402 0.4878
vn 0.9973 0.0118 0.0724
vn 0.9950 0.0387 0.0921
vn 0.9887 -0.0000 0.1500
vn 0.9910 -0.0000 0.1336
vn 0.9874 0.0100 0.1581
vn 0.9819 0.0246 -0.1878
vn 0.9874 0.0100 -0.1581
vn 0.9865 -0.0021 0.1639
vn 0.7127 -0.0069 0.7014
vn 0.8267 0.1179 0.5502
vn -0.8267 0.1179 0.5502
vn -0.7675 0.0169 0.6408
vn -0.9856 0.0040 0.1693
vn -0.9874 0.0100 0.1581
vn -0.9856 0.0040 -0.1693
vn -0.9874 0.0100 -0.1581
vn -0.9853 -0.0006 0.1706
vn -0.9853 -0.0006 -0.1706
vn -0.9884 -0.0079 -0.1515
vn -0.9884 -0.0081 0.1515
vn -0.8436 -0.0645 0.5331
vn -0.8229 -0.0082 0.5681
vn -0.7869 0.0888 0.6107
vn -0.9378 -0.2859 0.1972
vn -0.9014 -0.0371 0.4314
vn -0.7218 -0.1041 0.6842
vn -1.0000 0.0001 -0.0053
vn -1.0000 -0.0028 -0.0018
vn -0.9395 -0.0217 0.3419
vn -1.0000 -0.0016 0.0026
vn -0.8933 -0.0830 -0.4418
vn -0.9072 -0.0405 -0.4188
vn -0.9198 -0.3765 -0.1107
vn -0.7921 -0.0759 -0.6057
vn 0.7921 -0.0759 -0.6057
vn 0.7481 -0.1485 -0.6468
vn -0.5160 -0.1463 -0.8440
vn -0.8550 -0.1025 -0.5084
vn 0.8550 -0.1025 -0.5084
vn 0.8933 -0.0830 -0.4418
vn 0.9072 -0.0405 -0.4188
vn 1.0000 -0.0016 0.0026
vn 0.9198 -0.3764 -0.1106
vn 0.9861 -0.0184 -0.1650
vn 0.9891 -0.0049 0.1474
vn 0.9378 -0.2859 0.1972
vn 1.0000 -0.0028 -0.0018
vn 1.0000 0.0001 -0.0053
vn 0.9014 -0.0371 0.4314
vn 0.7218 -0.1041 0.6842
vn 0.7869 0.0888 0.6107
vn 0.9395 -0.0217 0.3419
vn 0.7561 -0.2273 0.6138
vn -0.7561 -0.2273 0.6138
vn 0.7456 -0.5513 0.3744
vn -0.7456 -0.5513 0.3744
vn -0.9704 -0.1852 0.1551
vn -0.7671 -0.6412 0.0211
vn -0.9689 -0.1544 0.1933
vn -0.5159 0.3907 -0.7624
vn -0.2963 0.6617 -0.6888
vn 0.5159 0.3907 -0.7624
vn 0.2963 0.6617 -0.6888
vn 0.3369 0.7814 0.5253
vn -0.3369 0.7814 0.5253
vn -0.3288 0.5529 0.7656
vn 0.3288 0.5529 0.7656
vn 0.4036 0.4352 0.8048
vn 0.9301 -0.2340 -0.2832
vn 0.8920 -0.1756 -0.4165
vn 0.8588 -0.4573 -0.2312
vn 0.8803 -0.2232 -0.4187
vn -0.8588 -0.4573 -0.2312
vn -0.8803 -0.2232 -0.4187
vn -0.9301 -0.2340 -0.2832
vn -0.8920 -0.1756 -0.4165
vn -0.9651 0.0111 -0.2616
vn -0.4036 0.4352 0.8048
vn -0.4557 -0.4664 0.7582
vn 0.4557 -0.4664 0.7582
vn -0.4382 -0.5874 0.6804
vn 0.4382 -0.5874 0.6804
vn 0.9497 0.1729 -0.2611
vn 0.9577 0.1024 -0.2689
vn 0.8266 0.3368 -0.4508
vn 0.8829 0.1933 -0.4280
vn 0.9200 0.0738 -0.3850
vn 0.9651 0.0111 -0.2616
vn -0.8829 0.1933 -0.4280
vn -0.9200 0.0738 -0.3850
vn -0.9577 0.1024 -0.2689
vn -0.9497 0.1729 -0.2611
vn -0.8266 0.3368 -0.4508
vn -0.9274 0.2298 -0.2953
vn -0.9216 0.2189 0.3205
vn -0.8762 0.2785 0.3933
vn -0.8665 0.2857 0.4094
vn -0.8583 0.3693 0.3563
vn 0.8665 0.2857 0.4094
vn 0.8583 0.3693 0.3563
vn 0.9216 0.2189 0.3205
vn 0.8762 0.2785 0.3933
vn 0.8268 0.1517 0.5417
vn 0.8515 0.4103 -0.3263
vn 0.9274 0.2298 -0.2953
vn 0.7389 0.5231 -0.4247
vn 0.7760 0.4284 -0.4630
vn -0.7389 0.5231 -0.4247
vn -0.7760 0.4284 -0.4630
vn -0.8515 0.4103 -0.3263
vn -0.6326 0.6212 -0.4625
vn -0.8268 0.1517 0.5417
vn -0.7846 0.1933 0.5891
vn 0.7846 0.1933 0.5891
vn 0.6326 0.6212 -0.4625
vn 0.3445 -0.7101 0.6141
vn 0.9519 0.2727 0.1399
vn 0.2483 -0.6710 -0.6987
vn 0.9306 0.2956 0.2158
vn 0.9315 0.3638 -0.0000
vn 0.8330 0.5532 0.0112
vn 0.8002 0.4814 0.3578
vn 0.8953 0.0157 0.4452
vn 0.8420 0.1625 0.5145
vn 0.9970 0.0087 0.0768
vn 0.9143 0.2913 0.2813
vn 0.9671 0.0849 0.2398
vn 0.9991 -0.0335 0.0260
vn 0.6834 -0.2235 -0.6950
vn 0.9771 -0.1454 0.1550
vn 0.7074 0.2537 -0.6597
vn 0.7662 0.0411 -0.6413
vn 0.3125 -0.0179 -0.9498
vn -0.7662 0.0411 -0.6413
vn -0.3125 -0.0179 -0.9498
vn -0.6834 -0.2235 -0.6950
vn -0.9771 -0.1454 0.1550
vn -0.9991 -0.0335 0.0260
vn -0.7074 0.2537 -0.6597
vn -0.9688 -0.0147 0.2475
vn -0.9792 -0.1790 0.0957
vn -0.8081 -0.4312 0.4014
vn -0.7600 -0.6419 -0.1014
vn -0.8870 0.2665 -0.3771
vn -0.9946 -0.0598 0.0847
vn -0.9956 0.0305 0.0884
vn -0.9671 0.0849 0.2398
vn -0.6900 0.6616 -0.2934
vn -0.8020 0.4249 0.4199
vn -0.9143 0.2913 0.2813
vn -0.9970 0.0087 0.0768
vn -0.8420 0.1625 0.5145
vn -0.9315 0.3638 -0.0000
vn -0.8953 0.0157 0.4452
vn -0.9519 0.2727 0.1399
vn -0.8330 0.5532 0.0112
vn -0.8002 0.4814 0.3578
vn -0.9306 0.2956 0.2158
vn -0.7579 0.0289 0.6517
vn 0.7579 0.0289 0.6517
vn 0.8020 0.4249 0.4199
vn -0.6886 0.5421 -0.4817
vn 0.6886 0.5421 -0.4817
vn 0.6900 0.6616 -0.2934
vn 0.9966 -0.0688 0.0447
vn 0.8870 0.2665 -0.3771
vn 0.9946 -0.0598 0.0847
vn 0.9966 0.0614 0.0543
vn 0.8329 0.3347 0.4408
vn 0.7923 -0.4391 0.4236
vn 0.9956 0.0305 0.0884
vn 0.7600 -0.6419 -0.1014
vn 0.7431 -0.5422 -0.3923
vn 0.5926 -0.0084 -0.8054
vn 0.9939 -0.0064 0.1098
vn 0.5493 0.2023 -0.8107
vn 0.9970 0.0540 0.0553
vn -0.5493 0.2023 -0.8107
vn -0.5926 -0.0084 -0.8054
vn -0.9970 0.0540 0.0553
vn -0.9939 -0.0064 0.1098
vn -0.8920 0.2573 0.3717
vn -0.8377 0.4526 0.3058
vn 0.8920 0.2573 0.3717
vn 0.8377 0.4526 0.3058
vn -0.9200 -0.2352 0.3135
vn 0.9200 -0.2352 0.3135
vn 0.9970 -0.0444 0.0633
vn 0.9967 0.0080 0.0813
vn 0.8679 -0.3174 0.3820
vn 0.9938 -0.1089 -0.0240
vn 0.8001 -0.5118 0.3128
vn 0.6217 0.1819 -0.7618
vn 0.6900 0.2661 -0.6731
vn 0.9966 -0.0794 -0.0202
vn 0.7037 0.4183 -0.5743
vn -0.7037 0.4183 -0.5743
vn -0.6900 0.2661 -0.6731
vn -0.9966 -0.0794 -0.0202
vn -0.9938 -0.1089 -0.0240
vn -0.8231 -0.4962 0.2763
vn -0.8001 -0.5118 0.3128
vn -0.9967 0.0080 0.0813
vn -0.8679 -0.3174 0.3820
vn -0.9970 -0.0444 0.0633
vn 0.8231 -0.4962 0.2763
vn -0.8378 -0.5035 0.2111
vn 0.8378 -0.5035 0.2111
vn -0.7339 0.3196 -0.5993
vn 0.7339 0.3196 -0.5993
vn -0.6217 0.1819 -0.7618
vn -0.8329 0.3347 0.4408
vn -0.8147 -0.4338 0.3847
vn 0.8147 -0.4338 0.3847
vn -0.7923 -0.4391 0.4236
vn -0.9966 -0.0688 0.0447
vn -0.9981 0.0470 0.0404
vn -0.8157 0.3550 0.4568
vn -0.7066 0.2078 -0.6764
vn -0.9042 -0.0984 -0.4155
vn -0.9345 -0.1600 -0.3179
vn -0.8151 0.4980 0.2962
vn -0.8117 0.4450 0.3783
vn 0.8117 0.4450 0.3783
vn 0.8151 0.4980 0.2962
vn 0.9042 -0.0984 -0.4155
vn 0.9345 -0.1600 -0.3179
vn 0.8157 0.3550 0.4568
vn 0.9981 0.0470 0.0404
vn 0.7066 0.2078 -0.6764
vn -0.9966 0.0614 0.0543
vn -0.7431 -0.5422 -0.3923
vn 0.8081 -0.4312 0.4014
vn 0.9792 -0.1790 0.0957
vn 0.9688 -0.0147 0.2475
vn 0.7362 -0.0320 0.6760
vn 0.9689 -0.1544 0.1933
vn 0.9704 -0.1852 0.1551
vn 0.7671 -0.6412 0.0211
vn -0.7362 -0.0320 0.6760
vn -0.2483 -0.6710 -0.6987
vn -0.3445 -0.7101 0.6141
vn 0.8109 -0.0590 0.5822
vn 0.9870 -0.0006 0.1605
vn 0.7323 -0.0098 0.6809
vn 0.9777 -0.0007 -0.2100
vn 0.7323 -0.0098 -0.6809
vn 0.6849 0.1960 -0.7018
vn 0.0437 -0.0144 -0.9989
vn -0.3913 0.1550 -0.9071
vn -0.8267 0.1179 -0.5502
vn 0.8267 0.1179 -0.5502
vn 0.8897 0.1539 -0.4298
vn -0.8897 0.1539 -0.4298
vn -0.9887 -0.0000 -0.1500
vn -0.9910 -0.0000 -0.1336
vn -0.9973 0.0118 -0.0724
vn -0.9950 0.0387 -0.0921
vn -0.6858 0.5402 -0.4878
vn -0.8477 0.3267 -0.4180
vn 0.6858 0.5402 -0.4878
vn 0.8477 0.3267 -0.4180
vn 0.9973 0.0118 -0.0724
vn 0.9950 0.0387 -0.0921
vn 0.9887 -0.0000 -0.1500
vn 0.9910 -0.0000 -0.1336
vn 0.9885 -0.0012 -0.1509
vn 0.9967 -0.0789 -0.0211
vn 0.9964 0.0837 -0.0164
vn 0.7453 -0.4438 -0.4976
vn 0.7894 -0.1583 -0.5932
vn 0.9965 0.0160 -0.0820
vn 0.6399 0.6499 -0.4101
vn -0.7894 -0.1583 -0.5932
vn -0.6399 0.6499 -0.4101
vn -0.9967 -0.0789 -0.0211
vn -0.9965 0.0160 -0.0820
vn -0.9867 -0.1620 -0.0124
vn -0.7793 -0.0040 -0.6266
vn -0.9685 -0.1591 -0.1914
vn 0.7793 -0.0040 -0.6266
vn 0.9867 -0.1620 -0.0124
vn -0.7453 -0.4438 -0.4976
vn -0.9964 0.0837 -0.0164
vn -0.9691 0.1934 -0.1535
vn -0.9308 0.1988 -0.3067
vn -0.8686 -0.4954 -0.0123
vn 0.8686 -0.4954 -0.0123
vn -0.7025 0.6196 -0.3502
vn 0.7025 0.6196 -0.3502
vn 0.9691 0.1934 -0.1535
vn 0.5433 0.6309 -0.5539
vn 0.9308 0.1988 -0.3067
vn -0.5433 0.6309 -0.5539
vn 0.5433 0.6309 0.5539
vn 0.9308 0.1988 0.3067
vn 0.9964 0.0837 0.0164
vn 0.9691 0.1934 0.1535
vn 0.8686 -0.4954 0.0123
vn 0.7453 -0.4438 0.4976
vn -0.8686 -0.4954 0.0123
vn -0.7025 0.6196 0.3502
vn 0.7025 0.6196 0.3502
vn -0.9691 0.1934 0.1535
vn -0.5433 0.6309 0.5539
vn -0.9308 0.1988 0.3067
vn -0.9964 0.0837 0.0164
vn -0.7453 -0.4438 0.4976
vn -0.9685 -0.1591 0.1914
vn -0.9867 -0.1620 0.0124
vn -0.7793 -0.0040 0.6266
vn 0.7793 -0.0040 0.6266
vn 0.0592 0.0224 -0.9980
vn 0.8609 -0.3014 -0.4100
vn 0.1694 0.5133 -0.8413
vn 0.8005 0.4006 -0.4457
vn 0.1399 -0.0735 -0.9874
vn 0.8668 -0.2785 -0.4137
vn 0.1405 -0.0045 -0.9901
vn 0.8673 0.2565 -0.4265
vn 0.1985 -0.5569 -0.8065
vn 0.7539 -0.4631 -0.4660
vn 0.2127 0.4857 -0.8478
vn 0.7558 0.4338 -0.4905
vn 0.2483 -0.4960 -0.8321
vn 0.8118 -0.3023 -0.4997
vn 0.8739 0.2845 -0.3941
vn 0.1238 0.1301 -0.9837
vn 0.2057 -0.0602 -0.9768
vn 0.8940 -0.0370 -0.4465
vn 0.8706 0.1543 -0.4671
vn 0.2716 -0.0371 -0.9617
vn 0.1587 -0.3957 -0.9046
vn 0.7671 -0.4994 -0.4027
vn 0.8582 0.1194 -0.4992
vn 0.1695 0.2614 -0.9502
vn 0.8987 0.1770 -0.4012
vn 0.1171 0.6571 -0.7447
vn 0.9242 -0.0026 -0.3819
vn 0.1528 -0.0137 -0.9882
vn 0.0171 -0.8943 -0.4471
vn 0.5976 -0.7481 -0.2885
vn 0.0443 0.2481 -0.9677
vn 0.8805 0.0603 -0.4703
vn 0.2305 -0.4840 -0.8442
vn 0.8537 -0.1983 -0.4816
vn 0.2307 0.6623 -0.7128
vn 0.8164 0.3592 -0.4521
vn 0.1899 0.6623 -0.7247
vn 0.7875 0.4497 -0.4215
vn 0.1696 -0.5703 -0.8038
vn 0.8418 -0.3324 -0.4254
vn 0.0296 0.7996 -0.5997
vn 0.8418 0.2994 -0.4491
vn 0.0441 -0.1213 -0.9916
vn 0.8696 -0.0302 -0.4928
vn 0.0210 -0.8171 -0.5761
vn 0.8398 -0.4061 -0.3603
vn 0.9246 0.2152 -0.3143
vn 0.7468 0.1259 -0.6530
vn 0.7029 -0.1256 -0.7001
vn 0.7129 -0.0489 -0.6995
vn 0.7042 -0.2418 -0.6676
vn 0.6919 -0.4395 -0.5729
vn 0.7117 -0.5795 -0.3971
vn 0.6458 -0.3645 -0.6709
vn 0.7551 0.1183 -0.6448
vn 0.6033 0.2135 -0.7684
vn 0.7245 -0.6491 0.2321
vn 0.9161 -0.3209 0.2402
vn 0.9630 -0.2185 0.1581
vn 0.9549 -0.1087 0.2765
vn 0.9354 -0.2096 0.2848
vn 0.9143 -0.4044 -0.0245
vn 0.7717 -0.3314 -0.5428
vn 0.8137 -0.3057 -0.4944
vn 0.8933 -0.3411 -0.2926
vn 0.9797 -0.0787 0.1843
vn 0.7899 -0.4974 -0.3587
vn 0.6145 -0.5842 -0.5302
vn 0.6522 -0.7434 -0.1483
vn 0.5588 -0.6366 -0.5315
vn 0.5308 -0.7085 -0.4650
vn 0.7630 -0.6399 -0.0909
vn 0.5128 -0.8028 -0.3042
vn 0.9843 -0.0669 0.1635
vn 0.9254 -0.3787 -0.0139
vn 0.9137 -0.3985 -0.0794
vn 0.8522 -0.1539 -0.5001
vn 0.7827 0.1699 -0.5988
vn 0.8995 0.2491 -0.3589
vn 0.9197 0.2802 -0.2751
vn 0.9187 0.3164 -0.2362
vn 0.8683 0.4770 -0.1361
vn 0.1691 0.3091 -0.9359
vn 0.5737 0.5387 -0.6170
vn 0.5578 0.6296 -0.5408
vn 0.0302 0.9993 -0.0202
vn -0.2037 0.9752 -0.0870
vn -0.7763 0.2951 -0.5571
vn -0.7041 0.1510 -0.6939
vn 0.2422 0.4889 -0.8381
vn 0.2855 0.7472 -0.6002
vn 0.8315 0.5537 0.0444
vn 0.9995 -0.0244 -0.0190
vn 0.9552 0.2604 -0.1408
vn 0.8856 -0.3177 0.3387
vn 0.5399 0.7816 0.3124
vn 0.6144 0.5532 0.5625
vn 0.6874 0.4042 0.6034
vn 0.7282 0.1113 0.6763
vn 0.5955 -0.4721 -0.6500
vn 0.7812 -0.3699 -0.5029
vn 0.5387 0.1676 -0.8256
vn 0.5836 0.0406 -0.8110
vn 0.9963 0.0043 -0.0861
vn 0.9960 0.0222 -0.0861
vn 0.9603 0.2531 -0.1176
vn 0.7398 0.6607 0.1271
vn 0.8209 0.5228 0.2298
vn 0.9685 0.2486 -0.0118
vn 0.8556 0.3735 0.3583
vn 0.8903 0.2586 0.3748
vn 0.9787 0.1936 0.0685
vn 0.9733 0.1695 0.1549
vn 0.8579 -0.3426 0.3829
vn 0.9534 -0.0577 0.2961
vn 0.9148 -0.0708 0.3978
vn 0.9057 0.0597 0.4198
vn 0.9196 0.1844 0.3468
vn 0.9217 0.2092 0.3267
vn 0.7364 0.6562 -0.1650
vn 0.5319 -0.6660 -0.5230
vn 0.9156 0.3969 -0.0639
vn 0.9241 0.2188 -0.3132
vn 0.8949 0.2535 -0.3671
vn 0.8500 0.4502 -0.2737
vn 0.9051 0.1915 0.3797
vn 0.9162 0.0243 0.4000
vn 0.9165 -0.0826 0.3913
vn 0.9223 -0.1700 0.3471
vn 0.9390 -0.2069 0.2749
vn 0.8892 -0.4349 0.1419
vn 0.8881 -0.0004 0.4597
vn 0.7393 0.2340 0.6314
vn 0.7368 0.1476 0.6598
vn 0.6746 -0.7304 0.1075
vn 0.8276 -0.4880 0.2773
vn 0.2729 -0.9315 0.2403
vn 0.9452 -0.2575 -0.2006
vn 0.5320 -0.8450 -0.0547
vn 0.9733 -0.2052 0.1026
vn 0.9645 -0.2515 0.0800
vn 0.9393 -0.3004 -0.1659
vn 0.9814 -0.1916 -0.0125
vn 0.4433 -0.7986 -0.4071
vn -0.0382 0.9978 0.0544
vn -0.0804 0.9934 0.0821
vn 0.8976 -0.0072 -0.4408
vn 0.8595 -0.0486 -0.5088
vn 0.9752 0.0517 0.2152
vn 0.9792 0.0010 0.2028
vn 0.9580 -0.2355 0.1639
vn 0.9122 -0.3921 0.1187
vn 0.9735 -0.0442 0.2242
vn 0.7359 0.2544 -0.6275
vn 0.9834 0.0463 -0.1753
vn 0.9393 -0.0945 0.3299
vn 0.9833 0.0642 -0.1705
vn 0.9395 -0.1263 0.3184
vn 0.9827 0.1211 -0.1404
vn 0.9852 0.0003 -0.1716
vn 0.9778 -0.0402 -0.2057
vn 0.9370 0.0443 0.3464
vn 0.9770 0.0196 -0.2124
vn 0.9356 0.3401 -0.0951
vn 0.8887 -0.3159 0.3322
vn 0.9463 0.2555 -0.1980
vn 0.9526 0.1692 -0.2529
vn 0.9567 0.1516 -0.2484
vn 0.9786 0.2002 -0.0467
vn 0.9326 0.1230 0.3393
vn 0.9423 -0.1858 0.2783
vn 0.9110 -0.2736 0.3087
vn 0.9403 -0.1087 0.3225
vn 0.9828 -0.0544 0.1766
vn 0.9906 0.0035 0.1371
vn 0.9660 0.0393 0.2554
vn 0.7077 -0.2174 -0.6722
vn 0.9679 -0.0502 -0.2464
vn 0.9703 -0.0806 -0.2279
vn 0.7154 -0.5360 -0.4482
vn 0.9763 0.1318 0.1715
vn 0.9997 -0.0172 -0.0166
vn 0.9785 0.1150 0.1713
vn 0.9998 -0.0112 -0.0154
vn 0.9817 -0.1128 -0.1534
vn 0.9749 0.0773 0.2089
vn 0.9947 -0.0949 -0.0398
vn 0.6904 -0.4053 -0.5992
vn 0.9686 0.0532 0.2427
vn 0.9618 0.0257 0.2725
vn 0.9555 0.1077 0.2745
vn 0.9493 0.1455 0.2785
vn 0.8513 -0.5208 -0.0638
vn 0.9160 -0.3474 -0.2006
vn 0.7574 -0.3581 -0.5460
vn 0.7712 -0.5874 -0.2455
vn 0.6310 0.6656 -0.3985
vn 0.6437 0.6070 -0.4660
vn 0.6740 0.7380 -0.0338
vn 0.5694 0.8218 0.0186
vn 0.6392 0.6774 -0.3640
vn 0.7527 0.3048 -0.5836
vn -0.0592 0.0224 -0.9980
vn -0.8609 -0.3014 -0.4100
vn -0.1694 0.5133 -0.8413
vn -0.8005 0.4006 -0.4457
vn -0.1399 -0.0735 -0.9874
vn -0.8668 -0.2785 -0.4137
vn -0.1405 -0.0045 -0.9901
vn -0.8673 0.2565 -0.4265
vn -0.1985 -0.5569 -0.8065
vn -0.7539 -0.4631 -0.4660
vn -0.2127 0.4857 -0.8478
vn -0.7558 0.4338 -0.4905
vn -0.2483 -0.4960 -0.8321
vn -0.8118 -0.3023 -0.4997
vn -0.8739 0.2845 -0.3941
vn -0.1238 0.1301 -0.9837
vn -0.2057 -0.0602 -0.9768
vn -0.8940 -0.0370 -0.4465
vn -0.8706 0.1543 -0.4671
vn -0.2716 -0.0371 -0.9617
vn -0.1587 -0.3957 -0.9046
vn -0.7671 -0.4994 -0.4027
vn -0.8582 0.1194 -0.4992
vn -0.1695 0.2614 -0.9502
vn -0.8987 0.1770 -0.4012
vn -0.1171 0.6571 -0.7447
vn -0.9242 -0.0026 -0.3819
vn -0.1528 -0.0137 -0.9882
vn -0.0171 -0.8943 -0.4471
vn -0.5976 -0.7481 -0.2885
vn -0.0443 0.2481 -0.9677
vn -0.8805 0.0603 -0.4703
vn -0.2305 -0.4840 -0.8442
vn -0.8537 -0.1983 -0.4816
vn -0.2307 0.6623 -0.7128
vn -0.8164 0.3592 -0.4521
vn -0.1899 0.6623 -0.7247
vn -0.7875 0.4497 -0.4215
vn -0.1696 -0.5703 -0.8038
vn -0.8418 -0.3324 -0.4254
vn -0.0296 0.7996 -0.5997
vn -0.8418 0.2994 -0.4491
vn -0.0441 -0.1213 -0.9916
vn -0.8696 -0.0302 -0.4928
vn -0.0210 -0.8171 -0.5761
vn -0.8398 -0.4061 -0.3603
vn -0.9246 0.2152 -0.3143
vn -0.7468 0.1259 -0.6530
vn -0.7029 -0.1256 -0.7001
vn -0.7129 -0.0489 -0.6995
vn -0.7042 -0.2418 -0.6676
vn -0.6919 -0.4395 -0.5729
vn -0.7117 -0.5795 -0.3971
vn -0.6458 -0.3645 -0.6709
vn -0.7551 0.1183 -0.6448
vn -0.6033 0.2135 -0.7684
vn -0.7245 -0.6491 0.2321
vn -0.9161 -0.3209 0.2402
vn -0.9630 -0.2185 0.1581
vn -0.9549 -0.1087 0.2765
vn -0.9354 -0.2096 0.2848
vn -0.9143 -0.4044 -0.0245
vn -0.7717 -0.3314 -0.5428
vn -0.8137 -0.3057 -0.4944
vn -0.8933 -0.3411 -0.2926
vn -0.9797 -0.0787 0.1843
vn -0.7899 -0.4974 -0.3587
vn -0.6145 -0.5842 -0.5302
vn -0.6522 -0.7434 -0.1483
vn -0.5588 -0.6366 -0.5315
vn -0.5308 -0.7085 -0.4650
vn -0.7630 -0.6399 -0.0909
vn -0.5128 -0.8028 -0.3042
vn -0.9843 -0.0669 0.1635
vn -0.9254 -0.3787 -0.0139
vn -0.9137 -0.3985 -0.0794
vn -0.8522 -0.1539 -0.5001
vn -0.7827 0.1699 -0.5988
vn -0.8995 0.2491 -0.3589
vn -0.9197 0.2802 -0.2751
vn -0.9187 0.3164 -0.2362
vn -0.8683 0.4770 -0.1361
vn -0.1691 0.3091 -0.9359
vn -0.5737 0.5387 -0.6170
vn -0.5578 0.6296 -0.5408
vn -0.0302 0.9993 -0.0202
vn 0.2037 0.9752 -0.0870
vn 0.7763 0.2951 -0.5571
vn 0.7041 0.1510 -0.6939
vn -0.2422 0.4889 -0.8381
vn -0.2855 0.7472 -0.6002
vn -0.8315 0.5537 0.0444
vn -0.9995 -0.0244 -0.0190
vn -0.9552 0.2604 -0.1408
vn -0.8856 -0.3177 0.3387
vn -0.5399 0.7816 0.3124
vn -0.6144 0.5532 0.5625
vn -0.6874 0.4042 0.6034
vn -0.7282 0.1113 0.6763
vn -0.5955 -0.4721 -0.6500
vn -0.7812 -0.3699 -0.5029
vn -0.5387 0.1676 -0.8256
vn -0.5836 0.0406 -0.8110
vn -0.9963 0.0043 -0.0861
vn -0.9960 0.0222 -0.0861
vn -0.9603 0.2531 -0.1176
vn -0.7398 0.6607 0.1271
vn -0.8209 0.5228 0.2298
vn -0.9685 0.2486 -0.0118
vn -0.8556 0.3735 0.3583
vn -0.8903 0.2586 0.3748
vn -0.9787 0.1936 0.0685
vn -0.9733 0.1695 0.1549
vn -0.8579 -0.3426 0.3829
vn -0.9534 -0.0577 0.2961
vn -0.9148 -0.0708 0.3978
vn -0.9057 0.0597 0.4198
vn -0.9196 0.1844 0.3468
vn -0.9217 0.2092 0.3267
vn -0.7364 0.6562 -0.1650
vn -0.5319 -0.6660 -0.5230
vn -0.9156 0.3969 -0.0639
vn -0.9241 0.2188 -0.3132
vn -0.8949 0.2535 -0.3671
vn -0.8500 0.4502 -0.2737
vn -0.9051 0.1915 0.3797
vn -0.9162 0.0243 0.4000
vn -0.9165 -0.0826 0.3913
vn -0.9223 -0.1700 0.3471
vn -0.9390 -0.2069 0.2749
vn -0.8892 -0.4349 0.1419
vn -0.8881 -0.0004 0.4597
vn -0.7393 0.2340 0.6314
vn -0.7368 0.1476 0.6598
vn -0.6746 -0.7304 0.1075
vn -0.8276 -0.4880 0.2773
vn -0.2729 -0.9315 0.2403
vn -0.9452 -0.2575 -0.2006
vn -0.5320 -0.8450 -0.0547
vn -0.9733 -0.2052 0.1026
vn -0.9645 -0.2515 0.0800
vn -0.9393 -0.3004 -0.1659
vn -0.9814 -0.1916 -0.0125
vn -0.4433 -0.7986 -0.4071
vn 0.0382 0.9978 0.0544
vn 0.0804 0.9934 0.0821
vn -0.8976 -0.0072 -0.4408
vn -0.8595 -0.0486 -0.5088
vn -0.9752 0.0517 0.2152
vn -0.9792 0.0010 0.2028
vn -0.9580 -0.2355 0.1639
vn -0.9122 -0.3921 0.1187
vn -0.9735 -0.0442 0.2242
vn -0.7359 0.2544 -0.6275
vn -0.9834 0.0463 -0.1753
vn -0.9393 -0.0945 0.3299
vn -0.9833 0.0642 -0.1705
vn -0.9395 -0.1263 0.3184
vn -0.9827 0.1211 -0.1404
vn -0.9852 0.0003 -0.1716
vn -0.9778 -0.0402 -0.2057
vn -0.9370 0.0443 0.3464
vn -0.9770 0.0196 -0.2124
vn -0.9356 0.3401 -0.0951
vn -0.8887 -0.3159 0.3322
vn -0.9463 0.2555 -0.1980
vn -0.9526 0.1692 -0.2529
vn -0.9567 0.1516 -0.2484
vn -0.9786 0.2002 -0.0467
vn -0.9326 0.1230 0.3393
vn -0.9423 -0.1858 0.2783
vn -0.9110 -0.2736 0.3087
vn -0.9403 -0.1087 0.3225
vn -0.9828 -0.0544 0.1766
vn -0.9906 0.0035 0.1371
vn -0.9660 0.0393 0.2554
vn -0.7077 -0.2174 -0.6722
vn -0.9679 -0.0502 -0.2464
vn -0.9703 -0.0806 -0.2279
vn -0.7154 -0.5360 -0.4482
vn -0.9763 0.1318 0.1715
vn -0.9997 -0.0172 -0.0166
vn -0.9785 0.1150 0.1713
vn -0.9998 -0.0112 -0.0154
vn -0.9817 -0.1128 -0.1534
vn -0.9749 0.0773 0.2089
vn -0.9947 -0.0949 -0.0398
vn -0.6904 -0.4053 -0.5992
vn -0.9686 0.0532 0.2427
vn -0.9618 0.0257 0.2725
vn -0.9555 0.1077 0.2745
vn -0.9493 0.1455 0.2785
vn -0.8513 -0.5208 -0.0638
vn -0.9160 -0.3474 -0.2006
vn -0.7574 -0.3581 -0.5460
vn -0.7712 -0.5874 -0.2455
vn -0.6310 0.6656 -0.3985
vn -0.6437 0.6070 -0.4660
vn -0.6740 0.7380 -0.0338
vn -0.5694 0.8218 0.0186
vn -0.6392 0.6774 -0.3640
vn -0.7527 0.3048 -0.5836
vn 0.0592 0.0224 0.9980
vn 0.8609 -0.3014 0.4100
vn 0.1694 0.5133 0.8413
vn 0.8005 0.4006 0.4457
vn 0.1399 -0.0735 0.9874
vn 0.8668 -0.2785 0.4137
vn 0.1405 -0.0045 0.9901
vn 0.8673 0.2565 0.4265
vn 0.1985 -0.5569 0.8065
vn 0.7539 -0.4631 0.4660
vn 0.2127 0.4857 0.8478
vn 0.7558 0.4338 0.4905
vn 0.2483 -0.4960 0.8321
vn 0.8118 -0.3023 0.4997
vn 0.8739 0.2845 0.3941
vn 0.1238 0.1301 0.9837
vn 0.2057 -0.0602 0.9768
vn 0.8940 -0.0370 0.4465
vn 0.8706 0.1543 0.4671
vn 0.2716 -0.0371 0.9617
vn 0.1587 -0.3957 0.9046
vn 0.7671 -0.4994 0.4027
vn 0.8582 0.1194 0.4992
vn 0.1695 0.2614 0.9502
vn 0.8987 0.1770 0.4012
vn 0.1171 0.6571 0.7447
vn 0.9242 -0.0026 0.3819
vn 0.1528 -0.0137 0.9882
vn 0.0171 -0.8943 0.4471
vn 0.5976 -0.7481 0.2885
vn 0.0443 0.2481 0.9677
vn 0.8805 0.0603 0.4703
vn 0.2305 -0.4840 0.8442
vn 0.8537 -0.1983 0.4816
vn 0.2307 0.6623 0.7128
vn 0.8164 0.3592 0.4521
vn 0.1899 0.6623 0.7247
vn 0.7875 0.4497 0.4215
vn 0.1696 -0.5703 0.8038
vn 0.8418 -0.3324 0.4254
vn 0.0296 0.7996 0.5997
vn 0.8418 0.2994 0.4491
vn 0.0441 -0.1213 0.9916
vn 0.8696 -0.0302 0.4928
vn 0.0210 -0.8171 0.5761
vn 0.8398 -0.4061 0.3603
vn 0.9246 0.2152 0.3143
vn 0.7468 0.1259 0.6530
vn 0.7029 -0.1256 0.7001
vn 0.7129 -0.0489 0.6995
vn 0.7042 -0.2418 0.6676
vn 0.6919 -0.4395 0.5729
vn 0.7117 -0.5795 0.3971
vn 0.6458 -0.3645 0.6709
vn 0.7551 0.1183 0.6448
vn 0.6033 0.2135 0.7684
vn 0.7245 -0.6491 -0.2321
vn 0.9161 -0.3209 -0.2402
vn 0.9630 -0.2185 -0.1581
vn 0.9549 -0.1087 -0.2765
vn 0.9354 -0.2096 -0.2848
vn 0.9143 -0.4044 0.0245
vn 0.7717 -0.3314 0.5428
vn 0.8137 -0.3057 0.4944
vn 0.8933 -0.3411 0.2926
vn 0.9797 -0.0787 -0.1843
vn 0.7899 -0.4974 0.3587
vn 0.6145 -0.5842 0.5302
vn 0.6522 -0.7434 0.1483
vn 0.5588 -0.6366 0.5315
vn 0.5308 -0.7085 0.4650
vn 0.7630 -0.6399 0.0909
vn 0.5128 -0.8028 0.3042
vn 0.9843 -0.0669 -0.1635
vn 0.9254 -0.3787 0.0139
vn 0.9137 -0.3985 0.0794
vn 0.8522 -0.1539 0.5001
vn 0.7827 0.1699 0.5988
vn 0.8995 0.2491 0.3589
vn 0.9197 0.2802 0.2751
vn 0.9187 0.3164 0.2362
vn 0.8683 0.4770 0.1361
vn 0.1691 0.3091 0.9359
vn 0.5737 0.5387 0.6170
vn 0.5578 0.6296 0.5408
vn 0.0302 0.9993 0.0202
vn -0.2037 0.9752 0.0870
vn -0.7763 0.2951 0.5571
vn -0.7041 0.1510 0.6939
vn 0.2422 0.4889 0.8381
vn 0.2855 0.7472 0.6002
vn 0.8315 0.5537 -0.0444
vn 0.9995 -0.0244 0.0190
vn 0.9552 0.2604 0.1408
vn 0.8856 -0.3177 -0.3387
vn 0.5399 0.7816 -0.3124
vn 0.6144 0.5532 -0.5625
vn 0.6874 0.4042 -0.6034
vn 0.7282 0.1113 -0.6763
vn 0.5955 -0.4721 0.6500
vn 0.7812 -0.3699 0.5029
vn 0.5387 0.1676 0.8256
vn 0.5836 0.0406 0.8110
vn 0.9963 0.0043 0.0861
vn 0.9960 0.0222 0.0861
vn 0.9603 0.2531 0.1176
vn 0.7398 0.6607 -0.1271
vn 0.8209 0.5228 -0.2298
vn 0.9685 0.2486 0.0118
vn 0.8556 0.3735 -0.3583
vn 0.8903 0.2586 -0.3748
vn 0.9787 0.1936 -0.0685
vn 0.9733 0.1695 -0.1549
vn 0.8579 -0.3426 -0.3829
vn 0.9534 -0.0577 -0.2961
vn 0.9148 -0.0708 -0.3978
vn 0.9057 0.0597 -0.4198
vn 0.9196 0.1844 -0.3468
vn 0.9217 0.2092 -0.3267
vn 0.7364 0.6562 0.1650
vn 0.5319 -0.6660 0.5230
vn 0.9156 0.3969 0.0639
vn 0.9241 0.2188 0.3132
vn 0.8949 0.2535 0.3671
vn 0.8500 0.4502 0.2737
vn 0.9051 0.1915 -0.3797
vn 0.9162 0.0243 -0.4000
vn 0.9165 -0.0826 -0.3913
vn 0.9223 -0.1700 -0.3471
vn 0.9390 -0.2069 -0.2749
vn 0.8892 -0.4349 -0.1419
vn 0.8881 -0.0004 -0.4597
vn 0.7393 0.2340 -0.6314
vn 0.7368 0.1476 -0.6598
vn 0.6746 -0.7304 -0.1075
vn 0.8276 -0.4880 -0.2773
vn 0.2729 -0.9315 -0.2403
vn 0.9452 -0.2575 0.2006
vn 0.5320 -0.8450 0.0547
vn 0.9733 -0.2052 -0.1026
vn 0.9645 -0.2515 -0.0800
vn 0.9393 -0.3004 0.1659
vn 0.9814 -0.1916 0.0125
vn 0.4433 -0.7986 0.4071
vn -0.0382 0.9978 -0.0544
vn -0.0804 0.9934 -0.0821
vn 0.8976 -0.0072 0.4408
vn 0.8595 -0.0486 0.5088
vn 0.9752 0.0517 -0.2152
vn 0.9792 0.0010 -0.2028
vn 0.9580 -0.2355 -0.1639
vn 0.9122 -0.3921 -0.1187
vn 0.9735 -0.0442 -0.2242
vn 0.7359 0.2544 0.6275
vn 0.9834 0.0463 0.1753
vn 0.9393 -0.0945 -0.3299
vn 0.9833 0.0642 0.1705
vn 0.9395 -0.1263 -0.3184
vn 0.9827 0.1211 0.1404
vn 0.9852 0.0003 0.1716
vn 0.9778 -0.0402 0.2057
vn 0.9370 0.0443 -0.3464
vn 0.9770 0.0196 0.2124
vn 0.9356 0.3401 0.0951
vn 0.8887 -0.3159 -0.3322
vn 0.9463 0.2555 0.1980
vn 0.9526 0.1692 0.2529
vn 0.9567 0.1516 0.2484
vn 0.9786 0.2002 0.0467
vn 0.9326 0.1230 -0.3393
vn 0.9423 -0.1858 -0.2783
vn 0.9110 -0.2736 -0.3087
vn 0.9403 -0.1087 -0.3225
vn 0.9828 -0.0544 -0.1766
vn 0.9906 0.0035 -0.1371
vn 0.9660 0.0393 -0.2554
vn 0.7077 -0.2174 0.6722
vn 0.9679 -0.0502 0.2464
vn 0.9703 -0.0806 0.2279
vn 0.7154 -0.5360 0.4482
vn 0.9763 0.1318 -0.1715
vn 0.9997 -0.0172 0.0166
vn 0.9785 0.1150 -0.1713
vn 0.9998 -0.0112 0.0154
vn 0.9817 -0.1128 0.1534
vn 0.9749 0.0773 -0.2089
vn 0.9947 -0.0949 0.0398
vn 0.6904 -0.4053 0.5992
vn 0.9686 0.0532 -0.2427
vn 0.9618 0.0257 -0.2725
vn 0.9555 0.1077 -0.2745
vn 0.9493 0.1455 -0.2785
vn 0.8513 -0.5208 0.0638
vn 0.9160 -0.3474 0.2006
vn 0.7574 -0.3581 0.5460
vn 0.7712 -0.5874 0.2455
vn 0.6310 0.6656 0.3985
vn 0.6437 0.6070 0.4660
vn 0.6740 0.7380 0.0338
vn 0.5694 0.8218 -0.0186
vn 0.6392 0.6774 0.3640
vn 0.7527 0.3048 0.5836
vn -0.0592 0.0224 0.9980
vn -0.8609 -0.3014 0.4100
vn -0.1694 0.5133 0.8413
vn -0.8005 0.4006 0.4457
vn -0.1399 -0.0735 0.9874
vn -0.8668 -0.2785 0.4137
vn -0.1405 -0.0045 0.9901
vn -0.8673 0.2565 0.4265
vn -0.1985 -0.5569 0.8065
vn -0.7539 -0.4631 0.4660
vn -0.2127 0.4857 0.8478
vn -0.7558 0.4338 0.4905
vn -0.2483 -0.4960 0.8321
vn -0.8118 -0.3023 0.4997
vn -0.8739 0.2845 0.3941
vn -0.1238 0.1301 0.9837
vn -0.2057 -0.0602 0.9768
vn -0.8940 -0.0370 0.4465
vn -0.8706 0.1543 0.4671
vn -0.2716 -0.0371 0.9617
vn -0.1587 -0.3957 0.9046
vn -0.7671 -0.4994 0.4027
vn -0.8582 0.1194 0.4992
vn -0.1695 0.2614 0.9502
vn -0.8987 0.1770 0.4012
vn -0.1171 0.6571 0.7447
vn -0.9242 -0.0026 0.3819
vn -0.1528 -0.0137 0.9882
vn -0.0171 -0.8943 0.4471
vn -0.5976 -0.7481 0.2885
vn -0.0443 0.2481 0.9677
vn -0.8805 0.0603 0.4703
vn -0.2305 -0.4840 0.8442
vn -0.8537 -0.1983 0.4816
vn -0.2307 0.6623 0.7128
vn -0.8164 0.3592 0.4521
vn -0.1899 0.6623 0.7247
vn -0.7875 0.4497 0.4215
vn -0.1696 -0.5703 0.8038
vn -0.8418 -0.3324 0.4254
vn -0.0296 0.7996 0.5997
vn -0.8418 0.2994 0.4491
vn -0.0441 -0.1213 0.9916
vn -0.8696 -0.0302 0.4928
vn -0.0210 -0.8171 0.5761
vn -0.8398 -0.4061 0.3603
vn -0.9246 0.2152 0.3143
vn -0.7468 0.1259 0.6530
vn -0.7029 -0.1256 0.7001
vn -0.7129 -0.0489 0.6995
vn -0.7042 -0.2418 0.6676
vn -0.6919 -0.4395 0.5729
vn -0.7117 -0.5795 0.3971
vn -0.6458 -0.3645 0.6709
vn -0.7551 0.1183 0.6448
vn -0.6033 0.2135 0.7684
vn -0.7245 -0.6491 -0.2321
vn -0.9161 -0.3209 -0.2402
vn -0.9630 -0.2185 -0.1581
vn -0.9549 -0.1087 -0.2765
vn -0.9354 -0.2096 -0.2848
vn -0.9143 -0.4044 0.0245
vn -0.7717 -0.3314 0.5428
vn -0.8137 -0.3057 0.4944
vn -0.8933 -0.3411 0.2926
vn -0.9797 -0.0787 -0.1843
vn -0.7899 -0.4974 0.3587
vn -0.6145 -0.5842 0.5302
vn -0.6522 -0.7434 0.1483
vn -0.5588 -0.6366 0.5315
vn -0.5308 -0.7085 0.4650
vn -0.7630 -0.6399 0.0909
vn -0.5128 -0.8028 0.3042
vn -0.9843 -0.0669 -0.1635
vn -0.9254 -0.3787 0.0139
vn -0.9137 -0.3985 0.0794
vn -0.8522 -0.1539 0.5001
vn -0.7827 0.1699 0.5988
vn -0.8995 0.2491 0.3589
vn -0.9197 0.2802 0.2751
vn -0.9187 0.3164 0.2362
vn -0.8683 0.4770 0.1361
vn -0.1691 0.3091 0.9359
vn -0.5737 0.5387 0.6170
vn -0.5578 0.6296 0.5408
vn -0.0302 0.9993 0.0202
vn 0.2037 0.9752 0.0870
vn 0.7763 0.2951 0.5571
vn 0.7041 0.1510 0.6939
vn -0.2422 0.4889 0.8381
vn -0.2855 0.7472 0.6002
vn -0.8315 0.5537 -0.0444
vn -0.9995 -0.0244 0.0190
vn -0.9552 0.2604 0.1408
vn -0.8856 -0.3177 -0.3387
vn -0.5399 0.7816 -0.3124
vn -0.6144 0.5532 -0.5625
vn -0.6874 0.4042 -0.6034
vn -0.7282 0.1113 -0.6763
vn -0.5955 -0.4721 0.6500
vn -0.7812 -0.3699 0.5029
vn -0.5387 0.1676 0.8256
vn -0.5836 0.0406 0.8110
vn -0.9963 0.0043 0.0861
vn -0.9960 0.0222 0.0861
vn -0.9603 0.2531 0.1176
vn -0.7398 0.6607 -0.1271
vn -0.8209 0.5228 -0.2298
vn -0.9685 0.2486 0.0118
vn -0.8556 0.3735 -0.3583
vn -0.8903 0.2586 -0.3748
vn -0.9787 0.1936 -0.0685
vn -0.9733 0.1695 -0.1549
vn -0.8579 -0.3426 -0.3829
vn -0.9534 -0.0577 -0.2961
vn -0.9148 -0.0708 -0.3978
vn -0.9057 0.0597 -0.4198
vn -0.9196 0.1844 -0.3468
vn -0.9217 0.2092 -0.3267
vn -0.7364 0.6562 0.1650
vn -0.5319 -0.6660 0.5230
vn -0.9156 0.3969 0.0639
vn -0.9241 0.2188 0.3132
vn -0.8949 0.2535 0.3671
vn -0.8500 0.4502 0.2737
vn -0.9051 0.1915 -0.3797
vn -0.9162 0.0243 -0.4000
vn -0.9165 -0.0826 -0.3913
vn -0.9223 -0.1700 -0.3471
vn -0.9390 -0.2069 -0.2749
vn -0.8892 -0.4349 -0.1419
vn -0.8881 -0.0004 -0.4597
vn -0.7393 0.2340 -0.6314
vn -0.7368 0.1476 -0.6598
vn -0.6746 -0.7304 -0.1075
vn -0.8276 -0.4880 -0.2773
vn -0.2729 -0.9315 -0.2403
vn -0.9452 -0.2575 0.2006
vn -0.5320 -0.8450 0.0547
vn -0.9733 -0.2052 -0.1026
vn -0.9645 -0.2515 -0.0800
vn -0.9393 -0.3004 0.1659
vn -0.9814 -0.1916 0.0125
vn -0.4433 -0.7986 0.4071
vn 0.0382 0.9978 -0.0544
vn 0.0804 0.9934 -0.0821
vn -0.8976 -0.0072 0.4408
vn -0.8595 -0.0486 0.5088
vn -0.9752 0.0517 -0.2152
vn -0.9792 0.0010 -0.2028
vn -0.9580 -0.2355 -0.1639
vn -0.9122 -0.3921 -0.1187
vn -0.9735 -0.0442 -0.2242
vn -0.7359 0.2544 0.6275
vn -0.9834 0.0463 0.1753
vn -0.9393 -0.0945 -0.3299
vn -0.9833 0.0642 0.1705
vn -0.9395 -0.1263 -0.3184
vn -0.9827 0.1211 0.1404
vn -0.9852 0.0003 0.1716
vn -0.9778 -0.0402 0.2057
vn -0.9370 0.0443 -0.3464
vn -0.9770 0.0196 0.2124
vn -0.9356 0.3401 0.0951
vn -0.8887 -0.3159 -0.3322
vn -0.9463 0.2555 0.1980
vn -0.9526 0.1692 0.2529
vn -0.9567 0.1516 0.2484
vn -0.9786 0.2002 0.0467
vn -0.9326 0.1230 -0.3393
vn -0.9423 -0.1858 -0.2783
vn -0.9110 -0.2736 -0.3087
vn -0.9403 -0.1087 -0.3225
vn -0.9828 -0.0544 -0.1766
vn -0.9906 0.0035 -0.1371
vn -0.9660 0.0393 -0.2554
vn -0.7077 -0.2174 0.6722
vn -0.9679 -0.0502 0.2464
vn -0.9703 -0.0806 0.2279
vn -0.7154 -0.5360 0.4482
vn -0.9763 0.1318 -0.1715
vn -0.9997 -0.0172 0.0166
vn -0.9785 0.1150 -0.1713
vn -0.9998 -0.0112 0.0154
vn -0.9817 -0.1128 0.1534
vn -0.9749 0.0773 -0.2089
vn -0.9947 -0.0949 0.0398
vn -0.6904 -0.4053 0.5992
vn -0.9686 0.0532 -0.2427
vn -0.9618 0.0257 -0.2725
vn -0.9555 0.1077 -0.2745
vn -0.9493 0.1455 -0.2785
vn -0.8513 -0.5208 0.0638
vn -0.9160 -0.3474 0.2006
vn -0.7574 -0.3581 0.5460
vn -0.7712 -0.5874 0.2455
vn -0.6310 0.6656 0.3985
vn -0.6437 0.6070 0.4660
vn -0.6740 0.7380 0.0338
vn -0.5694 0.8218 -0.0186
vn -0.6392 0.6774 0.3640
vn -0.7527 0.3048 0.5836
vn 0.9818 -0.1854 0.0408
vn 0.9259 0.2750 0.2588
vn 0.8025 -0.3625 0.4739
vn 0.8111 -0.3359 0.4789
vn 0.8111 -0.3359 -0.4789
vn 0.8836 -0.3184 -0.3434
vn 0.8836 -0.3184 0.3434
vn 0.8025 -0.3625 -0.4739
vn 0.8716 -0.4828 -0.0854
vn 0.9620 0.1686 -0.2146
vn 0.9424 0.0124 -0.3342
vn 0.9829 -0.0320 -0.1813
vn 0.9748 0.0522 -0.2168
vn 0.9748 0.0522 0.2168
vn 0.9924 0.0532 -0.1114
vn 0.9924 0.0532 0.1114
vn 0.9829 -0.0320 0.1813
vn 0.9424 0.0124 0.3342
vn 0.9620 0.1686 0.2146
vn 0.8716 -0.4828 0.0854
vn 0.9259 0.2750 -0.2588
vn 0.9818 -0.1854 -0.0408
vn -0.9818 -0.1854 0.0408
vn -0.9259 0.2750 0.2588
vn -0.8025 -0.3625 0.4739
vn -0.8111 -0.3359 0.4789
vn -0.8111 -0.3359 -0.4789
vn -0.8836 -0.3184 -0.3434
vn -0.8836 -0.3184 0.3434
vn -0.8025 -0.3625 -0.4739
vn -0.8716 -0.4828 -0.0854
vn -0.9620 0.1686 -0.2146
vn -0.9424 0.0124 -0.3342
vn -0.9829 -0.0320 -0.1813
vn -0.9748 0.0522 -0.2168
vn -0.9748 0.0522 0.2168
vn -0.9924 0.0532 -0.1114
vn -0.9924 0.0532 0.1114
vn -0.9829 -0.0320 0.1813
vn -0.9424 0.0124 0.3342
vn -0.9620 0.1686 0.2146
vn -0.8716 -0.4828 0.0854
vn -0.9259 0.2750 -0.2588
vn -0.9818 -0.1854 -0.0408
vn -0.9685 0.1591 0.1914
vn -0.9883 0.0077 0.1522
vn -0.9883 0.0077 -0.1522
vn -0.9685 0.1591 -0.1914
vn -0.9867 0.1620 -0.0124
vn -0.9965 -0.0160 -0.0820
vn -0.9967 0.0789 -0.0211
vn -0.9885 0.0012 -0.1509
vn -0.7894 0.1583 -0.5932
vn -0.6399 -0.6499 -0.4101
vn 0.7894 0.1583 -0.5932
vn 0.6399 -0.6499 -0.4101
vn 0.9967 0.0789 -0.0211
vn 0.9965 -0.0160 -0.0820
vn 0.9885 0.0012 -0.1509
vn 0.9883 0.0077 -0.1522
vn 0.9885 0.0012 0.1509
vn 0.9883 0.0077 0.1522
vn 0.9973 -0.0118 -0.0724
vn 0.9950 -0.0387 -0.0921
vn 0.8897 -0.1539 -0.4298
vn 0.8477 -0.3267 -0.4180
vn -0.8897 -0.1539 -0.4298
vn -0.8477 -0.3267 -0.4180
vn 0.6858 -0.5402 -0.4878
vn -0.6858 -0.5402 -0.4878
vn -0.9973 -0.0118 -0.0724
vn -0.9950 -0.0387 -0.0921
vn -0.9874 -0.0100 -0.1581
vn -0.9819 -0.0246 0.1878
vn -0.9874 -0.0100 0.1581
vn -0.9865 0.0021 -0.1639
vn -0.7127 0.0069 -0.7014
vn -0.8267 -0.1179 -0.5502
vn 0.8267 -0.1179 -0.5502
vn 0.7675 -0.0169 -0.6408
vn 0.9856 -0.0040 -0.1693
vn 0.9874 -0.0100 -0.1581
vn 0.9856 -0.0040 0.1693
vn 0.9874 -0.0100 0.1581
vn 0.9853 0.0006 -0.1706
vn 0.9853 0.0006 0.1706
vn 0.9884 0.0079 0.1515
vn 0.9884 0.0081 -0.1515
vn 0.8436 0.0645 -0.5331
vn 0.8229 0.0082 -0.5681
vn 0.7869 -0.0888 -0.6107
vn 0.9378 0.2859 -0.1972
vn 0.9014 0.0371 -0.4314
vn 0.7218 0.1041 -0.6842
vn 1.0000 -0.0001 0.0053
vn 1.0000 0.0028 0.0018
vn 0.9395 0.0217 -0.3419
vn 1.0000 0.0016 -0.0026
vn 0.8933 0.0830 0.4418
vn 0.9072 0.0405 0.4188
vn 0.9198 0.3765 0.1107
vn 0.7921 0.0759 0.6057
vn -0.7921 0.0759 0.6057
vn -0.7481 0.1485 0.6468
vn 0.5160 0.1463 0.8440
vn 0.8550 0.1025 0.5084
vn -0.8550 0.1025 0.5084
vn -0.8933 0.0830 0.4418
vn -0.9072 0.0405 0.4188
vn -1.0000 0.0016 -0.0026
vn -0.9198 0.3764 0.1106
vn -0.9861 0.0184 0.1650
vn -0.9891 0.0049 -0.1474
vn -0.9378 0.2859 -0.1972
vn -1.0000 0.0028 0.0018
vn -1.0000 -0.0001 0.0053
vn -0.9014 0.0371 -0.4314
vn -0.7218 0.1041 -0.6842
vn -0.7869 -0.0888 -0.6107
vn -0.9395 0.0217 -0.3419
vn -0.7561 0.2273 -0.6138
vn 0.7561 0.2273 -0.6138
vn -0.7456 0.5513 -0.3744
vn 0.7456 0.5513 -0.3744
vn 0.9704 0.1852 -0.1551
vn 0.7671 0.6412 -0.0211
vn 0.9689 0.1544 -0.1933
vn 0.5159 -0.3907 0.7624
vn 0.2963 -0.6617 0.6888
vn -0.5159 -0.3907 0.7624
vn -0.2963 -0.6617 0.6888
vn -0.3369 -0.7814 -0.5253
vn 0.3369 -0.7814 -0.5253
vn 0.3288 -0.5529 -0.7656
vn -0.3288 -0.5529 -0.7656
vn -0.4036 -0.4352 -0.8048
vn -0.9301 0.2340 0.2832
vn -0.8920 0.1756 0.4165
vn -0.8588 0.4573 0.2312
vn -0.8803 0.2232 0.4187
vn 0.8588 0.4573 0.2312
vn 0.8803 0.2232 0.4187
vn 0.9301 0.2340 0.2832
vn 0.8920 0.1756 0.4165
vn 0.9651 -0.0111 0.2616
vn 0.4036 -0.4352 -0.8048
vn 0.4557 0.4664 -0.7582
vn -0.4557 0.4664 -0.7582
vn 0.4382 0.5874 -0.6804
vn -0.4382 0.5874 -0.6804
vn -0.9497 -0.1729 0.2611
vn -0.9577 -0.1024 0.2689
vn -0.8266 -0.3368 0.4508
vn -0.8829 -0.1933 0.4280
vn -0.9200 -0.0738 0.3850
vn -0.9651 -0.0111 0.2616
vn 0.8829 -0.1933 0.4280
vn 0.9200 -0.0738 0.3850
vn 0.9577 -0.1024 0.2689
vn 0.9497 -0.1729 0.2611
vn 0.8266 -0.3368 0.4508
vn 0.9274 -0.2298 0.2953
vn 0.9216 -0.2189 -0.3205
vn 0.8762 -0.2785 -0.3933
vn 0.8665 -0.2857 -0.4094
vn 0.8583 -0.3693 -0.3563
vn -0.8665 -0.2857 -0.4094
vn -0.8583 -0.3693 -0.3563
vn -0.9216 -0.2189 -0.3205
vn -0.8762 -0.2785 -0.3933
vn -0.8268 -0.1517 -0.5417
vn -0.8515 -0.4103 0.3263
vn -0.9274 -0.2298 0.2953
vn -0.7389 -0.5231 0.4247
vn -0.7760 -0.4284 0.4630
vn 0.7389 -0.5231 0.4247
vn 0.7760 -0.4284 0.4630
vn 0.8515 -0.4103 0.3263
vn 0.6326 -0.6212 0.4625
vn 0.8268 -0.1517 -0.5417
vn 0.7846 -0.1933 -0.5891
vn -0.7846 -0.1933 -0.5891
vn -0.6326 -0.6212 0.4625
vn -0.3445 0.7101 -0.6141
vn -0.9519 -0.2727 -0.1399
vn -0.2483 0.6710 0.6987
vn -0.9306 -0.2956 -0.2158
vn -0.9315 -0.3638 -0.0000
vn -0.8330 -0.5532 -0.0112
vn -0.8002 -0.4814 -0.3578
vn -0.8953 -0.0157 -0.4452
vn -0.8420 -0.1625 -0.5145
vn -0.9970 -0.0087 -0.0768
vn -0.9143 -0.2913 -0.2813
vn -0.9671 -0.0849 -0.2398
vn -0.9991 0.0335 -0.0260
vn -0.6834 0.2235 0.6950
vn -0.9771 0.1454 -0.1550
vn -0.7074 -0.2537 0.6597
vn -0.7662 -0.0411 0.6413
vn -0.3125 0.0179 0.9498
vn 0.7662 -0.0411 0.6413
vn 0.3125 0.0179 0.9498
vn 0.6834 0.2235 0.6950
vn 0.9771 0.1454 -0.1550
vn 0.9991 0.0335 -0.0260
vn 0.7074 -0.2537 0.6597
vn 0.9688 0.0147 -0.2475
vn 0.9792 0.1790 -0.0957
vn 0.8081 0.4312 -0.4014
vn 0.7600 0.6419 0.1014
vn 0.8870 -0.2665 0.3771
vn 0.9946 0.0598 -0.0847
vn 0.9956 -0.0305 -0.0884
vn 0.9671 -0.0849 -0.2398
vn 0.6900 -0.6616 0.2934
vn 0.8020 -0.4249 -0.4199
vn 0.9143 -0.2913 -0.2813
vn 0.9970 -0.0087 -0.0768
vn 0.8420 -0.1625 -0.5145
vn 0.9315 -0.3638 -0.0000
vn 0.8953 -0.0157 -0.4452
vn 0.9519 -0.2727 -0.1399
vn 0.8330 -0.5532 -0.0112
vn 0.8002 -0.4814 -0.3578
vn 0.9306 -0.2956 -0.2158
vn 0.7579 -0.0289 -0.6517
vn -0.7579 -0.0289 -0.6517
vn -0.8020 -0.4249 -0.4199
vn 0.6886 -0.5421 0.4817
vn -0.6886 -0.5421 0.4817
vn -0.6900 -0.6616 0.2934
vn -0.9966 0.0688 -0.0447
vn -0.8870 -0.2665 0.3771
vn -0.9946 0.0598 -0.0847
vn -0.9966 -0.0614 -0.0543
vn -0.8329 -0.3347 -0.4408
vn -0.7923 0.4391 -0.4236
vn -0.9956 -0.0305 -0.0884
vn -0.7600 0.6419 0.1014
vn -0.7431 0.5422 0.3923
vn -0.5926 0.0084 0.8054
vn -0.9939 0.0064 -0.1098
vn -0.5493 -0.2023 0.8107
vn -0.9970 -0.0540 -0.0553
vn 0.5493 -0.2023 0.8107
vn 0.5926 0.0084 0.8054
vn 0.9970 -0.0540 -0.0553
vn 0.9939 0.0064 -0.1098
vn 0.8920 -0.2573 -0.3717
vn 0.8377 -0.4526 -0.3058
vn -0.8920 -0.2573 -0.3717
vn -0.8377 -0.4526 -0.3058
vn 0.9200 0.2352 -0.3135
vn -0.9200 0.2352 -0.3135
vn -0.9970 0.0444 -0.0633
vn -0.9967 -0.0080 -0.0813
vn -0.8679 0.3174 -0.3820
vn -0.9938 0.1089 0.0240
vn -0.8001 0.5118 -0.3128
vn -0.6217 -0.1819 0.7618
vn -0.6900 -0.2661 0.6731
vn -0.9966 0.0794 0.0202
vn -0.7037 -0.4183 0.5743
vn 0.7037 -0.4183 0.5743
vn 0.6900 -0.2661 0.6731
vn 0.9966 0.0794 0.0202
vn 0.9938 0.1089 0.0240
vn 0.8231 0.4962 -0.2763
vn 0.8001 0.5118 -0.3128
vn 0.9967 -0.0080 -0.0813
vn 0.8679 0.3174 -0.3820
vn 0.9970 0.0444 -0.0633
vn -0.8231 0.4962 -0.2763
vn 0.8378 0.5035 -0.2111
vn -0.8378 0.5035 -0.2111
vn 0.7339 -0.3196 0.5993
vn -0.7339 -0.3196 0.5993
vn 0.6217 -0.1819 0.7618
vn 0.8329 -0.3347 -0.4408
vn 0.8147 0.4338 -0.3847
vn -0.8147 0.4338 -0.3847
vn 0.7923 0.4391 -0.4236
vn 0.9966 0.0688 -0.0447
vn 0.9981 -0.0470 -0.0404
vn 0.8157 -0.3550 -0.4568
vn 0.7066 -0.2078 0.6764
vn 0.9042 0.0984 0.4155
vn 0.9345 0.1600 0.3179
vn 0.8151 -0.4980 -0.2962
vn 0.8117 -0.4450 -0.3783
vn -0.8117 -0.4450 -0.3783
vn -0.8151 -0.4980 -0.2962
vn -0.9042 0.0984 0.4155
vn -0.9345 0.1600 0.3179
vn -0.8157 -0.3550 -0.4568
vn -0.9981 -0.0470 -0.0404
vn -0.7066 -0.2078 0.6764
vn 0.9966 -0.0614 -0.0543
vn 0.7431 0.5422 0.3923
vn -0.8081 0.4312 -0.4014
vn -0.9792 0.1790 -0.0957
vn -0.9688 0.0147 -0.2475
vn -0.7362 0.0320 -0.6760
vn -0.9689 0.1544 -0.1933
vn -0.9704 0.1852 -0.1551
vn -0.7671 0.6412 -0.0211
vn 0.7362 0.0320 -0.6760
vn 0.2483 0.6710 0.6987
vn 0.3445 0.7101 -0.6141
vn -0.8109 0.0590 -0.5822
vn -0.9870 0.0006 -0.1605
vn -0.7323 0.0098 -0.6809
vn -0.9777 0.0007 0.2100
vn -0.7323 0.0098 0.6809
vn -0.6849 -0.1960 0.7018
vn -0.0437 0.0144 0.9989
vn 0.3913 -0.1550 0.9071
vn 0.8267 -0.1179 0.5502
vn -0.8267 -0.1179 0.5502
vn -0.8897 -0.1539 0.4298
vn 0.8897 -0.1539 0.4298
vn 0.9973 -0.0118 0.0724
vn 0.9950 -0.0387 0.0921
vn 0.6858 -0.5402 0.4878
vn 0.8477 -0.3267 0.4180
vn -0.6858 -0.5402 0.4878
vn -0.8477 -0.3267 0.4180
vn -0.9973 -0.0118 0.0724
vn -0.9950 -0.0387 0.0921
vn -0.9885 0.0012 0.1509
vn -0.9967 0.0789 0.0211
vn -0.9964 -0.0837 0.0164
vn -0.7453 0.4438 0.4976
vn -0.7894 0.1583 0.5932
vn -0.9965 -0.0160 0.0820
vn -0.6399 -0.6499 0.4101
vn 0.7894 0.1583 0.5932
vn 0.6399 -0.6499 0.4101
vn 0.9967 0.0789 0.0211
vn 0.9965 -0.0160 0.0820
vn 0.9867 0.1620 0.0124
vn 0.7793 0.0040 0.6266
vn 0.9685 0.1591 0.1914
vn -0.7793 0.0040 0.6266
vn -0.9867 0.1620 0.0124
vn 0.7453 0.4438 0.4976
vn 0.9964 -0.0837 0.0164
vn 0.9691 -0.1934 0.1535
vn 0.9308 -0.1988 0.3067
vn 0.8686 0.4954 0.0123
vn -0.8686 0.4954 0.0123
vn 0.7025 -0.6196 0.3502
vn -0.7025 -0.6196 0.3502
vn -0.9691 -0.1934 0.1535
vn -0.5433 -0.6309 0.5539
vn -0.9308 -0.1988 0.3067
vn 0.5433 -0.6309 0.5539
vn -0.5433 -0.6309 -0.5539
vn -0.9308 -0.1988 -0.3067
vn -0.9964 -0.0837 -0.0164
vn -0.9691 -0.1934 -0.1535
vn -0.8686 0.4954 -0.0123
vn -0.7453 0.4438 -0.4976
vn 0.8686 0.4954 -0.0123
vn 0.7025 -0.6196 -0.3502
vn -0.7025 -0.6196 -0.3502
vn 0.9691 -0.1934 -0.1535
vn 0.5433 -0.6309 -0.5539
vn 0.9308 -0.1988 -0.3067
vn 0.9964 -0.0837 -0.0164
vn 0.7453 0.4438 -0.4976
vn 0.9685 0.1591 -0.1914
vn 0.9867 0.1620 -0.0124
vn 0.7793 0.0040 -0.6266
vn -0.7793 0.0040 -0.6266
vn -0.0592 -0.0224 0.9980
vn -0.8609 0.3014 0.4100
vn -0.1694 -0.5133 0.8413
vn -0.8005 -0.4006 0.4457
vn -0.1399 0.0735 0.9874
vn -0.8668 0.2785 0.4137
vn -0.1405 0.0045 0.9901
vn -0.8673 -0.2565 0.4265
vn -0.1985 0.5569 0.8065
vn -0.7539 0.4631 0.4660
vn -0.2127 -0.4857 0.8478
vn -0.7558 -0.4338 0.4905
vn -0.2483 0.4960 0.8321
vn -0.8118 0.3023 0.4997
vn -0.8739 -0.2845 0.3941
vn -0.1238 -0.1301 0.9837
vn -0.2057 0.0602 0.9768
vn -0.8940 0.0370 0.4465
vn -0.8706 -0.1543 0.4671
vn -0.2716 0.0371 0.9617
vn -0.1587 0.3957 0.9046
vn -0.7671 0.4994 0.4027
vn -0.8582 -0.1194 0.4992
vn -0.1695 -0.2614 0.9502
vn -0.8987 -0.1770 0.4012
vn -0.1171 -0.6571 0.7447
vn -0.9242 0.0026 0.3819
vn -0.1528 0.0137 0.9882
vn -0.0171 0.8943 0.4471
vn -0.5976 0.7481 0.2885
vn -0.0443 -0.2481 0.9677
vn -0.8805 -0.0603 0.4703
vn -0.2305 0.4840 0.8442
vn -0.8537 0.1983 0.4816
vn -0.2307 -0.6623 0.7128
vn -0.8164 -0.3592 0.4521
vn -0.1899 -0.6623 0.7247
vn -0.7875 -0.4497 0.4215
vn -0.1696 0.5703 0.8038
vn -0.8418 0.3324 0.4254
vn -0.0296 -0.7996 0.5997
vn -0.8418 -0.2994 0.4491
vn -0.0441 0.1213 0.9916
vn -0.8696 0.0302 0.4928
vn -0.0210 0.8171 0.5761
vn -0.8398 0.4061 0.3603
vn -0.9246 -0.2152 0.3143
vn -0.7468 -0.1259 0.6530
vn -0.7029 0.1256 0.7001
vn -0.7129 0.0489 0.6995
vn -0.7042 0.2418 0.6676
vn -0.6919 0.4395 0.5729
vn -0.7117 0.5795 0.3971
vn -0.6458 0.3645 0.6709
vn -0.7551 -0.1183 0.6448
vn -0.6033 -0.2135 0.7684
vn -0.7245 0.6491 -0.2321
vn -0.9161 0.3209 -0.2402
vn -0.9630 0.2185 -0.1581
vn -0.9549 0.1087 -0.2765
vn -0.9354 0.2096 -0.2848
vn -0.9143 0.4044 0.0245
vn -0.7717 0.3314 0.5428
vn -0.8137 0.3057 0.4944
vn -0.8933 0.3411 0.2926
vn -0.9797 0.0787 -0.1843
vn -0.7899 0.4974 0.3587
vn -0.6145 0.5842 0.5302
vn -0.6522 0.7434 0.1483
vn -0.5588 0.6366 0.5315
vn -0.5308 0.7085 0.4650
vn -0.7630 0.6399 0.0909
vn -0.5128 0.8028 0.3042
vn -0.9843 0.0669 -0.1635
vn -0.9254 0.3787 0.0139
vn -0.9137 0.3985 0.0794
vn -0.8522 0.1539 0.5001
vn -0.7827 -0.1699 0.5988
vn -0.8995 -0.2491 0.3589
vn -0.9197 -0.2802 0.2751
vn -0.9187 -0.3164 0.2362
vn -0.8683 -0.4770 0.1361
vn -0.1691 -0.3091 0.9359
vn -0.5737 -0.5387 0.6170
vn -0.5578 -0.6296 0.5408
vn -0.0302 -0.9993 0.0202
vn 0.2037 -0.9752 0.0870
vn 0.7763 -0.2951 0.5571
vn 0.7041 -0.1510 0.6939
vn -0.2422 -0.4889 0.8381
vn -0.2855 -0.7472 0.6002
vn -0.8315 -0.5537 -0.0444
vn -0.9995 0.0244 0.0190
vn -0.9552 -0.2604 0.1408
vn -0.8856 0.3177 -0.3387
vn -0.5399 -0.7816 -0.3124
vn -0.6144 -0.5532 -0.5625
vn -0.6874 -0.4042 -0.6034
vn -0.7282 -0.1113 -0.6763
vn -0.5955 0.4721 0.6500
vn -0.7812 0.3699 0.5029
vn -0.5387 -0.1676 0.8256
vn -0.5836 -0.0406 0.8110
vn -0.9963 -0.0043 0.0861
vn -0.9960 -0.0222 0.0861
vn -0.9603 -0.2531 0.1176
vn -0.7398 -0.6607 -0.1271
vn -0.8209 -0.5228 -0.2298
vn -0.9685 -0.2486 0.0118
vn -0.8556 -0.3735 -0.3583
vn -0.8903 -0.2586 -0.3748
vn -0.9787 -0.1936 -0.0685
vn -0.9733 -0.1695 -0.1549
vn -0.8579 0.3426 -0.3829
vn -0.9534 0.0577 -0.2961
vn -0.9148 0.0708 -0.3978
vn -0.9057 -0.0597 -0.4198
vn -0.9196 -0.1844 -0.3468
vn -0.9217 -0.2092 -0.3267
vn -0.7364 -0.6562 0.1650
vn -0.5319 0.6660 0.5230
vn -0.9156 -0.3969 0.0639
vn -0.9241 -0.2188 0.3132
vn -0.8949 -0.2535 0.3671
vn -0.8500 -0.4502 0.2737
vn -0.9051 -0.1915 -0.3797
vn -0.9162 -0.0243 -0.4000
vn -0.9165 0.0826 -0.3913
vn -0.9223 0.1700 -0.3471
vn -0.9390 0.2069 -0.2749
vn -0.8892 0.4349 -0.1419
vn -0.8881 0.0004 -0.4597
vn -0.7393 -0.2340 -0.6314
vn -0.7368 -0.1476 -0.6598
vn -0.6746 0.7304 -0.1075
vn -0.8276 0.4880 -0.2773
vn -0.2729 0.9315 -0.2403
vn -0.9452 0.2575 0.2006
vn -0.5320 0.8450 0.0547
vn -0.9733 0.2052 -0.1026
vn -0.9645 0.2515 -0.0800
vn -0.9393 0.3004 0.1659
vn -0.9814 0.1916 0.0125
vn -0.4433 0.7986 0.4071
vn 0.0382 -0.9978 -0.0544
vn 0.0804 -0.9934 -0.0821
vn -0.8976 0.0072 0.4408
vn -0.8595 0.0486 0.5088
vn -0.9752 -0.0517 -0.2152
vn -0.9792 -0.0010 -0.2028
vn -0.9580 0.2355 -0.1639
vn -0.9122 0.3921 -0.1187
vn -0.9735 0.0442 -0.2242
vn -0.7359 -0.2544 0.6275
vn -0.9834 -0.0463 0.1753
vn -0.9393 0.0945 -0.3299
vn -0.9833 -0.0642 0.1705
vn -0.9395 0.1263 -0.3184
vn -0.9827 -0.1211 0.1404
vn -0.9852 -0.0003 0.1716
vn -0.9778 0.0402 0.2057
vn -0.9370 -0.0443 -0.3464
vn -0.9770 -0.0196 0.2124
vn -0.9356 -0.3401 0.0951
vn -0.8887 0.3159 -0.3322
vn -0.9463 -0.2555 0.1980
vn -0.9526 -0.1692 0.2529
vn -0.9567 -0.1516 0.2484
vn -0.9786 -0.2002 0.0467
vn -0.9326 -0.1230 -0.3393
vn -0.9423 0.1858 -0.2783
vn -0.9110 0.2736 -0.3087
vn -0.9403 0.1087 -0.3225
vn -0.9828 0.0544 -0.1766
vn -0.9906 -0.0035 -0.1371
vn -0.9660 -0.0393 -0.2554
vn -0.7077 0.2174 0.6722
vn -0.9679 0.0502 0.2464
vn -0.9703 0.0806 0.2279
vn -0.7154 0.5360 0.4482
vn -0.9763 -0.1318 -0.1715
vn -0.9997 0.0172 0.0166
vn -0.9785 -0.1150 -0.1713
vn -0.9998 0.0112 0.0154
vn -0.9817 0.1128 0.1534
vn -0.9749 -0.0773 -0.2089
vn -0.9947 0.0949 0.0398
vn -0.6904 0.4053 0.5992
vn -0.9686 -0.0532 -0.2427
vn -0.9618 -0.0257 -0.2725
vn -0.9555 -0.1077 -0.2745
vn -0.9493 -0.1455 -0.2785
vn -0.8513 0.5208 0.0638
vn -0.9160 0.3474 0.2006
vn -0.7574 0.3581 0.5460
vn -0.7712 0.5874 0.2455
vn -0.6310 -0.6656 0.3985
vn -0.6437 -0.6070 0.4660
vn -0.6740 -0.7380 0.0338
vn -0.5694 -0.8218 -0.0186
vn -0.6392 -0.6774 0.3640
vn -0.7527 -0.3048 0.5836
vn 0.0592 -0.0224 0.9980
vn 0.8609 0.3014 0.4100
vn 0.1694 -0.5133 0.8413
vn 0.8005 -0.4006 0.4457
vn 0.1399 0.0735 0.9874
vn 0.8668 0.2785 0.4137
vn 0.1405 0.0045 0.9901
vn 0.8673 -0.2565 0.4265
vn 0.1985 0.5569 0.8065
vn 0.7539 0.4631 0.4660
vn 0.2127 -0.4857 0.8478
vn 0.7558 -0.4338 0.4905
vn 0.2483 0.4960 0.8321
vn 0.8118 0.3023 0.4997
vn 0.8739 -0.2845 0.3941
vn 0.1238 -0.1301 0.9837
vn 0.2057 0.0602 0.9768
vn 0.8940 0.0370 0.4465
vn 0.8706 -0.1543 0.4671
vn 0.2716 0.0371 0.9617
vn 0.1587 0.3957 0.9046
vn 0.7671 0.4994 0.4027
vn 0.8582 -0.1194 0.4992
vn 0.1695 -0.2614 0.9502
vn 0.8987 -0.1770 0.4012
vn 0.1171 -0.6571 0.7447
vn 0.9242 0.0026 0.3819
vn 0.1528 0.0137 0.9882
vn 0.0171 0.8943 0.4471
vn 0.5976 0.7481 0.2885
vn 0.0443 -0.2481 0.9677
vn 0.8805 -0.0603 0.4703
vn 0.2305 0.4840 0.8442
vn 0.8537 0.1983 0.4816
vn 0.2307 -0.6623 0.7128
vn 0.8164 -0.3592 0.4521
vn 0.1899 -0.6623 0.7247
vn 0.7875 -0.4497 0.4215
vn 0.1696 0.5703 0.8038
vn 0.8418 0.3324 0.4254
vn 0.0296 -0.7996 0.5997
vn 0.8418 -0.2994 0.4491
vn 0.0441 0.1213 0.9916
vn 0.8696 0.0302 0.4928
vn 0.0210 0.8171 0.5761
vn 0.8398 0.4061 0.3603
vn 0.9246 -0.2152 0.3143
vn 0.7468 -0.1259 0.6530
vn 0.7029 0.1256 0.7001
vn 0.7129 0.0489 0.6995
vn 0.7042 0.2418 0.6676
vn 0.6919 0.4395 0.5729
vn 0.7117 0.5795 0.3971
vn 0.6458 0.3645 0.6709
vn 0.7551 -0.1183 0.6448
vn 0.6033 -0.2135 0.7684
vn 0.7245 0.6491 -0.2321
vn 0.9161 0.3209 -0.2402
vn 0.9630 0.2185 -0.1581
vn 0.9549 0.1087 -0.2765
vn 0.9354 0.2096 -0.2848
vn 0.9143 0.4044 0.0245
vn 0.7717 0.3314 0.5428
vn 0.8137 0.3057 0.4944
vn 0.8933 0.3411 0.2926
vn 0.9797 0.0787 -0.1843
vn 0.7899 0.4974 0.3587
vn 0.6145 0.5842 0.5302
vn 0.6522 0.7434 0.1483
vn 0.5588 0.6366 0.5315
vn 0.5308 0.7085 0.4650
vn 0.7630 0.6399 0.0909
vn 0.5128 0.8028 0.3042
vn 0.9843 0.0669 -0.1635
vn 0.9254 0.3787 0.0139
vn 0.9137 0.3985 0.0794
vn 0.8522 0.1539 0.5001
vn 0.7827 -0.1699 0.5988
vn 0.8995 -0.2491 0.3589
vn 0.9197 -0.2802 0.2751
vn 0.9187 -0.3164 0.2362
vn 0.8683 -0.4770 0.1361
vn 0.1691 -0.3091 0.9359
vn 0.5737 -0.5387 0.6170
vn 0.5578 -0.6296 0.5408
vn 0.0302 -0.9993 0.0202
vn -0.2037 -0.9752 0.0870
vn -0.7763 -0.2951 0.5571
vn -0.7041 -0.1510 0.6939
vn 0.2422 -0.4889 0.8381
vn 0.2855 -0.7472 0.6002
vn 0.8315 -0.5537 -0.0444
vn 0.9995 0.0244 0.0190
vn 0.9552 -0.2604 0.1408
vn 0.8856 0.3177 -0.3387
vn 0.5399 -0.7816 -0.3124
vn 0.6144 -0.5532 -0.5625
vn 0.6874 -0.4042 -0.6034
vn 0.7282 -0.1113 -0.6763
vn 0.5955 0.4721 0.6500
vn 0.7812 0.3699 0.5029
vn 0.5387 -0.1676 0.8256
vn 0.5836 -0.0406 0.8110
vn 0.9963 -0.0043 0.0861
vn 0.9960 -0.0222 0.0861
vn 0.9603 -0.2531 0.1176
vn 0.7398 -0.6607 -0.1271
vn 0.8209 -0.5228 -0.2298
vn 0.9685 -0.2486 0.0118
vn 0.8556 -0.3735 -0.3583
vn 0.8903 -0.2586 -0.3748
vn 0.9787 -0.1936 -0.0685
vn 0.9733 -0.1695 -0.1549
vn 0.8579 0.3426 -0.3829
vn 0.9534 0.0577 -0.2961
vn 0.9148 0.0708 -0.3978
vn 0.9057 -0.0597 -0.4198
vn 0.9196 -0.1844 -0.3468
vn 0.9217 -0.2092 -0.3267
vn 0.7364 -0.6562 0.1650
vn 0.5319 0.6660 0.5230
vn 0.9156 -0.3969 0.0639
vn 0.9241 -0.2188 0.3132
vn 0.8949 -0.2535 0.3671
vn 0.8500 -0.4502 0.2737
vn 0.9051 -0.1915 -0.3797
vn 0.9162 -0.0243 -0.4000
vn 0.9165 0.0826 -0.3913
vn 0.9223 0.1700 -0.3471
vn 0.9390 0.2069 -0.2749
vn 0.8892 0.4349 -0.1419
vn 0.8881 0.0004 -0.4597
vn 0.7393 -0.2340 -0.6314
vn 0.7368 -0.1476 -0.6598
vn 0.6746 0.7304 -0.1075
vn 0.8276 0.4880 -0.2773
vn 0.2729 0.9315 -0.2403
vn 0.9452 0.2575 0.2006
vn 0.5320 0.8450 0.0547
vn 0.9733 0.2052 -0.1026
vn 0.9645 0.2515 -0.0800
vn 0.9393 0.3004 0.1659
vn 0.9814 0.1916 0.0125
vn 0.4433 0.7986 0.4071
vn -0.0382 -0.9978 -0.0544
vn -0.0804 -0.9934 -0.0821
vn 0.8976 0.0072 0.4408
vn 0.8595 0.0486 0.5088
vn 0.9752 -0.0517 -0.2152
vn 0.9792 -0.0010 -0.2028
vn 0.9580 0.2355 -0.1639
vn 0.9122 0.3921 -0.1187
vn 0.9735 0.0442 -0.2242
vn 0.7359 -0.2544 0.6275
vn 0.9834 -0.0463 0.1753
vn 0.9393 0.0945 -0.3299
vn 0.9833 -0.0642 0.1705
vn 0.9395 0.1263 -0.3184
vn 0.9827 -0.1211 0.1404
vn 0.9852 -0.0003 0.1716
vn 0.9778 0.0402 0.2057
vn 0.9370 -0.0443 -0.3464
vn 0.9770 -0.0196 0.2124
vn 0.9356 -0.3401 0.0951
vn 0.8887 0.3159 -0.3322
vn 0.9463 -0.2555 0.1980
vn 0.9526 -0.1692 0.2529
vn 0.9567 -0.1516 0.2484
vn 0.9786 -0.2002 0.0467
vn 0.9326 -0.1230 -0.3393
vn 0.9423 0.1858 -0.2783
vn 0.9110 0.2736 -0.3087
vn 0.9403 0.1087 -0.3225
vn 0.9828 0.0544 -0.1766
vn 0.9906 -0.0035 -0.1371
vn 0.9660 -0.0393 -0.2554
vn 0.7077 0.2174 0.6722
vn 0.9679 0.0502 0.2464
vn 0.9703 0.0806 0.2279
vn 0.7154 0.5360 0.4482
vn 0.9763 -0.1318 -0.1715
vn 0.9997 0.0172 0.0166
vn 0.9785 -0.1150 -0.1713
vn 0.9998 0.0112 0.0154
vn 0.9817 0.1128 0.1534
vn 0.9749 -0.0773 -0.2089
vn 0.9947 0.0949 0.0398
vn 0.6904 0.4053 0.5992
vn 0.9686 -0.0532 -0.2427
vn 0.9618 -0.0257 -0.2725
vn 0.9555 -0.1077 -0.2745
vn 0.9493 -0.1455 -0.2785
vn 0.8513 0.5208 0.0638
vn 0.9160 0.3474 0.2006
vn 0.7574 0.3581 0.5460
vn 0.7712 0.5874 0.2455
vn 0.6310 -0.6656 0.3985
vn 0.6437 -0.6070 0.4660
vn 0.6740 -0.7380 0.0338
vn 0.5694 -0.8218 -0.0186
vn 0.6392 -0.6774 0.3640
vn 0.7527 -0.3048 0.5836
vn -0.0592 -0.0224 -0.9980
vn -0.8609 0.3014 -0.4100
vn -0.1694 -0.5133 -0.8413
vn -0.8005 -0.4006 -0.4457
vn -0.1399 0.0735 -0.9874
vn -0.8668 0.2785 -0.4137
vn -0.1405 0.0045 -0.9901
vn -0.8673 -0.2565 -0.4265
vn -0.1985 0.5569 -0.8065
vn -0.7539 0.4631 -0.4660
vn -0.2127 -0.4857 -0.8478
vn -0.7558 -0.4338 -0.4905
vn -0.2483 0.4960 -0.8321
vn -0.8118 0.3023 -0.4997
vn -0.8739 -0.2845 -0.3941
vn -0.1238 -0.1301 -0.9837
vn -0.2057 0.0602 -0.9768
vn -0.8940 0.0370 -0.4465
vn -0.8706 -0.1543 -0.4671
vn -0.2716 0.0371 -0.9617
vn -0.1587 0.3957 -0.9046
vn -0.7671 0.4994 -0.4027
vn -0.8582 -0.1194 -0.4992
vn -0.1695 -0.2614 -0.9502
vn -0.8987 -0.1770 -0.4012
vn -0.1171 -0.6571 -0.7447
vn -0.9242 0.0026 -0.3819
vn -0.1528 0.0137 -0.9882
vn -0.0171 0.8943 -0.4471
vn -0.5976 0.7481 -0.2885
vn -0.0443 -0.2481 -0.9677
vn -0.8805 -0.0603 -0.4703
vn -0.2305 0.4840 -0.8442
vn -0.8537 0.1983 -0.4816
vn -0.2307 -0.6623 -0.7128
vn -0.8164 -0.3592 -0.4521
vn -0.1899 -0.6623 -0.7247
vn -0.7875 -0.4497 -0.4215
vn -0.1696 0.5703 -0.8038
vn -0.8418 0.3324 -0.4254
vn -0.0296 -0.7996 -0.5997
vn -0.8418 -0.2994 -0.4491
vn -0.0441 0.1213 -0.9916
vn -0.8696 0.0302 -0.4928
vn -0.0210 0.8171 -0.5761
vn -0.8398 0.4061 -0.3603
vn -0.9246 -0.2152 -0.3143
vn -0.7468 -0.1259 -0.6530
vn -0.7029 0.1256 -0.7001
vn -0.7129 0.0489 -0.6995
vn -0.7042 0.2418 -0.6676
vn -0.6919 0.4395 -0.5729
vn -0.7117 0.5795 -0.3971
vn -0.6458 0.3645 -0.6709
vn -0.7551 -0.1183 -0.6448
vn -0.6033 -0.2135 -0.7684
vn -0.7245 0.6491 0.2321
vn -0.9161 0.3209 0.2402
vn -0.9630 0.2185 0.1581
vn -0.9549 0.1087 0.2765
vn -0.9354 0.2096 0.2848
vn -0.9143 0.4044 -0.0245
vn -0.7717 0.3314 -0.5428
vn -0.8137 0.3057 -0.4944
vn -0.8933 0.3411 -0.2926
vn -0.9797 0.0787 0.1843
vn -0.7899 0.4974 -0.3587
vn -0.6145 0.5842 -0.5302
vn -0.6522 0.7434 -0.1483
vn -0.5588 0.6366 -0.5315
vn -0.5308 0.7085 -0.4650
vn -0.7630 0.6399 -0.0909
vn -0.5128 0.8028 -0.3042
vn -0.9843 0.0669 0.1635
vn -0.9254 0.3787 -0.0139
vn -0.9137 0.3985 -0.0794
vn -0.8522 0.1539 -0.5001
vn -0.7827 -0.1699 -0.5988
vn -0.8995 -0.2491 -0.3589
vn -0.9197 -0.2802 -0.2751
vn -0.9187 -0.3164 -0.2362
vn -0.8683 -0.4770 -0.1361
vn -0.1691 -0.3091 -0.9359
vn -0.5737 -0.5387 -0.6170
vn -0.5578 -0.6296 -0.5408
vn -0.0302 -0.9993 -0.0202
vn 0.2037 -0.9752 -0.0870
vn 0.7763 -0.2951 -0.5571
vn 0.7041 -0.1510 -0.6939
vn -0.2422 -0.4889 -0.8381
vn -0.2855 -0.7472 -0.6002
vn -0.8315 -0.5537 0.0444
vn -0.9995 0.0244 -0.0190
vn -0.9552 -0.2604 -0.1408
vn -0.8856 0.3177 0.3387
vn -0.5399 -0.7816 0.3124
vn -0.6144 -0.5532 0.5625
vn -0.6874 -0.4042 0.6034
vn -0.7282 -0.1113 0.6763
vn -0.5955 0.4721 -0.6500
vn -0.7812 0.3699 -0.5029
vn -0.5387 -0.1676 -0.8256
vn -0.5836 -0.0406 -0.8110
vn -0.9963 -0.0043 -0.0861
vn -0.9960 -0.0222 -0.0861
vn -0.9603 -0.2531 -0.1176
vn -0.7398 -0.6607 0.1271
vn -0.8209 -0.5228 0.2298
vn -0.9685 -0.2486 -0.0118
vn -0.8556 -0.3735 0.3583
vn -0.8903 -0.2586 0.3748
vn -0.9787 -0.1936 0.0685
vn -0.9733 -0.1695 0.1549
vn -0.8579 0.3426 0.3829
vn -0.9534 0.0577 0.2961
vn -0.9148 0.0708 0.3978
vn -0.9057 -0.0597 0.4198
vn -0.9196 -0.1844 0.3468
vn -0.9217 -0.2092 0.3267
vn -0.7364 -0.6562 -0.1650
vn -0.5319 0.6660 -0.5230
vn -0.9156 -0.3969 -0.0639
vn -0.9241 -0.2188 -0.3132
vn -0.8949 -0.2535 -0.3671
vn -0.8500 -0.4502 -0.2737
vn -0.9051 -0.1915 0.3797
vn -0.9162 -0.0243 0.4000
vn -0.9165 0.0826 0.3913
vn -0.9223 0.1700 0.3471
vn -0.9390 0.2069 0.2749
vn -0.8892 0.4349 0.1419
vn -0.8881 0.0004 0.4597
vn -0.7393 -0.2340 0.6314
vn -0.7368 -0.1476 0.6598
vn -0.6746 0.7304 0.1075
vn -0.8276 0.4880 0.2773
vn -0.2729 0.9315 0.2403
vn -0.9452 0.2575 -0.2006
vn -0.5320 0.8450 -0.0547
vn -0.9733 0.2052 0.1026
vn -0.9645 0.2515 0.0800
vn -0.9393 0.3004 -0.1659
vn -0.9814 0.1916 -0.0125
vn -0.4433 0.7986 -0.4071
vn 0.0382 -0.9978 0.0544
vn 0.0804 -0.9934 0.0821
vn -0.8976 0.0072 -0.4408
vn -0.8595 0.0486 -0.5088
vn -0.9752 -0.0517 0.2152
vn -0.9792 -0.0010 0.2028
vn -0.9580 0.2355 0.1639
vn -0.9122 0.3921 0.1187
vn -0.9735 0.0442 0.2242
vn -0.7359 -0.2544 -0.6275
vn -0.9834 -0.0463 -0.1753
vn -0.9393 0.0945 0.3299
vn -0.9833 -0.0642 -0.1705
vn -0.9395 0.1263 0.3184
vn -0.9827 -0.1211 -0.1404
vn -0.9852 -0.0003 -0.1716
vn -0.9778 0.0402 -0.2057
vn -0.9370 -0.0443 0.3464
vn -0.9770 -0.0196 -0.2124
vn -0.9356 -0.3401 -0.0951
vn -0.8887 0.3159 0.3322
vn -0.9463 -0.2555 -0.1980
vn -0.9526 -0.1692 -0.2529
vn -0.9567 -0.1516 -0.2484
vn -0.9786 -0.2002 -0.0467
vn -0.9326 -0.1230 0.3393
vn -0.9423 0.1858 0.2783
vn -0.9110 0.2736 0.3087
vn -0.9403 0.1087 0.3225
vn -0.9828 0.0544 0.1766
vn -0.9906 -0.0035 0.1371
vn -0.9660 -0.0393 0.2554
vn -0.7077 0.2174 -0.6722
vn -0.9679 0.0502 -0.2464
vn -0.9703 0.0806 -0.2279
vn -0.7154 0.5360 -0.4482
vn -0.9763 -0.1318 0.1715
vn -0.9997 0.0172 -0.0166
vn -0.9785 -0.1150 0.1713
vn -0.9998 0.0112 -0.0154
vn -0.9817 0.1128 -0.1534
vn -0.9749 -0.0773 0.2089
vn -0.9947 0.0949 -0.0398
vn -0.6904 0.4053 -0.5992
vn -0.9686 -0.0532 0.2427
vn -0.9618 -0.0257 0.2725
vn -0.9555 -0.1077 0.2745
vn -0.9493 -0.1455 0.2785
vn -0.8513 0.5208 -0.0638
vn -0.9160 0.3474 -0.2006
vn -0.7574 0.3581 -0.5460
vn -0.7712 0.5874 -0.2455
vn -0.6310 -0.6656 -0.3985
vn -0.6437 -0.6070 -0.4660
vn -0.6740 -0.7380 -0.0338
vn -0.5694 -0.8218 0.0186
vn -0.6392 -0.6774 -0.3640
vn -0.7527 -0.3048 -0.5836
vn 0.0592 -0.0224 -0.9980
vn 0.8609 0.3014 -0.4100
vn 0.1694 -0.5133 -0.8413
vn 0.8005 -0.4006 -0.4457
vn 0.1399 0.0735 -0.9874
vn 0.8668 0.2785 -0.4137
vn 0.1405 0.0045 -0.9901
vn 0.8673 -0.2565 -0.4265
vn 0.1985 0.5569 -0.8065
vn 0.7539 0.4631 -0.4660
vn 0.2127 -0.4857 -0.8478
vn 0.7558 -0.4338 -0.4905
vn 0.2483 0.4960 -0.8321
vn 0.8118 0.3023 -0.4997
vn 0.8739 -0.2845 -0.3941
vn 0.1238 -0.1301 -0.9837
vn 0.2057 0.0602 -0.9768
vn 0.8940 0.0370 -0.4465
vn 0.8706 -0.1543 -0.4671
vn 0.2716 0.0371 -0.9617
vn 0.1587 0.3957 -0.9046
vn 0.7671 0.4994 -0.4027
vn 0.8582 -0.1194 -0.4992
vn 0.1695 -0.2614 -0.9502
vn 0.8987 -0.1770 -0.4012
vn 0.1171 -0.6571 -0.7447
vn 0.9242 0.0026 -0.3819
vn 0.1528 0.0137 -0.9882
vn 0.0171 0.8943 -0.4471
vn 0.5976 0.7481 -0.2885
vn 0.0443 -0.2481 -0.9677
vn 0.8805 -0.0603 -0.4703
vn 0.2305 0.4840 -0.8442
vn 0.8537 0.1983 -0.4816
vn 0.2307 -0.6623 -0.7128
vn 0.8164 -0.3592 -0.4521
vn 0.1899 -0.6623 -0.7247
vn 0.7875 -0.4497 -0.4215
vn 0.1696 0.5703 -0.8038
vn 0.8418 0.3324 -0.4254
vn 0.0296 -0.7996 -0.5997
vn 0.8418 -0.2994 -0.4491
vn 0.0441 0.1213 -0.9916
vn 0.8696 0.0302 -0.4928
vn 0.0210 0.8171 -0.5761
vn 0.8398 0.4061 -0.3603
vn 0.9246 -0.2152 -0.3143
vn 0.7468 -0.1259 -0.6530
vn 0.7029 0.1256 -0.7001
vn 0.7129 0.0489 -0.6995
vn 0.7042 0.2418 -0.6676
vn 0.6919 0.4395 -0.5729
vn 0.7117 0.5795 -0.3971
vn 0.6458 0.3645 -0.6709
vn 0.7551 -0.1183 -0.6448
vn 0.6033 -0.2135 -0.7684
vn 0.7245 0.6491 0.2321
vn 0.9161 0.3209 0.2402
vn 0.9630 0.2185 0.1581
vn 0.9549 0.1087 0.2765
vn 0.9354 0.2096 0.2848
vn 0.9143 0.4044 -0.0245
vn 0.7717 0.3314 -0.5428
vn 0.8137 0.3057 -0.4944
vn 0.8933 0.3411 -0.2926
vn 0.9797 0.0787 0.1843
vn 0.7899 0.4974 -0.3587
vn 0.6145 0.5842 -0.5302
vn 0.6522 0.7434 -0.1483
vn 0.5588 0.6366 -0.5315
vn 0.5308 0.7085 -0.4650
vn 0.7630 0.6399 -0.0909
vn 0.5128 0.8028 -0.3042
vn 0.9843 0.0669 0.1635
vn 0.9254 0.3787 -0.0139
vn 0.9137 0.3985 -0.0794
vn 0.8522 0.1539 -0.5001
vn 0.7827 -0.1699 -0.5988
vn 0.8995 -0.2491 -0.3589
vn 0.9197 -0.2802 -0.2751
vn 0.9187 -0.3164 -0.2362
vn 0.8683 -0.4770 -0.1361
vn 0.1691 -0.3091 -0.9359
vn 0.5737 -0.5387 -0.6170
vn 0.5578 -0.6296 -0.5408
vn 0.0302 -0.9993 -0.0202
vn -0.2037 -0.9752 -0.0870
vn -0.7763 -0.2951 -0.5571
vn -0.7041 -0.1510 -0.6939
vn 0.2422 -0.4889 -0.8381
vn 0.2855 -0.7472 -0.6002
vn 0.8315 -0.5537 0.0444
vn 0.9995 0.0244 -0.0190
vn 0.9552 -0.2604 -0.1408
vn 0.8856 0.3177 0.3387
vn 0.5399 -0.7816 0.3124
vn 0.6144 -0.5532 0.5625
vn 0.6874 -0.4042 0.6034
vn 0.7282 -0.1113 0.6763
vn 0.5955 0.4721 -0.6500
vn 0.7812 0.3699 -0.5029
vn 0.5387 -0.1676 -0.8256
vn 0.5836 -0.0406 -0.8110
vn 0.9963 -0.0043 -0.0861
vn 0.9960 -0.0222 -0.0861
vn 0.9603 -0.2531 -0.1176
vn 0.7398 -0.6607 0.1271
vn 0.8209 -0.5228 0.2298
vn 0.9685 -0.2486 -0.0118
vn 0.8556 -0.3735 0.3583
vn 0.8903 -0.2586 0.3748
vn 0.9787 -0.1936 0.0685
vn 0.9733 -0.1695 0.1549
vn 0.8579 0.3426 0.3829
vn 0.9534 0.0577 0.2961
vn 0.9148 0.0708 0.3978
vn 0.9057 -0.0597 0.4198
vn 0.9196 -0.1844 0.3468
vn 0.9217 -0.2092 0.3267
vn 0.7364 -0.6562 -0.1650
vn 0.5319 0.6660 -0.5230
vn 0.9156 -0.3969 -0.0639
vn 0.9241 -0.2188 -0.3132
vn 0.8949 -0.2535 -0.3671
vn 0.8500 -0.4502 -0.2737
vn 0.9051 -0.1915 0.3797
vn 0.9162 -0.0243 0.4000
vn 0.9165 0.0826 0.3913
vn 0.9223 0.1700 0.3471
vn 0.9390 0.2069 0.2749
vn 0.8892 0.4349 0.1419
vn 0.8881 0.0004 0.4597
vn 0.7393 -0.2340 0.6314
vn 0.7368 -0.1476 0.6598
vn 0.6746 0.7304 0.1075
vn 0.8276 0.4880 0.2773
vn 0.2729 0.9315 0.2403
vn 0.9452 0.2575 -0.2006
vn 0.5320 0.8450 -0.0547
vn 0.9733 0.2052 0.1026
vn 0.9645 0.2515 0.0800
vn 0.9393 0.3004 -0.1659
vn 0.9814 0.1916 -0.0125
vn 0.4433 0.7986 -0.4071
vn -0.0382 -0.9978 0.0544
vn -0.0804 -0.9934 0.0821
vn 0.8976 0.0072 -0.4408
vn 0.8595 0.0486 -0.5088
vn 0.9752 -0.0517 0.2152
vn 0.9792 -0.0010 0.2028
vn 0.9580 0.2355 0.1639
vn 0.9122 0.3921 0.1187
vn 0.9735 0.0442 0.2242
vn 0.7359 -0.2544 -0.6275
vn 0.9834 -0.0463 -0.1753
vn 0.9393 0.0945 0.3299
vn 0.9833 -0.0642 -0.1705
vn 0.9395 0.1263 0.3184
vn 0.9827 -0.1211 -0.1404
vn 0.9852 -0.0003 -0.1716
vn 0.9778 0.0402 -0.2057
vn 0.9370 -0.0443 0.3464
vn 0.9770 -0.0196 -0.2124
vn 0.9356 -0.3401 -0.0951
vn 0.8887 0.3159 0.3322
vn 0.9463 -0.2555 -0.1980
vn 0.9526 -0.1692 -0.2529
vn 0.9567 -0.1516 -0.2484
vn 0.9786 -0.2002 -0.0467
vn 0.9326 -0.1230 0.3393
vn 0.9423 0.1858 0.2783
vn 0.9110 0.2736 0.3087
vn 0.9403 0.1087 0.3225
vn 0.9828 0.0544 0.1766
vn 0.9906 -0.0035 0.1371
vn 0.9660 -0.0393 0.2554
vn 0.7077 0.2174 -0.6722
vn 0.9679 0.0502 -0.2464
vn 0.9703 0.0806 -0.2279
vn 0.7154 0.5360 -0.4482
vn 0.9763 -0.1318 0.1715
vn 0.9997 0.0172 -0.0166
vn 0.9785 -0.1150 0.1713
vn 0.9998 0.0112 -0.0154
vn 0.9817 0.1128 -0.1534
vn 0.9749 -0.0773 0.2089
vn 0.9947 0.0949 -0.0398
vn 0.6904 0.4053 -0.5992
vn 0.9686 -0.0532 0.2427
vn 0.9618 -0.0257 0.2725
vn 0.9555 -0.1077 0.2745
vn 0.9493 -0.1455 0.2785
vn 0.8513 0.5208 -0.0638
vn 0.9160 0.3474 -0.2006
vn 0.7574 0.3581 -0.5460
vn 0.7712 0.5874 -0.2455
vn 0.6310 -0.6656 -0.3985
vn 0.6437 -0.6070 -0.4660
vn 0.6740 -0.7380 -0.0338
vn 0.5694 -0.8218 0.0186
vn 0.6392 -0.6774 -0.3640
vn 0.7527 -0.3048 -0.5836
vn -0.0000 1.0000 -0.0000
vt 0.196306 0.834853
vt 0.180634 0.807125
vt 0.261406 0.776986
vt 0.273847 0.827620
vt 0.120356 0.763725
vt 0.160140 0.739614
vt 0.221623 0.768547
vt 0.139645 0.691391
vt 0.154112 0.686569
vt 0.115534 0.641361
vt 0.075750 0.717311
vt 0.103478 0.682953
vt 0.108301 0.544313
vt 0.142659 0.569027
vt 0.152906 0.603386
vt 0.031145 0.734792
vt 0.260201 0.746847
vt 0.273847 0.776986
vt 0.286288 0.776986
vt 0.273847 0.726353
vt 0.287494 0.746847
vt 0.301960 0.731175
vt 0.288699 0.714297
vt 0.287494 0.681747
vt 0.273847 0.675719
vt 0.291110 0.661252
vt 0.260201 0.681747
vt 0.273847 0.625086
vt 0.256584 0.661252
vt 0.258995 0.714297
vt 0.245734 0.731175
vt 0.244528 0.643169
vt 0.303166 0.643169
vt 0.326071 0.768547
vt 0.367060 0.807125
vt 0.351388 0.834853
vt 0.427338 0.763725
vt 0.387555 0.739614
vt 0.516550 0.734792
vt 0.471944 0.717311
vt 0.408049 0.691391
vt 0.393583 0.686569
vt 0.432161 0.641361
vt 0.444216 0.682953
vt 0.439394 0.544313
vt 0.405036 0.569027
vt 0.394788 0.603386
vt 0.352594 0.849320
vt 0.361033 0.858361
vt 0.299549 0.855347
vt 0.369472 0.867403
vt 0.312810 0.885486
vt 0.368266 0.924064
vt 0.324866 0.932503
vt 0.368799 0.849235
vt 0.389062 0.864540
vt 0.428393 0.887596
vt 0.417995 0.896939
vt 0.405563 0.906131
vt 0.393131 0.915324
vt 0.388389 0.846371
vt 0.370634 0.837116
vt 0.398222 0.823658
vt 0.359867 0.846536
vt 0.430522 0.812891
vt 0.416391 0.823321
vt 0.405624 0.841489
vt 0.408652 0.861676
vt 0.447833 0.836661
vt 0.476465 0.850525
vt 0.438791 0.878253
vt 0.439301 0.895166
vt 0.426406 0.906986
vt 0.449088 0.912830
vt 0.412879 0.915945
vt 0.433883 0.923341
vt 0.419074 0.931365
vt 0.416738 0.950524
vt 0.432248 0.932687
vt 0.445943 0.932066
vt 0.436130 0.947253
vt 0.421411 0.964309
vt 0.413233 0.968515
vt 0.412999 0.981832
vt 0.531016 0.825208
vt 0.248145 0.855347
vt 0.195101 0.849320
vt 0.186662 0.858361
vt 0.178896 0.849235
vt 0.178223 0.867403
vt 0.234884 0.885486
vt 0.187827 0.846536
vt 0.177061 0.837116
vt 0.159305 0.846371
vt 0.149472 0.823658
vt 0.158633 0.864540
vt 0.117173 0.812891
vt 0.131304 0.823321
vt 0.142070 0.841489
vt 0.139042 0.861676
vt 0.119301 0.887596
vt 0.108903 0.878253
vt 0.129699 0.896939
vt 0.108393 0.895166
vt 0.121288 0.906986
vt 0.098607 0.912830
vt 0.134815 0.915945
vt 0.113811 0.923341
vt 0.128620 0.931365
vt 0.142131 0.906131
vt 0.154564 0.915324
vt 0.179428 0.924064
vt 0.222829 0.932503
vt 0.130957 0.950524
vt 0.115447 0.932687
vt 0.101751 0.932066
vt 0.111564 0.947253
vt 0.126284 0.964309
vt 0.134461 0.968515
vt 0.134695 0.981832
vt 0.071230 0.850525
vt 0.099862 0.836661
vt 0.016678 0.825208
vt 0.734053 0.323432
vt 0.783413 0.328046
vt 0.783401 0.310807
vt 0.734319 0.304629
vt 0.734053 0.329923
vt 0.783413 0.333002
vt 0.832773 0.329923
vt 0.832773 0.323432
vt 0.832508 0.304629
vt 0.783425 0.310807
vt 0.868231 0.326262
vt 0.869185 0.309357
vt 0.865295 0.329248
vt 0.832508 0.358132
vt 0.864965 0.340107
vt 0.783312 0.359089
vt 0.871783 0.328433
vt 0.873307 0.336925
vt 0.874875 0.327615
vt 0.734319 0.358132
vt 0.783514 0.359089
vt 0.832507 0.386308
vt 0.783312 0.387751
vt 0.832507 0.414483
vt 0.783312 0.416413
vt 0.862665 0.376953
vt 0.849710 0.385975
vt 0.840514 0.394996
vt 0.855216 0.394201
vt 0.847020 0.413743
vt 0.861156 0.385154
vt 0.868913 0.376106
vt 0.783413 0.453633
vt 0.827709 0.451522
vt 0.783514 0.492459
vt 0.739118 0.451522
vt 0.749179 0.490159
vt 0.783514 0.416413
vt 0.734319 0.414483
vt 0.783312 0.492459
vt 0.828785 0.490159
vt 0.835660 0.489017
vt 0.835983 0.450585
vt 0.826001 0.490159
vt 0.740826 0.490159
vt 0.826913 0.632527
vt 0.783413 0.634827
vt 0.739913 0.632527
vt 0.783454 0.706223
vt 0.731117 0.703859
vt 0.835792 0.703818
vt 0.838845 0.631385
vt 0.847205 0.702675
vt 0.843509 0.716897
vt 0.835331 0.718198
vt 0.822245 0.718957
vt 0.840307 0.747599
vt 0.822782 0.753604
vt 0.847116 0.743901
vt 0.783838 0.778581
vt 0.821708 0.777776
vt 0.843661 0.759401
vt 0.741303 0.765752
vt 0.747104 0.717408
vt 0.796745 0.793777
vt 0.778241 0.820988
vt 0.779750 0.811387
vt 0.735502 0.795080
vt 0.722604 0.764703
vt 0.717448 0.793709
vt 0.731117 0.703873
vt 0.722116 0.708844
vt 0.713845 0.763804
vt 0.731117 0.703866
vt 0.748267 0.632527
vt 0.739120 0.631385
vt 0.707754 0.790586
vt 0.829698 0.632527
vt 0.852216 0.754930
vt 0.857307 0.768482
vt 0.858662 0.759496
vt 0.838408 0.794108
vt 0.880698 0.769150
vt 0.882035 0.801897
vt 0.888206 0.760570
vt 0.848134 0.803834
vt 0.842766 0.822324
vt 0.835418 0.798732
vt 0.821720 0.783423
vt 0.801308 0.797926
vt 0.782508 0.822367
vt 0.728411 0.823442
vt 0.727122 0.840846
vt 0.766386 0.838335
vt 0.775906 0.839149
vt 0.729378 0.812162
vt 0.709712 0.809502
vt 0.692309 0.820460
vt 0.698569 0.806540
vt 0.675557 0.816015
vt 0.695532 0.848821
vt 0.780149 0.860632
vt 0.738402 0.875331
vt 0.788153 0.859132
vt 0.802656 0.875569
vt 0.794647 0.877791
vt 0.761930 0.912717
vt 0.712613 0.888786
vt 0.736463 0.922949
vt 0.703790 0.893269
vt 0.730734 0.927094
vt 0.685032 0.853868
vt 0.791258 0.956227
vt 0.803882 0.930175
vt 0.764825 0.953567
vt 0.822951 0.900363
vt 0.826383 0.940030
vt 0.840886 0.920693
vt 0.806400 0.960013
vt 0.834490 0.942934
vt 0.846979 0.923597
vt 0.812035 0.963894
vt 0.799632 0.984184
vt 0.781042 0.968621
vt 0.759611 0.958340
vt 0.779705 0.973738
vt 0.802411 0.989666
vt 0.823927 0.895873
vt 0.849418 0.874854
vt 0.861190 0.905867
vt 0.868925 0.883951
vt 0.844554 0.872346
vt 0.885362 0.905867
vt 0.861079 0.912853
vt 0.889817 0.911779
vt 0.886541 0.872520
vt 0.878594 0.853333
vt 0.858992 0.853870
vt 0.908567 0.851248
vt 0.906095 0.837260
vt 0.878594 0.838413
vt 0.859166 0.838257
vt 0.844876 0.855264
vt 0.878454 0.822488
vt 0.858126 0.823508
vt 0.826387 0.838610
vt 0.903297 0.822041
vt 0.908349 0.812405
vt 0.890085 0.795754
vt 0.911802 0.820698
vt 0.915980 0.851248
vt 0.924627 0.836514
vt 0.910766 0.856721
vt 0.891697 0.876058
vt 0.926611 0.861320
vt 0.919629 0.863972
vt 0.939294 0.851808
vt 0.933512 0.822712
vt 0.920307 0.813983
vt 0.935027 0.836040
vt 0.946218 0.822612
vt 0.946755 0.847321
vt 0.915063 0.808108
vt 0.914944 0.801661
vt 0.920597 0.804039
vt 0.940260 0.813010
vt 0.913304 0.795077
vt 0.918268 0.794713
vt 0.952312 0.803912
vt 0.955460 0.812355
vt 0.969853 0.802737
vt 0.937988 0.782426
vt 0.949217 0.777446
vt 0.929239 0.771866
vt 0.916055 0.781083
vt 0.937947 0.766886
vt 0.916278 0.762058
vt 0.907438 0.763849
vt 0.922315 0.757079
vt 0.909154 0.782056
vt 0.902082 0.765091
vt 0.893897 0.747511
vt 0.890085 0.749021
vt 0.898053 0.742978
vt 0.883640 0.736935
vt 0.962064 0.834697
vt 0.970927 0.867732
vt 0.958990 0.869042
vt 0.929016 0.874843
vt 0.951912 0.891448
vt 0.945292 0.887412
vt 0.922248 0.906105
vt 0.912377 0.891904
vt 0.891160 0.934071
vt 0.929996 0.910973
vt 0.742304 0.489017
vt 0.730843 0.450585
vt 0.719806 0.413743
vt 0.711610 0.394201
vt 0.726312 0.394996
vt 0.734319 0.386308
vt 0.783514 0.387751
vt 0.717116 0.385975
vt 0.704161 0.376953
vt 0.697914 0.376106
vt 0.705671 0.385154
vt 0.701531 0.329248
vt 0.701861 0.340107
vt 0.693015 0.350026
vt 0.693519 0.336925
vt 0.695043 0.328433
vt 0.698595 0.326262
vt 0.691951 0.327615
vt 0.697641 0.309357
vt 0.693106 0.312965
vt 0.694660 0.370036
vt 0.631325 0.338469
vt 0.872166 0.370036
vt 0.873812 0.350026
vt 0.935501 0.338469
vt 0.873720 0.312965
vt 0.218636 0.169467
vt 0.219292 0.169419
vt 0.219086 0.157272
vt 0.218154 0.157320
vt 0.245768 0.169682
vt 0.245768 0.157535
vt 0.221551 0.230860
vt 0.226302 0.230811
vt 0.217166 0.218850
vt 0.216510 0.218898
vt 0.245768 0.231074
vt 0.245768 0.219112
vt 0.219199 0.206629
vt 0.216001 0.206678
vt 0.245768 0.206892
vt 0.218133 0.194103
vt 0.217476 0.194152
vt 0.245768 0.194366
vt 0.228576 0.181999
vt 0.222860 0.182047
vt 0.245768 0.182262
vt 0.215149 0.243247
vt 0.217671 0.243198
vt 0.245768 0.243461
vt 0.245768 0.126561
vt 0.216576 0.126298
vt 0.213462 0.126347
vt 0.218459 0.280099
vt 0.212954 0.280148
vt 0.213946 0.303398
vt 0.214603 0.303349
vt 0.245768 0.280362
vt 0.245768 0.303612
vt 0.245768 0.265196
vt 0.218426 0.264933
vt 0.214914 0.264982
vt 0.221046 0.256208
vt 0.219186 0.256257
vt 0.245768 0.256471
vt 0.245768 0.120674
vt 0.211381 0.120411
vt 0.208267 0.120459
vt 0.245768 0.094948
vt 0.211727 0.094685
vt 0.208614 0.096237
vt 0.208655 0.306043
vt 0.209312 0.305995
vt 0.245768 0.306258
vt 0.211541 0.317299
vt 0.212198 0.317250
vt 0.245768 0.317513
vt 0.198252 0.334615
vt 0.205633 0.334566
vt 0.245768 0.334829
vt 0.208188 0.342406
vt 0.210178 0.342358
vt 0.245768 0.342621
vt 0.214716 0.351515
vt 0.220297 0.351466
vt 0.245768 0.351729
vt 0.206924 0.365968
vt 0.207580 0.365919
vt 0.245768 0.366182
vt 0.212908 0.370456
vt 0.213565 0.370407
vt 0.245768 0.370670
vt 0.211412 0.382682
vt 0.212069 0.382633
vt 0.245768 0.382896
vt 0.199443 0.391160
vt 0.200100 0.391111
vt 0.245768 0.391374
vt 0.067624 0.282089
vt 0.061435 0.283083
vt 0.073279 0.314152
vt 0.088872 0.291051
vt 0.064663 0.266974
vt 0.058604 0.268162
vt 0.058185 0.199472
vt 0.052689 0.198834
vt 0.050464 0.211520
vt 0.056058 0.211054
vt 0.048220 0.242439
vt 0.054054 0.240916
vt 0.069808 0.148715
vt 0.061684 0.170627
vt 0.067081 0.172374
vt 0.074541 0.151263
vt 0.100016 0.106713
vt 0.084998 0.126367
vt 0.088926 0.129886
vt 0.103396 0.111108
vt 0.153943 0.066399
vt 0.123273 0.087095
vt 0.126203 0.092208
vt 0.155865 0.071565
vt 0.166487 0.053127
vt 0.161807 0.050815
vt 0.157067 0.019257
vt 0.151923 0.015029
vt 0.158128 0.038694
vt 0.162679 0.038297
vt 0.167796 0.020705
vt 0.175906 0.032885
vt 0.178859 0.029459
vt 0.190577 0.061986
vt 0.195694 0.056837
vt 0.190643 0.043359
vt 0.184083 0.046113
vt 0.198513 0.061505
vt 0.245768 0.035480
vt 0.245768 0.003394
vt 0.228335 0.034439
vt 0.226262 0.032094
vt 0.228064 0.047672
vt 0.245768 0.047672
vt 0.245768 0.054854
vt 0.227897 0.055522
vt 0.209572 0.072557
vt 0.227330 0.066945
vt 0.245768 0.066545
vt 0.188650 0.072757
vt 0.245768 0.087087
vt 0.225325 0.087087
vt 0.209693 0.084482
vt 0.245768 0.112546
vt 0.241800 0.101363
vt 0.237831 0.095471
vt 0.230616 0.094509
vt 0.206275 0.092229
vt 0.183840 0.085023
vt 0.138915 0.103397
vt 0.158732 0.085600
vt 0.200425 0.098477
vt 0.181057 0.117781
vt 0.193416 0.112604
vt 0.191146 0.111350
vt 0.184188 0.115294
vt 0.201098 0.105088
vt 0.196482 0.105087
vt 0.205190 0.098825
vt 0.183803 0.114000
vt 0.188405 0.106508
vt 0.187403 0.100579
vt 0.190914 0.106711
vt 0.188711 0.096853
vt 0.176965 0.103001
vt 0.175211 0.100889
vt 0.165692 0.107928
vt 0.163659 0.106456
vt 0.157758 0.115610
vt 0.155169 0.114528
vt 0.150326 0.126800
vt 0.146819 0.126219
vt 0.149825 0.246421
vt 0.134878 0.228819
vt 0.131509 0.229767
vt 0.145009 0.243963
vt 0.130862 0.221064
vt 0.127571 0.208970
vt 0.123715 0.209586
vt 0.127258 0.221852
vt 0.123249 0.187259
vt 0.120236 0.187457
vt 0.126511 0.166466
vt 0.122880 0.166720
vt 0.135452 0.150683
vt 0.131509 0.149462
vt 0.127315 0.241226
vt 0.128586 0.239370
vt 0.063091 0.377194
vt 0.059690 0.375250
vt 0.026277 0.401681
vt 0.031618 0.401718
vt 0.106741 0.213917
vt 0.101050 0.210616
vt 0.103938 0.216984
vt 0.111442 0.227085
vt 0.114557 0.225742
vt 0.117647 0.235599
vt 0.119768 0.233759
vt 0.100053 0.216534
vt 0.102784 0.236609
vt 0.098764 0.237072
vt 0.105814 0.251327
vt 0.101986 0.251972
vt 0.113462 0.266046
vt 0.109201 0.267605
vt 0.128758 0.285755
vt 0.124433 0.288448
vt 0.154039 0.294582
vt 0.148783 0.295818
vt 0.152134 0.317714
vt 0.145677 0.317843
vt 0.141052 0.344034
vt 0.135856 0.343095
vt 0.137242 0.366198
vt 0.129219 0.367626
vt 0.153866 0.365832
vt 0.145669 0.372859
vt 0.171065 0.385557
vt 0.174634 0.379362
vt 0.090433 0.397749
vt 0.077365 0.369313
vt 0.104726 0.368423
vt 0.071160 0.370006
vt 0.090277 0.396420
vt 0.084291 0.330526
vt 0.111500 0.337158
vt 0.113247 0.307148
vt 0.088413 0.274847
vt 0.083324 0.259473
vt 0.076409 0.238994
vt 0.076650 0.213982
vt 0.130098 0.234103
vt 0.123919 0.228090
vt 0.119075 0.221075
vt 0.111727 0.208049
vt 0.104879 0.203372
vt 0.078654 0.205298
vt 0.112335 0.184373
vt 0.115702 0.166095
vt 0.088274 0.180045
vt 0.127371 0.117586
vt 0.111738 0.140434
vt 0.096465 0.160233
vt 0.091031 0.412710
vt 0.201320 0.406072
vt 0.032217 0.416679
vt 0.014145 0.416642
vt 0.245768 0.406933
vt 0.024653 0.422932
vt 0.035021 0.430893
vt 0.088631 0.429646
vt 0.203331 0.425906
vt 0.245768 0.428543
vt 0.245768 0.457692
vt 0.272899 0.169467
vt 0.273382 0.157320
vt 0.272450 0.157272
vt 0.272243 0.169419
vt 0.269985 0.230860
vt 0.275026 0.218898
vt 0.274370 0.218850
vt 0.265233 0.230811
vt 0.275534 0.206678
vt 0.272336 0.206629
vt 0.274059 0.194152
vt 0.273403 0.194103
vt 0.268675 0.182047
vt 0.262960 0.181999
vt 0.273865 0.243198
vt 0.276387 0.243247
vt 0.274960 0.126298
vt 0.278074 0.126347
vt 0.273076 0.280099
vt 0.276933 0.303349
vt 0.277589 0.303398
vt 0.278581 0.280148
vt 0.273110 0.264933
vt 0.276622 0.264982
vt 0.270489 0.256208
vt 0.272349 0.256257
vt 0.280155 0.120411
vt 0.283268 0.120459
vt 0.279808 0.094685
vt 0.282922 0.096237
vt 0.282224 0.305995
vt 0.282880 0.306043
vt 0.279338 0.317250
vt 0.279994 0.317299
vt 0.285903 0.334566
vt 0.293284 0.334615
vt 0.281358 0.342358
vt 0.283348 0.342406
vt 0.271239 0.351466
vt 0.276820 0.351515
vt 0.283955 0.365919
vt 0.284612 0.365968
vt 0.277971 0.370407
vt 0.278627 0.370456
vt 0.279467 0.382633
vt 0.280123 0.382682
vt 0.291436 0.391111
vt 0.292092 0.391160
vt 0.423912 0.282089
vt 0.402664 0.291051
vt 0.418257 0.314152
vt 0.430101 0.283083
vt 0.426873 0.266974
vt 0.432932 0.268162
vt 0.433351 0.199472
vt 0.435477 0.211054
vt 0.441072 0.211520
vt 0.438846 0.198834
vt 0.437481 0.240916
vt 0.443316 0.242439
vt 0.421728 0.148715
vt 0.416994 0.151263
vt 0.424455 0.172374
vt 0.429851 0.170627
vt 0.391520 0.106713
vt 0.388140 0.111108
vt 0.402609 0.129886
vt 0.406537 0.126367
vt 0.337592 0.066399
vt 0.335671 0.071565
vt 0.365332 0.092208
vt 0.368262 0.087095
vt 0.325049 0.053127
vt 0.329728 0.050815
vt 0.334468 0.019257
vt 0.328857 0.038297
vt 0.333408 0.038694
vt 0.339613 0.015029
vt 0.323740 0.020705
vt 0.315629 0.032885
vt 0.312677 0.029459
vt 0.300959 0.061986
vt 0.307452 0.046113
vt 0.300893 0.043359
vt 0.295842 0.056837
vt 0.293023 0.061505
vt 0.263201 0.034439
vt 0.265273 0.032094
vt 0.263471 0.047672
vt 0.263638 0.055522
vt 0.281963 0.072557
vt 0.264206 0.066945
vt 0.302886 0.072757
vt 0.266210 0.087087
vt 0.281843 0.084482
vt 0.249736 0.101363
vt 0.253704 0.095471
vt 0.260919 0.094509
vt 0.285260 0.092229
vt 0.307696 0.085023
vt 0.352621 0.103397
vt 0.332804 0.085600
vt 0.291111 0.098477
vt 0.310479 0.117781
vt 0.307348 0.115294
vt 0.300389 0.111350
vt 0.298120 0.112604
vt 0.295054 0.105087
vt 0.290438 0.105088
vt 0.286346 0.098825
vt 0.307733 0.114000
vt 0.303131 0.106508
vt 0.304133 0.100579
vt 0.302825 0.096853
vt 0.300621 0.106711
vt 0.314571 0.103001
vt 0.316325 0.100889
vt 0.325844 0.107928
vt 0.327877 0.106456
vt 0.333777 0.115610
vt 0.336367 0.114528
vt 0.341209 0.126800
vt 0.344717 0.126219
vt 0.341710 0.246421
vt 0.346526 0.243963
vt 0.360026 0.229767
vt 0.356658 0.228819
vt 0.360674 0.221064
vt 0.364278 0.221852
vt 0.367820 0.209586
vt 0.363965 0.208970
vt 0.371300 0.187457
vt 0.368286 0.187259
vt 0.368655 0.166720
vt 0.365024 0.166466
vt 0.360026 0.149462
vt 0.356084 0.150683
vt 0.364221 0.241226
vt 0.362949 0.239370
vt 0.428444 0.377194
vt 0.459917 0.401718
vt 0.465259 0.401681
vt 0.431846 0.375250
vt 0.384794 0.213917
vt 0.387597 0.216984
vt 0.390485 0.210616
vt 0.376978 0.225742
vt 0.380094 0.227085
vt 0.371768 0.233759
vt 0.373889 0.235599
vt 0.391482 0.216534
vt 0.388752 0.236609
vt 0.392771 0.237072
vt 0.385721 0.251327
vt 0.389549 0.251972
vt 0.378074 0.266046
vt 0.382334 0.267605
vt 0.362778 0.285755
vt 0.367103 0.288448
vt 0.337497 0.294582
vt 0.342753 0.295818
vt 0.339402 0.317714
vt 0.345859 0.317843
vt 0.350484 0.344034
vt 0.355679 0.343095
vt 0.354293 0.366198
vt 0.362317 0.367626
vt 0.337670 0.365832
vt 0.345867 0.372859
vt 0.320470 0.385557
vt 0.316901 0.379362
vt 0.401103 0.397749
vt 0.414171 0.369313
vt 0.386810 0.368423
vt 0.420376 0.370006
vt 0.401258 0.396420
vt 0.407245 0.330526
vt 0.380036 0.337158
vt 0.378289 0.307148
vt 0.403123 0.274847
vt 0.408211 0.259473
vt 0.415126 0.238994
vt 0.414886 0.213982
vt 0.361437 0.234103
vt 0.367617 0.228090
vt 0.372460 0.221075
vt 0.379809 0.208049
vt 0.386656 0.203372
vt 0.412882 0.205298
vt 0.379201 0.184373
vt 0.375834 0.166095
vt 0.403262 0.180045
vt 0.364165 0.117586
vt 0.379797 0.140434
vt 0.395070 0.160233
vt 0.290216 0.406072
vt 0.400505 0.412710
vt 0.459319 0.416679
vt 0.477390 0.416642
vt 0.466883 0.422932
vt 0.456514 0.430893
vt 0.402905 0.429646
vt 0.288205 0.425906
s 0
usemtl Material.001
f 2/1/1 1/2/1 4/3/1 17/4/1
f 3/5/2 6/6/2 5/7/2 1/2/2
f 4/3/3 1/2/3 5/7/3
f 6/6/2 3/5/2 7/8/2
f 8/9/2 7/8/2 11/10/2
f 9/11/2 7/8/2 3/5/2
f 9/11/2 10/12/2 7/8/2
f 11/10/2 7/8/2 10/12/2
f 12/13/2 14/14/2 11/10/2
f 8/9/2 11/10/2 13/15/2
f 14/14/2 13/15/2 11/10/2
f 15/16/2 9/11/2 3/5/2
f 4/3/4 16/17/4 18/18/4
f 17/4/5 4/3/5 18/18/5
f 17/4/6 18/18/6 20/19/6
f 19/20/7 21/21/7 18/18/7
f 19/20/8 18/18/8 16/17/8
f 20/19/9 18/18/9 21/21/9
f 21/21/10 19/20/10 22/22/10
f 22/22/11 19/20/11 23/23/11
f 23/23/12 19/20/12 24/24/12
f 24/24/13 26/25/13 25/26/13
f 26/25/14 24/24/14 19/20/14
f 26/25/15 19/20/15 29/27/15
f 27/28/16 25/26/16 26/25/16
f 27/28/17 26/25/17 28/29/17
f 29/27/18 28/29/18 26/25/18
f 30/30/19 29/27/19 19/20/19
f 31/31/20 30/30/20 19/20/20
f 16/17/21 31/31/21 19/20/21
f 32/32/2 27/28/2 28/29/2
f 33/33/2 25/26/2 27/28/2
f 20/19/22 34/34/22 35/35/22
f 36/36/23 17/4/23 20/19/23 35/35/23
f 37/37/2 35/35/2 34/34/2 39/38/2
f 38/39/2 37/37/2 40/40/2
f 39/38/2 41/41/2 37/37/2
f 40/40/2 37/37/2 41/41/2
f 42/42/2 44/43/2 41/41/2
f 40/40/2 41/41/2 43/44/2
f 44/43/2 43/44/2 41/41/2
f 45/45/2 44/43/2 47/46/2
f 42/42/2 46/47/2 44/43/2
f 47/46/2 44/43/2 46/47/2
f 48/48/2 17/4/2 36/36/2
f 49/49/2 50/50/2 48/48/2
f 50/50/2 17/4/2 48/48/2
f 49/49/2 53/51/2 51/52/2 50/50/2
f 56/53/2 52/54/2 51/52/2 53/51/2
f 58/55/2 53/51/2 49/49/2
f 53/51/2 57/56/2 70/57/2 54/58/2
f 54/58/2 77/59/2 55/60/2 53/51/2
f 55/60/2 56/53/2 53/51/2
f 59/61/2 57/56/2 53/51/2 58/55/2
f 61/62/2 62/63/2 59/61/2 58/55/2
f 60/64/2 58/55/2 49/49/2
f 60/64/2 61/62/2 58/55/2
f 63/65/2 64/66/2 62/63/2
f 65/67/2 59/61/2 62/63/2 64/66/2
f 57/56/2 65/67/2 66/68/2
f 65/67/2 57/56/2 59/61/2
f 66/68/2 67/69/2 69/70/2 68/71/2
f 57/56/2 66/68/2 68/71/2 70/57/2
f 71/72/2 54/58/2 70/57/2
f 73/73/2 71/72/2 72/74/2
f 73/73/2 54/58/2 71/72/2
f 73/73/2 75/75/2 54/58/2
f 74/76/2 73/73/2 72/74/2
f 74/76/2 75/75/2 73/73/2
f 76/77/2 75/75/2 74/76/2
f 75/75/2 77/59/2 54/58/2
f 78/78/2 76/77/2 79/79/2
f 74/76/2 79/79/2 76/77/2
f 80/80/2 79/79/2 74/76/2
f 80/80/2 81/81/2 79/79/2
f 79/79/2 81/81/2 78/78/2
f 82/82/2 78/78/2 81/81/2
f 84/83/2 82/82/2 83/84/2
f 84/83/2 78/78/2 82/82/2
f 80/80/2 74/76/2 72/74/2
f 85/85/2 69/70/2 67/69/2
f 86/86/2 87/87/2 17/4/2
f 87/87/2 2/1/2 17/4/2
f 88/88/2 87/87/2 86/86/2
f 91/89/2 88/88/2 89/90/2
f 88/88/2 86/86/2 113/91/2 89/90/2
f 90/92/2 88/88/2 91/89/2
f 93/93/2 91/89/2 92/94/2 94/95/2
f 92/94/2 91/89/2 89/90/2 99/96/2
f 90/92/2 91/89/2 93/93/2
f 95/97/2 94/95/2 96/98/2
f 97/99/2 96/98/2 94/95/2 92/94/2
f 99/96/2 98/100/2 97/99/2
f 97/99/2 92/94/2 99/96/2
f 99/96/2 100/101/2 102/102/2 98/100/2
f 89/90/2 101/103/2 100/101/2 99/96/2
f 103/104/2 100/101/2 101/103/2
f 105/105/2 104/106/2 103/104/2
f 105/105/2 103/104/2 101/103/2
f 105/105/2 101/103/2 107/107/2
f 106/108/2 104/106/2 105/105/2
f 106/108/2 105/105/2 107/107/2
f 108/109/2 106/108/2 107/107/2
f 107/107/2 101/103/2 109/110/2
f 101/103/2 89/90/2 110/111/2 109/110/2
f 110/111/2 89/90/2 111/112/2
f 111/112/2 89/90/2 113/91/2 112/113/2
f 114/114/2 115/115/2 108/109/2
f 106/108/2 108/109/2 115/115/2
f 116/116/2 106/108/2 115/115/2
f 116/116/2 115/115/2 117/117/2
f 115/115/2 114/114/2 117/117/2
f 118/118/2 117/117/2 114/114/2
f 120/119/2 119/120/2 118/118/2
f 120/119/2 118/118/2 114/114/2
f 116/116/2 104/106/2 106/108/2
f 98/100/2 102/102/2 121/121/2 123/122/2
f 122/123/2 123/122/2 121/121/2
f 125/1/24 140/4/24 127/3/24 124/2/24
f 126/5/25 124/2/25 128/7/25 129/6/25
f 127/3/26 128/7/26 124/2/26
f 129/6/25 130/8/25 126/5/25
f 131/9/25 134/10/25 130/8/25
f 132/11/25 126/5/25 130/8/25
f 132/11/25 130/8/25 133/12/25
f 134/10/25 133/12/25 130/8/25
f 135/13/25 134/10/25 137/14/25
f 131/9/25 136/15/25 134/10/25
f 137/14/25 134/10/25 136/15/25
f 138/16/25 126/5/25 132/11/25
f 127/3/27 141/18/27 139/17/27
f 140/4/28 141/18/28 127/3/28
f 140/4/29 143/19/29 141/18/29
f 142/20/30 141/18/30 144/21/30
f 142/20/31 139/17/31 141/18/31
f 143/19/32 144/21/32 141/18/32
f 144/21/33 145/22/33 142/20/33
f 145/22/34 146/23/34 142/20/34
f 146/23/35 147/24/35 142/20/35
f 147/24/36 148/26/36 149/25/36
f 149/25/37 142/20/37 147/24/37
f 149/25/38 152/27/38 142/20/38
f 150/28/39 149/25/39 148/26/39
f 150/28/40 151/29/40 149/25/40
f 152/27/41 149/25/41 151/29/41
f 153/30/42 142/20/42 152/27/42
f 154/31/43 142/20/43 153/30/43
f 139/17/44 142/20/44 154/31/44
f 155/32/25 151/29/25 150/28/25
f 156/33/25 150/28/25 148/26/25
f 143/19/45 158/35/45 157/34/45
f 159/36/46 158/35/46 143/19/46 140/4/46
f 160/37/25 162/38/25 157/34/25 158/35/25
f 161/39/25 163/40/25 160/37/25
f 162/38/25 160/37/25 164/41/25
f 163/40/25 164/41/25 160/37/25
f 165/42/25 164/41/25 167/43/25
f 163/40/25 166/44/25 164/41/25
f 167/43/25 164/41/25 166/44/25
f 168/45/25 170/46/25 167/43/25
f 165/42/25 167/43/25 169/47/25
f 170/46/25 169/47/25 167/43/25
f 171/48/25 159/36/25 140/4/25
f 172/49/25 171/48/25 173/50/25
f 173/50/25 171/48/25 140/4/25
f 172/49/25 173/50/25 174/52/25 176/51/25
f 179/53/25 176/51/25 174/52/25 175/54/25
f 181/55/25 172/49/25 176/51/25
f 176/51/25 177/58/25 193/57/25 180/56/25
f 177/58/25 176/51/25 178/60/25 200/59/25
f 178/60/25 176/51/25 179/53/25
f 182/61/25 181/55/25 176/51/25 180/56/25
f 184/62/25 181/55/25 182/61/25 185/63/25
f 183/64/25 172/49/25 181/55/25
f 183/64/25 181/55/25 184/62/25
f 186/65/25 185/63/25 187/66/25
f 188/67/25 187/66/25 185/63/25 182/61/25
f 180/56/25 189/68/25 188/67/25
f 188/67/25 182/61/25 180/56/25
f 189/68/25 191/71/25 192/70/25 190/69/25
f 180/56/25 193/57/25 191/71/25 189/68/25
f 194/72/25 193/57/25 177/58/25
f 196/73/25 195/74/25 194/72/25
f 196/73/25 194/72/25 177/58/25
f 196/73/25 177/58/25 198/75/25
f 197/76/25 195/74/25 196/73/25
f 197/76/25 196/73/25 198/75/25
f 199/77/25 197/76/25 198/75/25
f 198/75/25 177/58/25 200/59/25
f 201/78/25 202/79/25 199/77/25
f 197/76/25 199/77/25 202/79/25
f 203/80/25 197/76/25 202/79/25
f 203/80/25 202/79/25 204/81/25
f 202/79/25 201/78/25 204/81/25
f 205/82/25 204/81/25 201/78/25
f 207/83/25 206/84/25 205/82/25
f 207/83/25 205/82/25 201/78/25
f 203/80/25 195/74/25 197/76/25
f 208/85/25 190/69/25 192/70/25
f 209/86/25 140/4/25 210/87/25
f 210/87/25 140/4/25 125/1/25
f 211/88/25 209/86/25 210/87/25
f 214/89/25 212/90/25 211/88/25
f 211/88/25 212/90/25 236/91/25 209/86/25
f 213/92/25 214/89/25 211/88/25
f 216/93/25 217/95/25 215/94/25 214/89/25
f 215/94/25 222/96/25 212/90/25 214/89/25
f 213/92/25 216/93/25 214/89/25
f 218/97/25 219/98/25 217/95/25
f 220/99/25 215/94/25 217/95/25 219/98/25
f 222/96/25 220/99/25 221/100/25
f 220/99/25 222/96/25 215/94/25
f 222/96/25 221/100/25 225/102/25 223/101/25
f 212/90/25 222/96/25 223/101/25 224/103/25
f 226/104/25 224/103/25 223/101/25
f 228/105/25 226/104/25 227/106/25
f 228/105/25 224/103/25 226/104/25
f 228/105/25 230/107/25 224/103/25
f 229/108/25 228/105/25 227/106/25
f 229/108/25 230/107/25 228/105/25
f 231/109/25 230/107/25 229/108/25
f 230/107/25 232/110/25 224/103/25
f 224/103/25 232/110/25 233/111/25 212/90/25
f 233/111/25 234/112/25 212/90/25
f 234/112/25 235/113/25 236/91/25 212/90/25
f 237/114/25 231/109/25 238/115/25
f 229/108/25 238/115/25 231/109/25
f 239/116/25 238/115/25 229/108/25
f 239/116/25 240/117/25 238/115/25
f 238/115/25 240/117/25 237/114/25
f 241/118/25 237/114/25 240/117/25
f 243/119/25 241/118/25 242/120/25
f 243/119/25 237/114/25 241/118/25
f 239/116/25 229/108/25 227/106/25
f 221/100/25 246/122/25 244/121/25 225/102/25
f 245/123/25 244/121/25 246/122/25
f 250/124/47 249/125/47 247/126/47 248/127/47
f 561/128/48 251/129/48 249/125/48 250/124/48
f 256/130/49 253/131/49 249/125/49 251/129/49
f 253/131/50 254/132/50 252/133/50 249/125/50
f 254/132/51 253/131/51 255/134/51 592/135/51
f 258/136/52 255/134/52 253/131/52 256/130/52
f 256/130/53 257/137/53 259/138/53 258/136/53
f 257/137/54 256/130/54 251/129/54 291/139/54
f 260/140/55 258/136/55 259/138/55 261/141/55
f 262/142/56 255/134/56 258/136/56 260/140/56
f 260/140/57 261/141/57 264/138/57 263/136/57
f 262/142/58 260/140/58 263/136/58 265/134/58
f 266/130/59 263/136/59 264/138/59 267/137/59
f 263/136/60 266/130/60 268/131/60 265/134/60
f 267/137/61 273/139/61 269/129/61 266/130/61
f 266/130/62 269/129/62 271/125/62 268/131/62
f 548/143/63 272/128/63 269/129/63 270/144/63
f 272/128/64 573/124/64 271/125/64 269/129/64
f 276/145/65 274/146/65 273/139/65 267/137/65
f 277/147/65 275/148/65 274/146/65 276/145/65
f 267/137/66 587/149/66 278/150/66 276/145/66
f 279/151/67 277/147/67 276/145/67
f 278/150/68 279/151/68 276/145/68
f 280/152/69 281/153/69 277/147/69 279/151/69
f 283/154/70 280/152/70 279/151/70 278/150/70
f 280/152/71 282/151/71 288/147/71 281/153/71
f 283/154/72 285/150/72 282/151/72 280/152/72
f 284/155/73 283/154/73 278/150/73 587/149/73
f 284/155/74 286/149/74 285/150/74 283/154/74
f 257/137/75 287/145/75 285/150/75 286/149/75
f 285/150/76 287/145/76 282/151/76
f 287/145/77 257/137/77 291/139/77 289/146/77
f 282/151/78 287/145/78 288/147/78
f 288/147/77 287/145/77 289/146/77 290/148/77
f 292/156/79 297/157/79 288/147/79 290/148/79
f 293/158/80 292/156/80 295/159/80 538/160/80
f 292/156/81 294/161/81 543/162/81 295/159/81
f 296/163/82 298/164/82 297/157/82 292/156/82
f 300/165/83 299/166/83 297/157/83 298/164/83
f 299/166/84 281/153/84 288/147/84 297/157/84
f 299/166/85 301/157/85 277/147/85 281/153/85
f 300/165/86 302/167/86 301/157/86 299/166/86
f 307/163/87 303/156/87 301/157/87 302/167/87
f 303/156/88 275/148/88 277/147/88 301/157/88
f 304/158/89 541/168/89 306/159/89 303/156/89
f 303/156/90 306/159/90 545/162/90 305/161/90
f 307/163/91 302/167/91 311/169/91 308/170/91
f 304/158/92 308/170/92 309/171/92 541/168/92
f 308/170/93 310/172/93 332/173/93 309/171/93
f 308/170/94 311/169/94 313/174/94 310/172/94
f 311/169/95 312/175/95 314/176/95 313/174/95
f 302/167/96 300/165/96 312/175/96 311/169/96
f 314/176/97 317/177/97 315/178/97 313/174/97
f 310/172/98 313/174/98 315/178/98 318/179/98
f 318/179/99 315/178/99 316/180/99 319/181/99
f 349/182/100 316/180/100 315/178/100 317/177/100
f 318/179/101 319/181/101 310/172/101
f 310/172/102 319/181/102 321/183/102
f 321/183/2 319/181/2 320/184/2
f 319/181/103 316/180/103 352/185/103 320/184/103
f 310/172/104 321/183/104 325/186/104 327/187/104
f 320/184/2 322/188/2 321/183/2
f 322/188/2 381/189/2 323/190/2 321/183/2
f 321/183/2 323/190/2 324/191/2
f 324/191/2 325/186/2 321/183/2
f 326/192/105 325/186/105 324/191/105 378/193/105
f 327/187/106 325/186/106 326/192/106 328/194/106
f 328/194/107 310/172/107 327/187/107
f 329/195/108 328/194/108 326/192/108 333/196/108
f 329/195/109 333/196/109 335/192/109 330/197/109
f 537/198/110 331/199/110 329/195/110 330/197/110
f 309/171/111 332/173/111 329/195/111 331/199/111
f 333/196/112 326/192/112 378/193/112 334/200/112
f 333/196/113 334/200/113 336/193/113 335/192/113
f 335/192/114 336/193/114 338/191/114 337/186/114
f 340/187/115 330/197/115 335/192/115 337/186/115
f 338/191/25 339/183/25 337/186/25
f 341/172/116 340/187/116 337/186/116 339/183/116
f 330/197/117 340/187/117 341/172/117
f 342/170/118 537/198/118 330/197/118 341/172/118
f 342/170/119 341/172/119 343/174/119 536/201/119
f 341/172/120 345/179/120 346/178/120 343/174/120
f 341/172/121 339/183/121 344/181/121
f 345/179/122 341/172/122 344/181/122
f 345/179/123 344/181/123 347/180/123 346/178/123
f 349/182/124 317/177/124 346/178/124 347/180/124
f 314/176/125 343/174/125 346/178/125 317/177/125
f 344/181/126 362/184/126 348/185/126 347/180/126
f 350/202/127 349/182/127 347/180/127 348/185/127
f 350/202/128 352/185/128 316/180/128 349/182/128
f 534/203/129 351/204/129 350/202/129 348/185/129
f 353/203/130 352/185/130 350/202/130 351/204/130
f 353/203/131 356/205/131 320/184/131 352/185/131
f 354/206/2 355/207/2 353/203/2
f 535/208/132 354/206/132 353/203/132 351/204/132
f 357/209/133 356/205/133 353/203/133 355/207/133
f 359/210/134 358/211/134 356/205/134 357/209/134
f 361/212/135 320/184/135 356/205/135 358/211/135
f 359/210/136 533/209/136 360/205/136 358/211/136
f 361/212/137 358/211/137 360/205/137 362/184/137
f 365/188/138 363/213/138 361/212/138 362/184/138
f 322/188/139 320/184/139 361/212/139 363/213/139
f 381/189/140 322/188/140 363/213/140 364/214/140
f 366/189/141 364/214/141 363/213/141 365/188/141
f 362/184/25 339/183/25 365/188/25
f 365/188/25 339/183/25 369/190/25 366/189/25
f 366/189/25 368/215/25 391/216/25 367/217/25
f 367/217/142 384/218/142 364/214/142 366/189/142
f 370/219/25 368/215/25 366/189/25 369/190/25
f 339/183/25 338/191/25 369/190/25
f 338/191/25 370/219/25 369/190/25
f 371/220/143 372/221/143 368/215/143 370/219/143
f 370/219/144 338/191/144 336/193/144 371/220/144
f 373/222/145 374/223/145 372/221/145 371/220/145
f 334/200/146 373/222/146 371/220/146 336/193/146
f 373/222/147 375/220/147 376/221/147 374/223/147
f 334/200/148 378/193/148 375/220/148 373/222/148
f 375/220/149 377/219/149 379/215/149 376/221/149
f 377/219/150 375/220/150 378/193/150 324/191/150
f 377/219/2 323/190/2 381/189/2 379/215/2
f 324/191/2 323/190/2 377/219/2
f 381/189/2 382/217/2 380/216/2 379/215/2
f 376/221/151 379/215/151 380/216/151 397/224/151
f 382/217/152 381/189/152 364/214/152 384/218/152
f 382/217/2 383/225/2 400/226/2 380/216/2
f 382/217/153 384/218/153 385/227/153 383/225/153
f 367/217/154 387/225/154 385/227/154 384/218/154
f 383/225/155 385/227/155 386/228/155 403/229/155
f 387/225/156 388/229/156 386/228/156 385/227/156
f 387/225/25 389/226/25 390/230/25 388/229/25
f 367/217/25 391/216/25 389/226/25 387/225/25
f 392/231/157 393/232/157 390/230/157 389/226/157
f 395/224/158 392/231/158 389/226/158 391/216/158
f 394/233/159 423/234/159 393/232/159 392/231/159
f 396/235/160 394/233/160 392/231/160 395/224/160
f 374/223/161 396/235/161 395/224/161 372/221/161
f 372/221/162 395/224/162 391/216/162 368/215/162
f 396/235/163 397/224/163 398/231/163 394/233/163
f 374/223/164 376/221/164 397/224/164 396/235/164
f 397/224/165 380/216/165 400/226/165 398/231/165
f 398/231/166 400/226/166 401/230/166 399/232/166
f 394/233/167 398/231/167 399/232/167 423/234/167
f 383/225/2 403/229/2 401/230/2 400/226/2
f 402/236/2 401/230/2 405/237/2
f 402/236/168 424/238/168 399/232/168 401/230/168
f 403/229/2 404/239/2 401/230/2
f 405/237/2 401/230/2 404/239/2
f 406/240/169 405/237/169 404/239/169 407/241/169
f 408/242/170 402/236/170 405/237/170 406/240/170
f 409/243/171 406/240/171 407/241/171 410/244/171
f 411/245/172 408/242/172 406/240/172 409/243/172
f 409/243/173 410/244/173 413/241/173 412/240/173
f 411/245/174 409/243/174 412/240/174 414/242/174
f 412/240/175 413/241/175 416/239/175 415/237/175
f 414/242/176 412/240/176 415/237/176 417/236/176
f 415/237/25 416/239/25 390/230/25
f 417/236/25 415/237/25 390/230/25
f 418/246/177 414/242/177 417/236/177
f 419/238/178 420/247/178 418/246/178 417/236/178
f 417/236/179 390/230/179 393/232/179 419/238/179
f 421/248/180 422/249/180 420/247/180 419/238/180
f 419/238/181 393/232/181 423/234/181 421/248/181
f 421/248/182 424/238/182 425/247/182 422/249/182
f 424/238/183 421/248/183 423/234/183 399/232/183
f 424/238/184 402/236/184 426/246/184 425/247/184
f 422/249/185 425/247/185 426/246/185 427/250/185
f 426/246/186 402/236/186 408/242/186
f 427/250/187 426/246/187 408/242/187 411/245/187
f 427/250/188 411/245/188 414/242/188 418/246/188
f 422/249/189 427/250/189 418/246/189 420/247/189
f 388/229/25 390/230/25 416/239/25
f 388/229/190 416/239/190 429/251/190 386/228/190
f 428/252/191 416/239/191 430/253/191 433/254/191
f 416/239/192 428/252/192 443/255/192 429/251/192
f 430/253/193 416/239/193 413/241/193
f 430/253/194 431/256/194 433/254/194
f 432/257/195 463/258/195 431/256/195 430/253/195
f 410/244/196 432/257/196 430/253/196 413/241/196
f 431/256/197 434/259/197 433/254/197
f 433/254/198 434/259/198 435/260/198
f 435/260/199 438/261/199 428/252/199 433/254/199
f 434/259/200 436/262/200 435/260/200
f 435/260/201 436/262/201 468/263/201 437/264/201
f 437/264/202 439/265/202 438/261/202 435/260/202
f 428/252/203 438/261/203 439/265/203 441/266/203
f 437/264/204 530/267/204 440/268/204 439/265/204
f 359/210/205 439/265/205 440/268/205 533/209/205
f 439/265/206 359/210/206 441/266/206
f 442/269/2 359/210/2 441/266/2
f 428/252/207 441/266/207 443/255/207
f 445/265/208 441/266/208 359/210/208
f 444/252/209 443/255/209 441/266/209
f 444/252/210 441/266/210 445/265/210 447/261/210
f 446/264/211 445/265/211 448/268/211 449/267/211
f 446/264/212 459/260/212 447/261/212 445/265/212
f 359/210/213 357/209/213 448/268/213 445/265/213
f 449/267/214 448/268/214 357/209/214 355/207/214
f 450/270/2 449/267/2 355/207/2
f 446/264/215 449/267/215 450/270/215 453/263/215
f 451/271/216 450/270/216 355/207/216 532/272/216
f 450/270/217 451/271/217 452/273/217
f 452/273/2 453/263/2 450/270/2
f 453/263/218 454/274/218 456/262/218
f 454/274/219 453/263/219 455/275/219
f 455/275/220 453/263/220 452/273/220
f 459/260/221 446/264/221 453/263/221 456/262/221
f 454/274/222 457/276/222 456/262/222
f 464/277/223 458/259/223 456/262/223 457/276/223
f 458/259/224 459/260/224 456/262/224
f 459/260/225 460/254/225 444/252/225 447/261/225
f 460/254/226 459/260/226 458/259/226
f 462/253/227 460/254/227 461/256/227
f 461/256/228 460/254/228 458/259/228
f 444/252/229 460/254/229 462/253/229 404/239/229
f 432/257/230 462/253/230 461/256/230 463/258/230
f 410/244/231 407/241/231 462/253/231 432/257/231
f 462/253/232 407/241/232 404/239/232
f 463/258/233 461/256/233 458/259/233 464/277/233
f 463/258/234 464/277/234 434/259/234 431/256/234
f 464/277/235 457/276/235 436/262/235 434/259/235
f 457/276/236 454/274/236 516/278/236 465/279/236
f 457/276/237 465/279/237 467/278/237 466/274/237
f 466/274/238 436/262/238 457/276/238
f 467/278/239 472/280/239 469/275/239 466/274/239
f 468/263/240 436/262/240 466/274/240
f 466/274/241 469/275/241 468/263/241
f 473/273/242 469/275/242 470/281/242 475/282/242
f 470/281/243 469/275/243 471/283/243 489/284/243
f 472/280/244 513/285/244 471/283/244 469/275/244
f 469/275/245 473/273/245 468/263/245
f 473/273/25 474/270/25 468/263/25
f 474/270/246 473/273/246 451/271/246
f 476/286/247 451/271/247 473/273/247 475/282/247
f 480/287/248 476/286/248 475/282/248 477/288/248
f 479/289/249 477/288/249 475/282/249 470/281/249
f 481/290/250 480/287/250 477/288/250 478/291/250
f 492/292/251 478/291/251 477/288/251 479/289/251
f 481/290/252 483/291/252 482/288/252 480/287/252
f 480/287/253 482/288/253 484/282/253 476/286/253
f 487/292/254 485/289/254 482/288/254 483/291/254
f 485/289/255 486/281/255 484/282/255 482/288/255
f 489/284/256 486/281/256 485/289/256 488/293/256
f 488/293/257 485/289/257 487/292/257 490/294/257
f 489/284/258 488/293/258 479/289/258 470/281/258
f 488/293/259 490/294/259 492/292/259 479/289/259
f 490/294/260 487/292/260 509/295/260 491/296/260
f 490/294/261 491/296/261 493/295/261 492/292/261
f 493/295/262 478/291/262 492/292/262
f 478/291/263 493/295/263 494/297/263 497/298/263
f 491/296/264 496/299/264 494/297/264 493/295/264
f 497/298/265 494/297/265 495/300/265 499/301/265
f 496/299/266 507/302/266 495/300/266 494/297/266
f 498/303/267 481/290/267 478/291/267 497/298/267
f 501/304/268 498/303/268 497/298/268 499/301/268
f 500/305/269 499/301/269 495/300/269
f 502/306/270 501/304/270 499/301/270 500/305/270
f 502/306/271 504/305/271 503/301/271 501/304/271
f 501/304/272 503/301/272 505/298/272 498/303/272
f 504/305/273 506/300/273 503/301/273
f 505/298/274 503/301/274 506/300/274 508/297/274
f 507/302/275 506/300/275 504/305/275 510/307/275
f 496/299/276 508/297/276 506/300/276 507/302/276
f 483/291/277 505/298/277 508/297/277 509/295/277
f 491/296/278 509/295/278 508/297/278 496/299/278
f 509/295/279 487/292/279 483/291/279
f 507/302/280 510/307/280 500/305/280 495/300/280
f 504/305/281 511/308/281 510/307/281
f 500/305/282 510/307/282 511/308/282
f 502/306/283 511/308/283 504/305/283
f 502/306/284 500/305/284 511/308/284
f 498/303/285 505/298/285 483/291/285 481/290/285
f 513/285/2 471/283/2 489/284/2 512/309/2
f 486/281/286 489/284/286 471/283/286 455/275/286
f 514/310/287 517/311/287 515/280/287 513/285/287
f 514/310/288 513/285/288 472/280/288 528/311/288
f 515/280/289 455/275/289 471/283/289 513/285/289
f 516/278/290 454/274/290 455/275/290 515/280/290
f 519/312/291 516/278/291 515/280/291 517/311/291
f 517/311/292 514/310/292 524/313/292 518/314/292
f 518/314/2 519/312/2 517/311/2
f 516/278/293 519/312/293 465/279/293
f 465/279/294 519/312/294 520/315/294 521/316/294
f 520/315/2 519/312/2 518/314/2
f 521/316/295 520/315/295 522/317/295
f 522/317/296 520/315/296 523/318/296
f 523/318/297 520/315/297 518/314/297 524/313/297
f 523/318/298 524/313/298 527/314/298 525/315/298
f 522/317/299 523/318/299 525/315/299
f 525/315/25 527/314/25 526/312/25
f 465/279/300 521/316/300 525/315/300 526/312/300
f 521/316/301 522/317/301 525/315/301
f 527/314/25 528/311/25 526/312/25
f 528/311/302 527/314/302 524/313/302 514/310/302
f 526/312/303 528/311/303 472/280/303 467/278/303
f 467/278/304 465/279/304 526/312/304
f 452/273/305 484/282/305 486/281/305 455/275/305
f 476/286/306 484/282/306 452/273/306 451/271/306
f 474/270/25 529/207/25 530/267/25
f 451/271/307 532/272/307 529/207/307 474/270/307
f 437/264/308 468/263/308 474/270/308 530/267/308
f 530/267/309 529/207/309 533/209/309 440/268/309
f 531/206/25 534/203/25 529/207/25
f 532/272/310 535/208/310 531/206/310 529/207/310
f 533/209/311 529/207/311 534/203/311 360/205/311
f 534/203/312 348/185/312 362/184/312 360/205/312
f 535/208/313 351/204/313 534/203/313 531/206/313
f 532/272/314 355/207/314 354/206/314 535/208/314
f 404/239/315 429/251/315 443/255/315 444/252/315
f 403/229/316 386/228/316 429/251/316 404/239/316
f 339/183/25 362/184/25 344/181/25
f 536/201/317 343/174/317 314/176/317 312/175/317
f 296/163/318 342/170/318 536/201/318 298/164/318
f 298/164/319 536/201/319 312/175/319 300/165/319
f 293/158/320 538/160/320 537/198/320 342/170/320
f 538/160/321 539/319/321 331/199/321 537/198/321
f 539/319/322 538/160/322 295/159/322 540/320/322
f 541/168/323 309/171/323 331/199/323 539/319/323
f 539/319/324 540/320/324 306/159/324 541/168/324
f 540/320/325 542/321/325 545/162/325 306/159/325
f 540/320/326 295/159/326 543/162/326 542/321/326
f 544/322/327 542/321/327 543/162/327 556/323/327
f 544/322/328 546/323/328 545/162/328 542/321/328
f 545/162/329 547/324/329 550/325/329 305/161/329
f 546/323/330 547/324/330 545/162/330
f 548/143/331 547/324/331 549/326/331 551/327/331
f 547/324/329 548/143/329 270/144/329 550/325/329
f 549/326/332 547/324/332 546/323/332
f 553/328/333 551/327/333 549/326/333 552/329/333
f 552/329/334 549/326/334 546/323/334 544/322/334
f 553/328/335 552/329/335 554/326/335 555/327/335
f 552/329/336 544/322/336 556/323/336 554/326/336
f 558/143/337 555/327/337 554/326/337 557/324/337
f 554/326/338 556/323/338 557/324/338
f 557/324/339 559/325/339 560/144/339 558/143/339
f 556/323/340 543/162/340 557/324/340
f 543/162/339 294/161/339 559/325/339 557/324/339
f 558/143/341 560/144/341 251/129/341 561/128/341
f 561/128/342 565/330/342 563/331/342 558/143/342
f 562/332/25 558/143/25 563/331/25
f 562/332/343 555/327/343 558/143/343
f 562/332/344 563/331/344 564/333/344
f 567/334/345 564/333/345 563/331/345 565/330/345
f 565/330/346 561/128/346 250/124/346 566/335/346
f 568/336/347 567/334/347 565/330/347 566/335/347
f 567/334/348 569/330/348 570/331/348 564/333/348
f 568/336/349 571/335/349 569/330/349 567/334/349
f 272/128/350 548/143/350 570/331/350 569/330/350
f 569/330/351 571/335/351 573/124/351 272/128/351
f 574/127/352 573/124/352 571/335/352 572/337/352
f 576/338/353 572/337/353 571/335/353 568/336/353
f 573/124/354 574/127/354 575/126/354 271/125/354
f 576/338/355 568/336/355 566/335/355 577/337/355
f 248/127/356 577/337/356 566/335/356 250/124/356
f 578/332/2 570/331/2 548/143/2
f 578/332/357 564/333/357 570/331/357
f 578/332/358 548/143/358 551/327/358
f 579/339/359 580/340/359 578/332/359
f 578/332/360 551/327/360 579/339/360
f 564/333/361 578/332/361 580/340/361
f 564/333/362 580/340/362 562/332/362
f 579/339/363 553/328/363 580/340/363
f 581/339/364 580/340/364 553/328/364
f 581/339/365 562/332/365 580/340/365
f 581/339/366 553/328/366 555/327/366
f 562/332/367 581/339/367 555/327/367
f 579/339/368 551/327/368 553/328/368
f 582/341/369 286/149/369 284/155/369
f 583/342/370 286/149/370 582/341/370
f 583/342/371 257/137/371 286/149/371
f 583/342/25 259/138/25 257/137/25
f 582/341/372 584/343/372 583/342/372
f 261/141/373 583/342/373 584/343/373
f 583/342/374 261/141/374 259/138/374
f 261/141/375 584/343/375 585/342/375
f 586/341/376 584/343/376 284/155/376
f 582/341/377 284/155/377 584/343/377
f 586/341/378 585/342/378 584/343/378
f 586/341/379 284/155/379 587/149/379
f 585/342/380 586/341/380 587/149/380
f 585/342/381 587/149/381 267/137/381
f 585/342/2 267/137/2 264/138/2
f 585/342/382 264/138/382 261/141/382
f 268/131/383 271/125/383 588/133/383 589/132/383
f 589/132/384 590/135/384 265/134/384 268/131/384
f 591/344/385 262/142/385 265/134/385 590/135/385
f 591/344/386 592/135/386 255/134/386 262/142/386
f 611/345/387 613/346/387 594/347/387 593/348/387
f 613/346/388 612/349/388 595/350/388 594/347/388
f 596/351/389 598/352/389 601/353/389 599/354/389
f 598/352/390 597/355/390 600/356/390 601/353/390
f 599/354/391 601/353/391 604/357/391 602/358/391
f 601/353/392 600/356/392 603/359/392 604/357/392
f 602/358/393 604/357/393 607/360/393 605/361/393
f 604/357/394 603/359/394 606/362/394 607/360/394
f 605/361/395 607/360/395 610/363/395 608/364/395
f 607/360/396 606/362/396 609/365/396 610/363/396
f 608/364/397 610/363/397 613/346/397 611/345/397
f 610/363/398 609/365/398 612/349/398 613/346/398
f 598/352/399 596/351/399 614/366/399 616/367/399
f 597/355/400 598/352/400 616/367/400 615/368/400
f 594/347/401 595/350/401 619/369/401 618/370/401
f 593/348/402 594/347/402 618/370/402 617/371/402
f 624/372/403 623/373/403 620/374/403 622/375/403
f 625/376/404 624/372/404 622/375/404 621/377/404
f 627/378/405 626/379/405 624/372/405 625/376/405
f 626/379/406 628/380/406 623/373/406 624/372/406
f 629/381/407 631/382/407 628/380/407 626/379/407
f 630/383/408 629/381/408 626/379/408 627/378/408
f 615/368/409 616/367/409 629/381/409 630/383/409
f 616/367/410 614/366/410 631/382/410 629/381/410
f 618/370/411 619/369/411 634/384/411 633/385/411
f 617/371/412 618/370/412 633/385/412 632/386/412
f 633/385/413 634/384/413 637/387/413 636/388/413
f 632/386/414 633/385/414 636/388/414 635/389/414
f 622/375/415 620/374/415 638/390/415 640/391/415
f 621/377/416 622/375/416 640/391/416 639/392/416
f 640/391/417 638/390/417 641/393/417 643/394/417
f 639/392/418 640/391/418 643/394/418 642/395/418
f 643/394/419 641/393/419 644/396/419 646/397/419
f 642/395/420 643/394/420 646/397/420 645/398/420
f 646/397/421 644/396/421 647/399/421 649/400/421
f 645/398/422 646/397/422 649/400/422 648/401/422
f 649/400/423 647/399/423 650/402/423 652/403/423
f 648/401/424 649/400/424 652/403/424 651/404/424
f 652/403/425 650/402/425 653/405/425 655/406/425
f 651/404/426 652/403/426 655/406/426 654/407/426
f 655/406/427 653/405/427 700/408/427 702/409/427
f 654/407/428 655/406/428 702/409/428 701/410/428
f 702/409/429 700/408/429 703/411/429 705/412/429
f 701/410/430 702/409/430 705/412/430 704/413/430
f 705/412/431 703/411/431 706/414/431 708/415/431
f 704/413/432 705/412/432 708/415/432 707/416/432
f 720/417/433 698/418/433 697/419/433 715/420/433
f 792/421/434 791/422/434 698/418/434 720/417/434
f 811/423/435 810/424/435 696/425/435 722/426/435
f 696/425/436 695/427/436 721/428/436 722/426/436
f 817/429/437 692/430/437 723/431/437 818/432/437
f 814/433/438 694/434/438 724/435/438 815/436/438
f 689/437/439 693/438/439 725/439/439 726/440/439
f 727/441/440 691/442/440 689/437/440 726/440/440
f 729/443/441 684/444/441 690/445/441 728/446/441
f 690/445/442 691/442/442 727/441/442 728/446/442
f 684/444/443 729/443/443 686/447/443
f 730/448/444 683/449/444 686/447/444 729/443/444
f 729/443/445 728/446/445 730/448/445
f 732/450/446 682/451/446 685/452/446 731/453/446
f 685/452/447 683/449/447 730/448/447 731/453/447
f 732/450/448 733/454/448 682/451/448
f 735/455/449 687/456/449 734/457/449
f 687/456/450 688/458/450 734/457/450
f 688/458/451 682/451/451 733/454/451 734/457/451
f 727/441/452 731/453/452 730/448/452 728/446/452
f 741/459/453 736/460/453 735/455/453 734/457/453
f 734/457/454 733/454/454 741/459/454
f 737/461/455 736/460/455 741/459/455 742/462/455
f 741/459/456 733/454/456 742/462/456
f 744/463/457 743/464/457 742/462/457 733/454/457
f 738/465/458 737/461/458 742/462/458 743/464/458
f 745/466/459 744/463/459 733/454/459 732/450/459
f 731/453/460 727/441/460 732/450/460
f 726/440/461 745/466/461 732/450/461 727/441/461
f 739/467/462 738/465/462 743/464/462 746/468/462
f 744/463/463 747/469/463 746/468/463 743/464/463
f 745/466/464 747/469/464 744/463/464
f 740/470/465 739/467/465 749/471/465
f 749/471/466 739/467/466 748/472/466
f 750/473/467 748/472/467 739/467/467
f 739/467/468 746/468/468 750/473/468
f 636/388/469 747/469/469 635/389/469
f 747/469/470 636/388/470 746/468/470
f 750/473/471 746/468/471 636/388/471
f 636/388/472 637/387/472 750/473/472
f 750/473/473 637/387/473 748/472/473
f 748/472/474 637/387/474 749/471/474
f 749/471/475 637/387/475 740/470/475
f 656/474/476 635/389/476 747/469/476
f 747/469/477 745/466/477 656/474/477
f 656/474/478 745/466/478 751/475/478
f 753/476/479 752/477/479 726/440/479 725/439/479
f 726/440/480 752/477/480 751/475/480 745/466/480
f 751/475/481 754/478/481 656/474/481
f 658/479/482 659/480/482 756/481/482 757/482/482
f 659/480/483 657/483/483 755/484/483 756/481/483
f 657/483/484 660/485/484 754/478/484 755/484/484
f 660/485/485 656/474/485 754/478/485
f 757/482/486 758/486/486 658/479/486
f 758/486/487 757/482/487 756/481/487 662/487/487
f 661/488/488 662/487/488 759/489/488 760/490/488
f 756/481/489 759/489/489 662/487/489
f 756/481/490 755/484/490 759/489/490
f 754/478/491 760/490/491 759/489/491 755/484/491
f 754/478/492 751/475/492 760/490/492
f 664/491/493 661/488/493 760/490/493 761/492/493
f 663/493/494 664/491/494 761/492/494 762/494/494
f 752/477/495 761/492/495 760/490/495 751/475/495
f 666/495/496 663/493/496 762/494/496 763/496/496
f 665/497/497 666/495/497 763/496/497 764/498/497
f 761/492/498 752/477/498 762/494/498
f 753/476/499 763/496/499 762/494/499 752/477/499
f 667/499/500 668/500/500 769/501/500 770/502/500
f 806/503/501 669/504/501 768/505/501 807/506/501
f 669/504/502 670/507/502 767/508/502 768/505/502
f 670/507/503 672/509/503 766/510/503 767/508/503
f 672/509/504 671/511/504 765/512/504 766/510/504
f 671/511/505 665/497/505 764/498/505 765/512/505
f 673/513/506 667/499/506 770/502/506 771/514/506
f 718/515/507 710/516/507 709/517/507 719/518/507
f 774/519/508 775/520/508 676/521/508
f 676/521/509 674/522/509 773/523/509 774/519/509
f 674/522/510 675/524/510 772/525/510 773/523/510
f 675/524/511 673/513/511 771/514/511 772/525/511
f 775/520/512 776/526/512 676/521/512
f 677/527/513 676/521/513 776/526/513 777/528/513
f 681/529/514 677/527/514 777/528/514 778/530/514
f 678/531/515 681/529/515 778/530/515 779/532/515
f 680/533/516 678/531/516 779/532/516 780/534/516
f 679/535/517 680/533/517 780/534/517 781/536/517
f 711/537/518 679/535/518 781/536/518 782/538/518
f 712/539/519 711/537/519 782/538/519 783/540/519
f 713/541/520 712/539/520 783/540/520 784/542/520
f 714/543/521 713/541/521 784/542/521 785/544/521
f 786/545/522 787/546/522 714/543/522 785/544/522
f 787/546/523 786/545/523 708/415/523 706/414/523
f 719/518/524 789/547/524 718/515/524
f 786/545/525 789/547/525 708/415/525
f 786/545/526 785/544/526 789/547/526
f 785/544/527 784/542/527 789/547/527
f 718/515/528 789/547/528 717/548/528
f 789/547/529 784/542/529 796/549/529 717/548/529
f 710/516/530 718/515/530 717/548/530 699/550/530
f 790/551/531 706/414/531 708/415/531 789/547/531
f 709/517/532 790/551/532 789/547/532 719/518/532
f 697/419/533 716/552/533 715/420/533
f 699/550/534 717/548/534 716/552/534 697/419/534
f 796/549/535 784/542/535 783/540/535 797/553/535
f 797/553/536 783/540/536 782/538/536 798/554/536
f 782/538/537 781/536/537 715/420/537 798/554/537
f 781/536/538 780/534/538 715/420/538
f 715/420/539 780/534/539 779/532/539 793/555/539
f 721/428/540 695/427/540 791/422/540 792/421/540
f 794/556/541 792/421/541 720/417/541 793/555/541
f 794/556/542 778/530/542 777/528/542 795/557/542
f 792/421/543 794/556/543 795/557/543 721/428/543
f 778/530/544 794/556/544 793/555/544 779/532/544
f 715/420/545 793/555/545 720/417/545
f 716/552/546 797/553/546 798/554/546 715/420/546
f 717/548/547 796/549/547 797/553/547 716/552/547
f 799/558/548 795/557/548 777/528/548 776/526/548
f 722/426/549 721/428/549 795/557/549 799/558/549
f 771/514/550 770/502/550 800/559/550
f 770/502/551 769/501/551 800/559/551
f 772/525/552 771/514/552 800/559/552 801/560/552
f 773/523/553 772/525/553 801/560/553 802/561/553
f 774/519/554 773/523/554 802/561/554 803/562/554
f 775/520/555 774/519/555 803/562/555 804/563/555
f 799/558/556 776/526/556 775/520/556 805/564/556
f 668/500/557 806/503/557 807/506/557 769/501/557
f 807/506/558 801/560/558 800/559/558 769/501/558
f 801/560/559 807/506/559 768/505/559 802/561/559
f 767/508/560 803/562/560 802/561/560 768/505/560
f 804/563/561 803/562/561 767/508/561 808/565/561
f 809/566/562 808/565/562 767/508/562 766/510/562
f 723/431/563 692/430/563 810/424/563 811/423/563
f 722/426/564 799/558/564 805/564/564 811/423/564
f 723/431/565 811/423/565 805/564/565 812/567/565
f 693/438/566 814/433/566 815/436/566 725/439/566
f 764/498/567 763/496/567 753/476/567 813/568/567
f 815/436/568 813/568/568 753/476/568 725/439/568
f 765/512/569 764/498/569 813/568/569 816/569/569
f 724/435/570 816/569/570 813/568/570 815/436/570
f 818/432/571 723/431/571 812/567/571 819/570/571
f 765/512/572 816/569/572 809/566/572 766/510/572
f 724/435/573 818/432/573 819/570/573 816/569/573
f 694/434/574 817/429/574 818/432/574 724/435/574
f 816/569/575 819/570/575 809/566/575
f 819/570/576 812/567/576 808/565/576 809/566/576
f 808/565/577 812/567/577 804/563/577
f 804/563/578 812/567/578 805/564/578 775/520/578
f 789/547/579 822/571/579 788/572/579 708/415/579
f 719/518/580 821/573/580 822/571/580 789/547/580
f 709/517/581 820/574/581 821/573/581 719/518/581
f 707/416/582 708/415/582 788/572/582 823/575/582
f 821/573/583 820/574/583 825/576/583
f 824/577/584 821/573/584 825/576/584
f 822/571/585 821/573/585 824/577/585 826/578/585
f 827/579/586 788/572/586 822/571/586 826/578/586
f 828/580/587 823/575/587 788/572/587 827/579/587
f 827/579/588 829/581/588 828/580/588
f 611/345/589 593/348/589 830/347/589 843/346/589
f 843/346/590 830/347/590 831/350/590 842/349/590
f 596/351/591 599/354/591 835/353/591 833/352/591
f 833/352/592 835/353/592 834/356/592 832/355/592
f 599/354/593 602/358/593 837/357/593 835/353/593
f 835/353/594 837/357/594 836/359/594 834/356/594
f 602/358/595 605/361/595 839/360/595 837/357/595
f 837/357/596 839/360/596 838/362/596 836/359/596
f 605/361/597 608/364/597 841/363/597 839/360/597
f 839/360/598 841/363/598 840/365/598 838/362/598
f 608/364/599 611/345/599 843/346/599 841/363/599
f 841/363/600 843/346/600 842/349/600 840/365/600
f 833/352/601 845/367/601 614/366/601 596/351/601
f 832/355/602 844/368/602 845/367/602 833/352/602
f 830/347/603 846/370/603 847/369/603 831/350/603
f 593/348/604 617/371/604 846/370/604 830/347/604
f 850/372/605 849/375/605 620/374/605 623/373/605
f 851/376/606 848/377/606 849/375/606 850/372/606
f 853/378/607 851/376/607 850/372/607 852/379/607
f 852/379/608 850/372/608 623/373/608 628/380/608
f 854/381/609 852/379/609 628/380/609 631/382/609
f 855/383/610 853/378/610 852/379/610 854/381/610
f 844/368/611 855/383/611 854/381/611 845/367/611
f 845/367/612 854/381/612 631/382/612 614/366/612
f 846/370/613 856/385/613 857/384/613 847/369/613
f 617/371/614 632/386/614 856/385/614 846/370/614
f 856/385/615 858/388/615 859/387/615 857/384/615
f 632/386/616 635/389/616 858/388/616 856/385/616
f 849/375/617 861/391/617 638/390/617 620/374/617
f 848/377/618 860/392/618 861/391/618 849/375/618
f 861/391/619 863/394/619 641/393/619 638/390/619
f 860/392/620 862/395/620 863/394/620 861/391/620
f 863/394/621 865/397/621 644/396/621 641/393/621
f 862/395/622 864/398/622 865/397/622 863/394/622
f 865/397/623 867/400/623 647/399/623 644/396/623
f 864/398/624 866/401/624 867/400/624 865/397/624
f 867/400/625 869/403/625 650/402/625 647/399/625
f 866/401/626 868/404/626 869/403/626 867/400/626
f 869/403/627 871/406/627 653/405/627 650/402/627
f 868/404/628 870/407/628 871/406/628 869/403/628
f 871/406/629 874/409/629 700/408/629 653/405/629
f 870/407/630 873/410/630 874/409/630 871/406/630
f 874/409/631 876/412/631 703/411/631 700/408/631
f 873/410/632 875/413/632 876/412/632 874/409/632
f 876/412/633 878/415/633 706/414/633 703/411/633
f 875/413/634 877/416/634 878/415/634 876/412/634
f 884/417/635 879/420/635 697/419/635 698/418/635
f 952/421/636 884/417/636 698/418/636 791/422/636
f 969/423/637 886/426/637 696/425/637 810/424/637
f 696/425/638 886/426/638 885/428/638 695/427/638
f 817/429/639 974/432/639 887/431/639 692/430/639
f 814/433/640 972/436/640 888/435/640 694/434/640
f 689/437/641 890/440/641 889/439/641 693/438/641
f 891/441/642 890/440/642 689/437/642 691/442/642
f 893/443/643 892/446/643 690/445/643 684/444/643
f 690/445/644 892/446/644 891/441/644 691/442/644
f 684/444/645 686/447/645 893/443/645
f 894/448/646 893/443/646 686/447/646 683/449/646
f 893/443/647 894/448/647 892/446/647
f 896/450/648 895/453/648 685/452/648 682/451/648
f 685/452/649 895/453/649 894/448/649 683/449/649
f 896/450/650 682/451/650 897/454/650
f 899/455/651 898/457/651 872/456/651
f 872/456/652 898/457/652 688/458/652
f 688/458/653 898/457/653 897/454/653 682/451/653
f 891/441/654 892/446/654 894/448/654 895/453/654
f 905/459/655 898/457/655 899/455/655 900/460/655
f 898/457/656 905/459/656 897/454/656
f 901/461/657 906/462/657 905/459/657 900/460/657
f 905/459/658 906/462/658 897/454/658
f 908/463/659 897/454/659 906/462/659 907/464/659
f 902/465/660 907/464/660 906/462/660 901/461/660
f 909/466/661 896/450/661 897/454/661 908/463/661
f 895/453/662 896/450/662 891/441/662
f 890/440/663 891/441/663 896/450/663 909/466/663
f 903/467/664 910/468/664 907/464/664 902/465/664
f 908/463/665 907/464/665 910/468/665 911/469/665
f 909/466/666 908/463/666 911/469/666
f 904/470/667 913/471/667 903/467/667
f 913/471/668 912/472/668 903/467/668
f 914/473/669 903/467/669 912/472/669
f 903/467/670 914/473/670 910/468/670
f 858/388/671 635/389/671 911/469/671
f 911/469/672 910/468/672 858/388/672
f 914/473/673 858/388/673 910/468/673
f 858/388/674 914/473/674 859/387/674
f 914/473/675 912/472/675 859/387/675
f 912/472/676 913/471/676 859/387/676
f 913/471/677 904/470/677 859/387/677
f 656/474/678 911/469/678 635/389/678
f 911/469/679 656/474/679 909/466/679
f 656/474/680 915/475/680 909/466/680
f 917/476/681 889/439/681 890/440/681 916/477/681
f 890/440/682 909/466/682 915/475/682 916/477/682
f 915/475/683 656/474/683 918/478/683
f 658/479/684 921/482/684 920/481/684 659/480/684
f 659/480/685 920/481/685 919/484/685 657/483/685
f 657/483/686 919/484/686 918/478/686 660/485/686
f 660/485/687 918/478/687 656/474/687
f 921/482/688 658/479/688 758/486/688
f 758/486/689 662/487/689 920/481/689 921/482/689
f 661/488/690 923/490/690 922/489/690 662/487/690
f 920/481/691 662/487/691 922/489/691
f 920/481/692 922/489/692 919/484/692
f 918/478/693 919/484/693 922/489/693 923/490/693
f 918/478/694 923/490/694 915/475/694
f 664/491/695 924/492/695 923/490/695 661/488/695
f 663/493/696 925/494/696 924/492/696 664/491/696
f 916/477/697 915/475/697 923/490/697 924/492/697
f 666/495/698 926/496/698 925/494/698 663/493/698
f 665/497/699 927/498/699 926/496/699 666/495/699
f 924/492/700 925/494/700 916/477/700
f 917/476/701 916/477/701 925/494/701 926/496/701
f 667/499/702 933/502/702 932/501/702 668/500/702
f 806/503/703 966/506/703 931/505/703 669/504/703
f 669/504/704 931/505/704 930/508/704 670/507/704
f 670/507/705 930/508/705 929/510/705 672/509/705
f 672/509/706 929/510/706 928/512/706 671/511/706
f 671/511/707 928/512/707 927/498/707 665/497/707
f 673/513/708 934/514/708 933/502/708 667/499/708
f 882/515/709 883/518/709 709/517/709 710/516/709
f 937/519/710 676/521/710 938/520/710
f 676/521/711 937/519/711 936/523/711 674/522/711
f 674/522/712 936/523/712 935/525/712 675/524/712
f 675/524/713 935/525/713 934/514/713 673/513/713
f 938/520/714 676/521/714 939/526/714
f 677/527/715 940/528/715 939/526/715 676/521/715
f 681/529/716 941/530/716 940/528/716 677/527/716
f 678/531/717 942/532/717 941/530/717 681/529/717
f 680/533/718 943/534/718 942/532/718 678/531/718
f 679/535/719 944/536/719 943/534/719 680/533/719
f 711/537/720 945/538/720 944/536/720 679/535/720
f 712/539/721 946/540/721 945/538/721 711/537/721
f 713/541/722 947/542/722 946/540/722 712/539/722
f 714/543/723 948/544/723 947/542/723 713/541/723
f 949/545/724 948/544/724 714/543/724 787/546/724
f 787/546/725 706/414/725 878/415/725 949/545/725
f 883/518/726 882/515/726 951/547/726
f 949/545/727 878/415/727 951/547/727
f 949/545/728 951/547/728 948/544/728
f 948/544/729 951/547/729 947/542/729
f 882/515/730 881/548/730 951/547/730
f 951/547/731 881/548/731 956/549/731 947/542/731
f 710/516/732 699/550/732 881/548/732 882/515/732
f 790/551/733 951/547/733 878/415/733 706/414/733
f 709/517/734 883/518/734 951/547/734 790/551/734
f 697/419/735 879/420/735 880/552/735
f 699/550/736 697/419/736 880/552/736 881/548/736
f 956/549/737 957/553/737 946/540/737 947/542/737
f 957/553/738 958/554/738 945/538/738 946/540/738
f 945/538/739 958/554/739 879/420/739 944/536/739
f 944/536/740 879/420/740 943/534/740
f 879/420/741 953/555/741 942/532/741 943/534/741
f 885/428/742 952/421/742 791/422/742 695/427/742
f 954/556/743 953/555/743 884/417/743 952/421/743
f 954/556/744 955/557/744 940/528/744 941/530/744
f 952/421/745 885/428/745 955/557/745 954/556/745
f 941/530/746 942/532/746 953/555/746 954/556/746
f 879/420/747 884/417/747 953/555/747
f 880/552/748 879/420/748 958/554/748 957/553/748
f 881/548/749 880/552/749 957/553/749 956/549/749
f 959/558/750 939/526/750 940/528/750 955/557/750
f 886/426/751 959/558/751 955/557/751 885/428/751
f 934/514/752 960/559/752 933/502/752
f 933/502/753 960/559/753 932/501/753
f 935/525/754 961/560/754 960/559/754 934/514/754
f 936/523/755 962/561/755 961/560/755 935/525/755
f 937/519/756 963/562/756 962/561/756 936/523/756
f 938/520/757 964/563/757 963/562/757 937/519/757
f 959/558/758 965/564/758 938/520/758 939/526/758
f 668/500/759 932/501/759 966/506/759 806/503/759
f 966/506/760 932/501/760 960/559/760 961/560/760
f 961/560/761 962/561/761 931/505/761 966/506/761
f 930/508/762 931/505/762 962/561/762 963/562/762
f 964/563/763 967/565/763 930/508/763 963/562/763
f 968/566/764 929/510/764 930/508/764 967/565/764
f 887/431/765 969/423/765 810/424/765 692/430/765
f 886/426/766 969/423/766 965/564/766 959/558/766
f 887/431/767 970/567/767 965/564/767 969/423/767
f 693/438/768 889/439/768 972/436/768 814/433/768
f 927/498/769 971/568/769 917/476/769 926/496/769
f 972/436/770 889/439/770 917/476/770 971/568/770
f 928/512/771 973/569/771 971/568/771 927/498/771
f 888/435/772 972/436/772 971/568/772 973/569/772
f 974/432/773 975/570/773 970/567/773 887/431/773
f 928/512/774 929/510/774 968/566/774 973/569/774
f 888/435/775 973/569/775 975/570/775 974/432/775
f 694/434/776 888/435/776 974/432/776 817/429/776
f 973/569/777 968/566/777 975/570/777
f 975/570/778 968/566/778 967/565/778 970/567/778
f 967/565/779 964/563/779 970/567/779
f 964/563/780 938/520/780 965/564/780 970/567/780
f 951/547/781 878/415/781 950/572/781 977/571/781
f 883/518/782 951/547/782 977/571/782 976/573/782
f 709/517/783 883/518/783 976/573/783 820/574/783
f 877/416/784 978/575/784 950/572/784 878/415/784
f 976/573/785 825/576/785 820/574/785
f 824/577/786 825/576/786 976/573/786
f 977/571/787 826/578/787 824/577/787 976/573/787
f 827/579/788 826/578/788 977/571/788 950/572/788
f 979/580/789 827/579/789 950/572/789 978/575/789
f 827/579/790 979/580/790 980/581/790
f 993/582/791 981/583/791 982/584/791 994/585/791
f 994/585/792 982/584/792 595/350/792 612/349/792
f 983/586/793 985/587/793 986/588/793 984/589/793
f 984/589/794 986/588/794 600/356/794 597/355/794
f 985/587/795 987/590/795 988/591/795 986/588/795
f 986/588/796 988/591/796 603/359/796 600/356/796
f 987/590/797 989/592/797 990/593/797 988/591/797
f 988/591/798 990/593/798 606/362/798 603/359/798
f 989/592/799 991/594/799 992/595/799 990/593/799
f 990/593/800 992/595/800 609/365/800 606/362/800
f 991/594/801 993/582/801 994/585/801 992/595/801
f 992/595/802 994/585/802 612/349/802 609/365/802
f 984/589/803 996/596/803 995/597/803 983/586/803
f 597/355/804 615/368/804 996/596/804 984/589/804
f 982/584/805 998/598/805 619/369/805 595/350/805
f 981/583/806 997/599/806 998/598/806 982/584/806
f 1002/600/807 1000/601/807 999/602/807 1001/603/807
f 625/376/808 621/377/808 1000/601/808 1002/600/808
f 627/378/809 625/376/809 1002/600/809 1003/604/809
f 1003/604/810 1002/600/810 1001/603/810 1004/605/810
f 1005/606/811 1003/604/811 1004/605/811 1006/607/811
f 630/383/812 627/378/812 1003/604/812 1005/606/812
f 615/368/813 630/383/813 1005/606/813 996/596/813
f 996/596/814 1005/606/814 1006/607/814 995/597/814
f 998/598/815 1008/608/815 634/384/815 619/369/815
f 997/599/816 1007/609/816 1008/608/816 998/598/816
f 1008/608/817 1010/610/817 637/387/817 634/384/817
f 1007/609/818 1009/611/818 1010/610/818 1008/608/818
f 1000/601/819 1012/612/819 1011/613/819 999/602/819
f 621/377/820 639/392/820 1012/612/820 1000/601/820
f 1012/612/821 1014/614/821 1013/615/821 1011/613/821
f 639/392/822 642/395/822 1014/614/822 1012/612/822
f 1014/614/823 1016/616/823 1015/617/823 1013/615/823
f 642/395/824 645/398/824 1016/616/824 1014/614/824
f 1016/616/825 1018/618/825 1017/619/825 1015/617/825
f 645/398/826 648/401/826 1018/618/826 1016/616/826
f 1018/618/827 1020/620/827 1019/621/827 1017/619/827
f 648/401/828 651/404/828 1020/620/828 1018/618/828
f 1020/620/829 1022/622/829 1021/623/829 1019/621/829
f 651/404/830 654/407/830 1022/622/830 1020/620/830
f 1022/622/831 1067/624/831 1066/625/831 1021/623/831
f 654/407/832 701/410/832 1067/624/832 1022/622/832
f 1067/624/833 1069/626/833 1068/627/833 1066/625/833
f 701/410/834 704/413/834 1069/626/834 1067/624/834
f 1069/626/835 1071/628/835 1070/629/835 1068/627/835
f 704/413/836 707/416/836 1071/628/836 1069/626/836
f 1083/630/837 1078/631/837 1063/632/837 1064/633/837
f 1149/634/838 1083/630/838 1064/633/838 1148/635/838
f 1168/636/839 1085/637/839 1062/638/839 1167/639/839
f 1062/638/840 1085/637/840 1084/640/840 1061/641/840
f 1174/642/841 1175/643/841 1086/644/841 1058/645/841
f 1171/646/842 1172/647/842 1087/648/842 1060/649/842
f 1055/650/843 1089/651/843 1088/652/843 1059/653/843
f 1090/654/844 1089/651/844 1055/650/844 1057/655/844
f 1092/656/845 1091/657/845 1056/658/845 1051/659/845
f 1056/658/846 1091/657/846 1090/654/846 1057/655/846
f 1051/659/847 1053/660/847 1092/656/847
f 1093/661/848 1092/656/848 1053/660/848 1050/662/848
f 1092/656/849 1093/661/849 1091/657/849
f 1095/663/850 1094/664/850 1052/665/850 1049/666/850
f 1052/665/851 1094/664/851 1093/661/851 1050/662/851
f 1095/663/852 1049/666/852 1096/667/852
f 735/455/853 1097/668/853 687/456/853
f 687/456/854 1097/668/854 1054/669/854
f 1054/669/855 1097/668/855 1096/667/855 1049/666/855
f 1090/654/856 1091/657/856 1093/661/856 1094/664/856
f 1098/670/857 1097/668/857 735/455/857 736/460/857
f 1097/668/858 1098/670/858 1096/667/858
f 737/461/859 1099/671/859 1098/670/859 736/460/859
f 1098/670/860 1099/671/860 1096/667/860
f 1101/672/861 1096/667/861 1099/671/861 1100/673/861
f 738/465/862 1100/673/862 1099/671/862 737/461/862
f 1102/674/863 1095/663/863 1096/667/863 1101/672/863
f 1094/664/864 1095/663/864 1090/654/864
f 1089/651/865 1090/654/865 1095/663/865 1102/674/865
f 739/467/866 1103/675/866 1100/673/866 738/465/866
f 1101/672/867 1100/673/867 1103/675/867 1104/676/867
f 1102/674/868 1101/672/868 1104/676/868
f 740/470/869 1106/677/869 739/467/869
f 1106/677/870 1105/678/870 739/467/870
f 1107/679/871 739/467/871 1105/678/871
f 739/467/872 1107/679/872 1103/675/872
f 1010/610/873 1009/611/873 1104/676/873
f 1104/676/874 1103/675/874 1010/610/874
f 1107/679/875 1010/610/875 1103/675/875
f 1010/610/876 1107/679/876 637/387/876
f 1107/679/877 1105/678/877 637/387/877
f 1105/678/878 1106/677/878 637/387/878
f 1106/677/879 740/470/879 637/387/879
f 1023/680/880 1104/676/880 1009/611/880
f 1104/676/881 1023/680/881 1102/674/881
f 1023/680/882 1108/681/882 1102/674/882
f 1110/682/883 1088/652/883 1089/651/883 1109/683/883
f 1089/651/884 1102/674/884 1108/681/884 1109/683/884
f 1108/681/885 1023/680/885 1111/684/885
f 1025/685/886 1114/686/886 1113/687/886 1026/688/886
f 1026/688/887 1113/687/887 1112/689/887 1024/690/887
f 1024/690/888 1112/689/888 1111/684/888 1027/691/888
f 1027/691/889 1111/684/889 1023/680/889
f 1114/686/890 1025/685/890 1115/692/890
f 1115/692/891 1029/693/891 1113/687/891 1114/686/891
f 1028/694/892 1117/695/892 1116/696/892 1029/693/892
f 1113/687/893 1029/693/893 1116/696/893
f 1113/687/894 1116/696/894 1112/689/894
f 1111/684/895 1112/689/895 1116/696/895 1117/695/895
f 1111/684/896 1117/695/896 1108/681/896
f 1031/697/897 1118/698/897 1117/695/897 1028/694/897
f 1030/699/898 1119/700/898 1118/698/898 1031/697/898
f 1109/683/899 1108/681/899 1117/695/899 1118/698/899
f 1033/701/900 1120/702/900 1119/700/900 1030/699/900
f 1032/703/901 1121/704/901 1120/702/901 1033/701/901
f 1118/698/902 1119/700/902 1109/683/902
f 1110/682/903 1109/683/903 1119/700/903 1120/702/903
f 1034/705/904 1127/706/904 1126/707/904 1035/708/904
f 1163/709/905 1164/710/905 1125/711/905 1036/712/905
f 1036/712/906 1125/711/906 1124/713/906 1037/714/906
f 1037/714/907 1124/713/907 1123/715/907 1039/716/907
f 1039/716/908 1123/715/908 1122/717/908 1038/718/908
f 1038/718/909 1122/717/909 1121/704/909 1032/703/909
f 1040/719/910 1128/720/910 1127/706/910 1034/705/910
f 1081/721/911 1082/722/911 1072/723/911 1073/724/911
f 1131/725/912 1043/726/912 1132/727/912
f 1043/726/913 1131/725/913 1130/728/913 1041/729/913
f 1041/729/914 1130/728/914 1129/730/914 1042/731/914
f 1042/731/915 1129/730/915 1128/720/915 1040/719/915
f 1132/727/916 1043/726/916 1133/732/916
f 1044/733/917 1134/734/917 1133/732/917 1043/726/917
f 1048/735/918 1135/736/918 1134/734/918 1044/733/918
f 1045/737/919 1136/738/919 1135/736/919 1048/735/919
f 1047/739/920 1137/740/920 1136/738/920 1045/737/920
f 1046/741/921 1138/742/921 1137/740/921 1047/739/921
f 1074/743/922 1139/744/922 1138/742/922 1046/741/922
f 1075/745/923 1140/746/923 1139/744/923 1074/743/923
f 1076/747/924 1141/748/924 1140/746/924 1075/745/924
f 1077/749/925 1142/750/925 1141/748/925 1076/747/925
f 1143/751/926 1142/750/926 1077/749/926 1144/752/926
f 1144/752/927 1070/629/927 1071/628/927 1143/751/927
f 1082/722/928 1081/721/928 1146/753/928
f 1143/751/929 1071/628/929 1146/753/929
f 1143/751/930 1146/753/930 1142/750/930
f 1142/750/931 1146/753/931 1141/748/931
f 1081/721/932 1080/754/932 1146/753/932
f 1146/753/933 1080/754/933 1153/755/933 1141/748/933
f 1073/724/934 1065/756/934 1080/754/934 1081/721/934
f 1147/757/935 1146/753/935 1071/628/935 1070/629/935
f 1072/723/936 1082/722/936 1146/753/936 1147/757/936
f 1063/632/937 1078/631/937 1079/758/937
f 1065/756/938 1063/632/938 1079/758/938 1080/754/938
f 1153/755/939 1154/759/939 1140/746/939 1141/748/939
f 1154/759/940 1155/760/940 1139/744/940 1140/746/940
f 1139/744/941 1155/760/941 1078/631/941 1138/742/941
f 1138/742/942 1078/631/942 1137/740/942
f 1078/631/943 1150/761/943 1136/738/943 1137/740/943
f 1084/640/944 1149/634/944 1148/635/944 1061/641/944
f 1151/762/945 1150/761/945 1083/630/945 1149/634/945
f 1151/762/946 1152/763/946 1134/734/946 1135/736/946
f 1149/634/947 1084/640/947 1152/763/947 1151/762/947
f 1135/736/948 1136/738/948 1150/761/948 1151/762/948
f 1078/631/949 1083/630/949 1150/761/949
f 1079/758/950 1078/631/950 1155/760/950 1154/759/950
f 1080/754/951 1079/758/951 1154/759/951 1153/755/951
f 1156/764/952 1133/732/952 1134/734/952 1152/763/952
f 1085/637/953 1156/764/953 1152/763/953 1084/640/953
f 1128/720/954 1157/765/954 1127/706/954
f 1127/706/955 1157/765/955 1126/707/955
f 1129/730/956 1158/766/956 1157/765/956 1128/720/956
f 1130/728/957 1159/767/957 1158/766/957 1129/730/957
f 1131/725/958 1160/768/958 1159/767/958 1130/728/958
f 1132/727/959 1161/769/959 1160/768/959 1131/725/959
f 1156/764/960 1162/770/960 1132/727/960 1133/732/960
f 1035/708/961 1126/707/961 1164/710/961 1163/709/961
f 1164/710/962 1126/707/962 1157/765/962 1158/766/962
f 1158/766/963 1159/767/963 1125/711/963 1164/710/963
f 1124/713/964 1125/711/964 1159/767/964 1160/768/964
f 1161/769/965 1165/771/965 1124/713/965 1160/768/965
f 1166/772/966 1123/715/966 1124/713/966 1165/771/966
f 1086/644/967 1168/636/967 1167/639/967 1058/645/967
f 1085/637/968 1168/636/968 1162/770/968 1156/764/968
f 1086/644/969 1169/773/969 1162/770/969 1168/636/969
f 1059/653/970 1088/652/970 1172/647/970 1171/646/970
f 1121/704/971 1170/774/971 1110/682/971 1120/702/971
f 1172/647/972 1088/652/972 1110/682/972 1170/774/972
f 1122/717/973 1173/775/973 1170/774/973 1121/704/973
f 1087/648/974 1172/647/974 1170/774/974 1173/775/974
f 1175/643/975 1176/776/975 1169/773/975 1086/644/975
f 1122/717/976 1123/715/976 1166/772/976 1173/775/976
f 1087/648/977 1173/775/977 1176/776/977 1175/643/977
f 1060/649/978 1087/648/978 1175/643/978 1174/642/978
f 1173/775/979 1166/772/979 1176/776/979
f 1176/776/980 1166/772/980 1165/771/980 1169/773/980
f 1165/771/981 1161/769/981 1169/773/981
f 1161/769/982 1132/727/982 1162/770/982 1169/773/982
f 1146/753/983 1071/628/983 1145/777/983 1179/778/983
f 1082/722/984 1146/753/984 1179/778/984 1178/779/984
f 1072/723/985 1082/722/985 1178/779/985 1177/780/985
f 707/416/986 823/575/986 1145/777/986 1071/628/986
f 1178/779/987 1181/781/987 1177/780/987
f 1180/782/988 1181/781/988 1178/779/988
f 1179/778/989 1182/783/989 1180/782/989 1178/779/989
f 1183/784/990 1182/783/990 1179/778/990 1145/777/990
f 828/580/991 1183/784/991 1145/777/991 823/575/991
f 1183/784/992 828/580/992 829/581/992
f 993/582/993 1190/585/993 1184/584/993 981/583/993
f 1190/585/994 842/349/994 831/350/994 1184/584/994
f 983/586/995 1185/589/995 1186/588/995 985/587/995
f 1185/589/996 832/355/996 834/356/996 1186/588/996
f 985/587/997 1186/588/997 1187/591/997 987/590/997
f 1186/588/998 834/356/998 836/359/998 1187/591/998
f 987/590/999 1187/591/999 1188/593/999 989/592/999
f 1187/591/1000 836/359/1000 838/362/1000 1188/593/1000
f 989/592/1001 1188/593/1001 1189/595/1001 991/594/1001
f 1188/593/1002 838/362/1002 840/365/1002 1189/595/1002
f 991/594/1003 1189/595/1003 1190/585/1003 993/582/1003
f 1189/595/1004 840/365/1004 842/349/1004 1190/585/1004
f 1185/589/1005 983/586/1005 995/597/1005 1191/596/1005
f 832/355/1006 1185/589/1006 1191/596/1006 844/368/1006
f 1184/584/1007 831/350/1007 847/369/1007 1192/598/1007
f 981/583/1008 1184/584/1008 1192/598/1008 997/599/1008
f 1194/600/1009 1001/603/1009 999/602/1009 1193/601/1009
f 851/376/1010 1194/600/1010 1193/601/1010 848/377/1010
f 853/378/1011 1195/604/1011 1194/600/1011 851/376/1011
f 1195/604/1012 1004/605/1012 1001/603/1012 1194/600/1012
f 1196/606/1013 1006/607/1013 1004/605/1013 1195/604/1013
f 855/383/1014 1196/606/1014 1195/604/1014 853/378/1014
f 844/368/1015 1191/596/1015 1196/606/1015 855/383/1015
f 1191/596/1016 995/597/1016 1006/607/1016 1196/606/1016
f 1192/598/1017 847/369/1017 857/384/1017 1197/608/1017
f 997/599/1018 1192/598/1018 1197/608/1018 1007/609/1018
f 1197/608/1019 857/384/1019 859/387/1019 1198/610/1019
f 1007/609/1020 1197/608/1020 1198/610/1020 1009/611/1020
f 1193/601/1021 999/602/1021 1011/613/1021 1199/612/1021
f 848/377/1022 1193/601/1022 1199/612/1022 860/392/1022
f 1199/612/1023 1011/613/1023 1013/615/1023 1200/614/1023
f 860/392/1024 1199/612/1024 1200/614/1024 862/395/1024
f 1200/614/1025 1013/615/1025 1015/617/1025 1201/616/1025
f 862/395/1026 1200/614/1026 1201/616/1026 864/398/1026
f 1201/616/1027 1015/617/1027 1017/619/1027 1202/618/1027
f 864/398/1028 1201/616/1028 1202/618/1028 866/401/1028
f 1202/618/1029 1017/619/1029 1019/621/1029 1203/620/1029
f 866/401/1030 1202/618/1030 1203/620/1030 868/404/1030
f 1203/620/1031 1019/621/1031 1021/623/1031 1204/622/1031
f 868/404/1032 1203/620/1032 1204/622/1032 870/407/1032
f 1204/622/1033 1021/623/1033 1066/625/1033 1205/624/1033
f 870/407/1034 1204/622/1034 1205/624/1034 873/410/1034
f 1205/624/1035 1066/625/1035 1068/627/1035 1206/626/1035
f 873/410/1036 1205/624/1036 1206/626/1036 875/413/1036
f 1206/626/1037 1068/627/1037 1070/629/1037 1207/628/1037
f 875/413/1038 1206/626/1038 1207/628/1038 877/416/1038
f 1213/630/1039 1064/633/1039 1063/632/1039 1208/631/1039
f 1275/634/1040 1148/635/1040 1064/633/1040 1213/630/1040
f 1292/636/1041 1167/639/1041 1062/638/1041 1215/637/1041
f 1062/638/1042 1061/641/1042 1214/640/1042 1215/637/1042
f 1174/642/1043 1058/645/1043 1216/644/1043 1297/643/1043
f 1171/646/1044 1060/649/1044 1217/648/1044 1295/647/1044
f 1055/650/1045 1059/653/1045 1218/652/1045 1219/651/1045
f 1220/654/1046 1057/655/1046 1055/650/1046 1219/651/1046
f 1222/656/1047 1051/659/1047 1056/658/1047 1221/657/1047
f 1056/658/1048 1057/655/1048 1220/654/1048 1221/657/1048
f 1051/659/1049 1222/656/1049 1053/660/1049
f 1223/661/1050 1050/662/1050 1053/660/1050 1222/656/1050
f 1222/656/1051 1221/657/1051 1223/661/1051
f 1225/663/1052 1049/666/1052 1052/665/1052 1224/664/1052
f 1052/665/1053 1050/662/1053 1223/661/1053 1224/664/1053
f 1225/663/1054 1226/667/1054 1049/666/1054
f 899/455/1055 872/456/1055 1227/668/1055
f 872/456/1056 1054/669/1056 1227/668/1056
f 1054/669/1057 1049/666/1057 1226/667/1057 1227/668/1057
f 1220/654/1058 1224/664/1058 1223/661/1058 1221/657/1058
f 1228/670/1059 900/460/1059 899/455/1059 1227/668/1059
f 1227/668/1060 1226/667/1060 1228/670/1060
f 901/461/1061 900/460/1061 1228/670/1061 1229/671/1061
f 1228/670/1062 1226/667/1062 1229/671/1062
f 1231/672/1063 1230/673/1063 1229/671/1063 1226/667/1063
f 902/465/1064 901/461/1064 1229/671/1064 1230/673/1064
f 1232/674/1065 1231/672/1065 1226/667/1065 1225/663/1065
f 1224/664/1066 1220/654/1066 1225/663/1066
f 1219/651/1067 1232/674/1067 1225/663/1067 1220/654/1067
f 903/467/1068 902/465/1068 1230/673/1068 1233/675/1068
f 1231/672/1069 1234/676/1069 1233/675/1069 1230/673/1069
f 1232/674/1070 1234/676/1070 1231/672/1070
f 904/470/1071 903/467/1071 1236/677/1071
f 1236/677/1072 903/467/1072 1235/678/1072
f 1237/679/1073 1235/678/1073 903/467/1073
f 903/467/1074 1233/675/1074 1237/679/1074
f 1198/610/1075 1234/676/1075 1009/611/1075
f 1234/676/1076 1198/610/1076 1233/675/1076
f 1237/679/1077 1233/675/1077 1198/610/1077
f 1198/610/1078 859/387/1078 1237/679/1078
f 1237/679/1079 859/387/1079 1235/678/1079
f 1235/678/1080 859/387/1080 1236/677/1080
f 1236/677/1081 859/387/1081 904/470/1081
f 1023/680/1082 1009/611/1082 1234/676/1082
f 1234/676/1083 1232/674/1083 1023/680/1083
f 1023/680/1084 1232/674/1084 1238/681/1084
f 1240/682/1085 1239/683/1085 1219/651/1085 1218/652/1085
f 1219/651/1086 1239/683/1086 1238/681/1086 1232/674/1086
f 1238/681/1087 1241/684/1087 1023/680/1087
f 1025/685/1088 1026/688/1088 1243/687/1088 1244/686/1088
f 1026/688/1089 1024/690/1089 1242/689/1089 1243/687/1089
f 1024/690/1090 1027/691/1090 1241/684/1090 1242/689/1090
f 1027/691/1091 1023/680/1091 1241/684/1091
f 1244/686/1092 1115/692/1092 1025/685/1092
f 1115/692/1093 1244/686/1093 1243/687/1093 1029/693/1093
f 1028/694/1094 1029/693/1094 1245/696/1094 1246/695/1094
f 1243/687/1095 1245/696/1095 1029/693/1095
f 1243/687/1096 1242/689/1096 1245/696/1096
f 1241/684/1097 1246/695/1097 1245/696/1097 1242/689/1097
f 1241/684/1098 1238/681/1098 1246/695/1098
f 1031/697/1099 1028/694/1099 1246/695/1099 1247/698/1099
f 1030/699/1100 1031/697/1100 1247/698/1100 1248/700/1100
f 1239/683/1101 1247/698/1101 1246/695/1101 1238/681/1101
f 1033/701/1102 1030/699/1102 1248/700/1102 1249/702/1102
f 1032/703/1103 1033/701/1103 1249/702/1103 1250/704/1103
f 1247/698/1104 1239/683/1104 1248/700/1104
f 1240/682/1105 1249/702/1105 1248/700/1105 1239/683/1105
f 1034/705/1106 1035/708/1106 1255/707/1106 1256/706/1106
f 1163/709/1107 1036/712/1107 1254/711/1107 1289/710/1107
f 1036/712/1108 1037/714/1108 1253/713/1108 1254/711/1108
f 1037/714/1109 1039/716/1109 1252/715/1109 1253/713/1109
f 1039/716/1110 1038/718/1110 1251/717/1110 1252/715/1110
f 1038/718/1111 1032/703/1111 1250/704/1111 1251/717/1111
f 1040/719/1112 1034/705/1112 1256/706/1112 1257/720/1112
f 1211/721/1113 1073/724/1113 1072/723/1113 1212/722/1113
f 1260/725/1114 1261/727/1114 1043/726/1114
f 1043/726/1115 1041/729/1115 1259/728/1115 1260/725/1115
f 1041/729/1116 1042/731/1116 1258/730/1116 1259/728/1116
f 1042/731/1117 1040/719/1117 1257/720/1117 1258/730/1117
f 1261/727/1118 1262/732/1118 1043/726/1118
f 1044/733/1119 1043/726/1119 1262/732/1119 1263/734/1119
f 1048/735/1120 1044/733/1120 1263/734/1120 1264/736/1120
f 1045/737/1121 1048/735/1121 1264/736/1121 1265/738/1121
f 1047/739/1122 1045/737/1122 1265/738/1122 1266/740/1122
f 1046/741/1123 1047/739/1123 1266/740/1123 1267/742/1123
f 1074/743/1124 1046/741/1124 1267/742/1124 1268/744/1124
f 1075/745/1125 1074/743/1125 1268/744/1125 1269/746/1125
f 1076/747/1126 1075/745/1126 1269/746/1126 1270/748/1126
f 1077/749/1127 1076/747/1127 1270/748/1127 1271/750/1127
f 1272/751/1128 1144/752/1128 1077/749/1128 1271/750/1128
f 1144/752/1129 1272/751/1129 1207/628/1129 1070/629/1129
f 1212/722/1130 1274/753/1130 1211/721/1130
f 1272/751/1131 1274/753/1131 1207/628/1131
f 1272/751/1132 1271/750/1132 1274/753/1132
f 1271/750/1133 1270/748/1133 1274/753/1133
f 1211/721/1134 1274/753/1134 1210/754/1134
f 1274/753/1135 1270/748/1135 1279/755/1135 1210/754/1135
f 1073/724/1136 1211/721/1136 1210/754/1136 1065/756/1136
f 1147/757/1137 1070/629/1137 1207/628/1137 1274/753/1137
f 1072/723/1138 1147/757/1138 1274/753/1138 1212/722/1138
f 1063/632/1139 1209/758/1139 1208/631/1139
f 1065/756/1140 1210/754/1140 1209/758/1140 1063/632/1140
f 1279/755/1141 1270/748/1141 1269/746/1141 1280/759/1141
f 1280/759/1142 1269/746/1142 1268/744/1142 1281/760/1142
f 1268/744/1143 1267/742/1143 1208/631/1143 1281/760/1143
f 1267/742/1144 1266/740/1144 1208/631/1144
f 1208/631/1145 1266/740/1145 1265/738/1145 1276/761/1145
f 1214/640/1146 1061/641/1146 1148/635/1146 1275/634/1146
f 1277/762/1147 1275/634/1147 1213/630/1147 1276/761/1147
f 1277/762/1148 1264/736/1148 1263/734/1148 1278/763/1148
f 1275/634/1149 1277/762/1149 1278/763/1149 1214/640/1149
f 1264/736/1150 1277/762/1150 1276/761/1150 1265/738/1150
f 1208/631/1151 1276/761/1151 1213/630/1151
f 1209/758/1152 1280/759/1152 1281/760/1152 1208/631/1152
f 1210/754/1153 1279/755/1153 1280/759/1153 1209/758/1153
f 1282/764/1154 1278/763/1154 1263/734/1154 1262/732/1154
f 1215/637/1155 1214/640/1155 1278/763/1155 1282/764/1155
f 1257/720/1156 1256/706/1156 1283/765/1156
f 1256/706/1157 1255/707/1157 1283/765/1157
f 1258/730/1158 1257/720/1158 1283/765/1158 1284/766/1158
f 1259/728/1159 1258/730/1159 1284/766/1159 1285/767/1159
f 1260/725/1160 1259/728/1160 1285/767/1160 1286/768/1160
f 1261/727/1161 1260/725/1161 1286/768/1161 1287/769/1161
f 1282/764/1162 1262/732/1162 1261/727/1162 1288/770/1162
f 1035/708/1163 1163/709/1163 1289/710/1163 1255/707/1163
f 1289/710/1164 1284/766/1164 1283/765/1164 1255/707/1164
f 1284/766/1165 1289/710/1165 1254/711/1165 1285/767/1165
f 1253/713/1166 1286/768/1166 1285/767/1166 1254/711/1166
f 1287/769/1167 1286/768/1167 1253/713/1167 1290/771/1167
f 1291/772/1168 1290/771/1168 1253/713/1168 1252/715/1168
f 1216/644/1169 1058/645/1169 1167/639/1169 1292/636/1169
f 1215/637/1170 1282/764/1170 1288/770/1170 1292/636/1170
f 1216/644/1171 1292/636/1171 1288/770/1171 1293/773/1171
f 1059/653/1172 1171/646/1172 1295/647/1172 1218/652/1172
f 1250/704/1173 1249/702/1173 1240/682/1173 1294/774/1173
f 1295/647/1174 1294/774/1174 1240/682/1174 1218/652/1174
f 1251/717/1175 1250/704/1175 1294/774/1175 1296/775/1175
f 1217/648/1176 1296/775/1176 1294/774/1176 1295/647/1176
f 1297/643/1177 1216/644/1177 1293/773/1177 1298/776/1177
f 1251/717/1178 1296/775/1178 1291/772/1178 1252/715/1178
f 1217/648/1179 1297/643/1179 1298/776/1179 1296/775/1179
f 1060/649/1180 1174/642/1180 1297/643/1180 1217/648/1180
f 1296/775/1181 1298/776/1181 1291/772/1181
f 1298/776/1182 1293/773/1182 1290/771/1182 1291/772/1182
f 1290/771/1183 1293/773/1183 1287/769/1183
f 1287/769/1184 1293/773/1184 1288/770/1184 1261/727/1184
f 1274/753/1185 1300/778/1185 1273/777/1185 1207/628/1185
f 1212/722/1186 1299/779/1186 1300/778/1186 1274/753/1186
f 1072/723/1187 1177/780/1187 1299/779/1187 1212/722/1187
f 877/416/1188 1207/628/1188 1273/777/1188 978/575/1188
f 1299/779/1189 1177/780/1189 1181/781/1189
f 1180/782/1190 1299/779/1190 1181/781/1190
f 1300/778/1191 1299/779/1191 1180/782/1191 1182/783/1191
f 1183/784/1192 1273/777/1192 1300/778/1192 1182/783/1192
f 979/580/1193 978/575/1193 1273/777/1193 1183/784/1193
f 1183/784/1194 980/581/1194 979/580/1194
f 1302/1/1195 1317/4/1195 1304/3/1195 1301/2/1195
f 1303/5/25 1301/2/25 1305/7/25 1306/6/25
f 1304/3/1196 1305/7/1196 1301/2/1196
f 1306/6/25 1307/8/25 1303/5/25
f 1308/9/25 1311/10/25 1307/8/25
f 1309/11/25 1303/5/25 1307/8/25
f 1309/11/25 1307/8/25 1310/12/25
f 1311/10/25 1310/12/25 1307/8/25
f 1312/13/25 1311/10/25 1314/14/25
f 1308/9/25 1313/15/25 1311/10/25
f 1314/14/25 1311/10/25 1313/15/25
f 1315/16/25 1303/5/25 1309/11/25
f 1304/3/1197 1318/18/1197 1316/17/1197
f 1317/4/1198 1318/18/1198 1304/3/1198
f 1317/4/1199 1320/19/1199 1318/18/1199
f 1319/20/1200 1318/18/1200 1321/21/1200
f 1319/20/1201 1316/17/1201 1318/18/1201
f 1320/19/1202 1321/21/1202 1318/18/1202
f 1321/21/1203 1322/22/1203 1319/20/1203
f 1322/22/1204 1323/23/1204 1319/20/1204
f 1323/23/1205 1324/24/1205 1319/20/1205
f 1324/24/1206 1325/26/1206 1326/25/1206
f 1326/25/1207 1319/20/1207 1324/24/1207
f 1326/25/1208 1329/27/1208 1319/20/1208
f 1327/28/1209 1326/25/1209 1325/26/1209
f 1327/28/1210 1328/29/1210 1326/25/1210
f 1329/27/1211 1326/25/1211 1328/29/1211
f 1330/30/1212 1319/20/1212 1329/27/1212
f 1331/31/1213 1319/20/1213 1330/30/1213
f 1316/17/1214 1319/20/1214 1331/31/1214
f 1332/32/25 1328/29/25 1327/28/25
f 1333/33/25 1327/28/25 1325/26/25
f 1320/19/1215 1335/35/1215 1334/34/1215
f 1336/36/1216 1335/35/1216 1320/19/1216 1317/4/1216
f 1337/37/25 1339/38/25 1334/34/25 1335/35/25
f 1338/39/25 1340/40/25 1337/37/25
f 1339/38/25 1337/37/25 1341/41/25
f 1340/40/25 1341/41/25 1337/37/25
f 1342/42/25 1341/41/25 1344/43/25
f 1340/40/25 1343/44/25 1341/41/25
f 1344/43/25 1341/41/25 1343/44/25
f 1345/45/25 1347/46/25 1344/43/25
f 1342/42/25 1344/43/25 1346/47/25
f 1347/46/25 1346/47/25 1344/43/25
f 1348/48/25 1336/36/25 1317/4/25
f 1349/49/25 1348/48/25 1350/50/25
f 1350/50/25 1348/48/25 1317/4/25
f 1349/49/25 1350/50/25 1351/52/25 1353/51/25
f 1356/53/25 1353/51/25 1351/52/25 1352/54/25
f 1358/55/25 1349/49/25 1353/51/25
f 1353/51/25 1354/58/25 1370/57/25 1357/56/25
f 1354/58/25 1353/51/25 1355/60/25 1377/59/25
f 1355/60/25 1353/51/25 1356/53/25
f 1359/61/25 1358/55/25 1353/51/25 1357/56/25
f 1361/62/25 1358/55/25 1359/61/25 1362/63/25
f 1360/64/25 1349/49/25 1358/55/25
f 1360/64/25 1358/55/25 1361/62/25
f 1363/65/25 1362/63/25 1364/66/25
f 1365/67/25 1364/66/25 1362/63/25 1359/61/25
f 1357/56/25 1366/68/25 1365/67/25
f 1365/67/25 1359/61/25 1357/56/25
f 1366/68/25 1368/71/25 1369/70/25 1367/69/25
f 1357/56/25 1370/57/25 1368/71/25 1366/68/25
f 1371/72/25 1370/57/25 1354/58/25
f 1373/73/25 1372/74/25 1371/72/25
f 1373/73/25 1371/72/25 1354/58/25
f 1373/73/25 1354/58/25 1375/75/25
f 1374/76/25 1372/74/25 1373/73/25
f 1374/76/25 1373/73/25 1375/75/25
f 1376/77/25 1374/76/25 1375/75/25
f 1375/75/25 1354/58/25 1377/59/25
f 1378/78/25 1379/79/25 1376/77/25
f 1374/76/25 1376/77/25 1379/79/25
f 1380/80/25 1374/76/25 1379/79/25
f 1380/80/25 1379/79/25 1381/81/25
f 1379/79/25 1378/78/25 1381/81/25
f 1382/82/25 1381/81/25 1378/78/25
f 1384/83/25 1383/84/25 1382/82/25
f 1384/83/25 1382/82/25 1378/78/25
f 1380/80/25 1372/74/25 1374/76/25
f 1385/85/25 1367/69/25 1369/70/25
f 1386/86/25 1317/4/25 1387/87/25
f 1387/87/25 1317/4/25 1302/1/25
f 1388/88/25 1386/86/25 1387/87/25
f 1391/89/25 1389/90/25 1388/88/25
f 1388/88/25 1389/90/25 1413/91/25 1386/86/25
f 1390/92/25 1391/89/25 1388/88/25
f 1393/93/25 1394/95/25 1392/94/25 1391/89/25
f 1392/94/25 1399/96/25 1389/90/25 1391/89/25
f 1390/92/25 1393/93/25 1391/89/25
f 1395/97/25 1396/98/25 1394/95/25
f 1397/99/25 1392/94/25 1394/95/25 1396/98/25
f 1399/96/25 1397/99/25 1398/100/25
f 1397/99/25 1399/96/25 1392/94/25
f 1399/96/25 1398/100/25 1402/102/25 1400/101/25
f 1389/90/25 1399/96/25 1400/101/25 1401/103/25
f 1403/104/25 1401/103/25 1400/101/25
f 1405/105/25 1403/104/25 1404/106/25
f 1405/105/25 1401/103/25 1403/104/25
f 1405/105/25 1407/107/25 1401/103/25
f 1406/108/25 1405/105/25 1404/106/25
f 1406/108/25 1407/107/25 1405/105/25
f 1408/109/25 1407/107/25 1406/108/25
f 1407/107/25 1409/110/25 1401/103/25
f 1401/103/25 1409/110/25 1410/111/25 1389/90/25
f 1410/111/25 1411/112/25 1389/90/25
f 1411/112/25 1412/113/25 1413/91/25 1389/90/25
f 1414/114/25 1408/109/25 1415/115/25
f 1406/108/25 1415/115/25 1408/109/25
f 1416/116/25 1415/115/25 1406/108/25
f 1416/116/25 1417/117/25 1415/115/25
f 1415/115/25 1417/117/25 1414/114/25
f 1418/118/25 1414/114/25 1417/117/25
f 1420/119/25 1418/118/25 1419/120/25
f 1420/119/25 1414/114/25 1418/118/25
f 1416/116/25 1406/108/25 1404/106/25
f 1398/100/25 1423/122/25 1421/121/25 1402/102/25
f 1422/123/25 1421/121/25 1423/122/25
f 1425/1/1217 1424/2/1217 1427/3/1217 1440/4/1217
f 1426/5/2 1429/6/2 1428/7/2 1424/2/2
f 1427/3/1218 1424/2/1218 1428/7/1218
f 1429/6/2 1426/5/2 1430/8/2
f 1431/9/2 1430/8/2 1434/10/2
f 1432/11/2 1430/8/2 1426/5/2
f 1432/11/2 1433/12/2 1430/8/2
f 1434/10/2 1430/8/2 1433/12/2
f 1435/13/2 1437/14/2 1434/10/2
f 1431/9/2 1434/10/2 1436/15/2
f 1437/14/2 1436/15/2 1434/10/2
f 1438/16/2 1432/11/2 1426/5/2
f 1427/3/1219 1439/17/1219 1441/18/1219
f 1440/4/1220 1427/3/1220 1441/18/1220
f 1440/4/1221 1441/18/1221 1443/19/1221
f 1442/20/1222 1444/21/1222 1441/18/1222
f 1442/20/1223 1441/18/1223 1439/17/1223
f 1443/19/1224 1441/18/1224 1444/21/1224
f 1444/21/1225 1442/20/1225 1445/22/1225
f 1445/22/1226 1442/20/1226 1446/23/1226
f 1446/23/1227 1442/20/1227 1447/24/1227
f 1447/24/1228 1449/25/1228 1448/26/1228
f 1449/25/1229 1447/24/1229 1442/20/1229
f 1449/25/1230 1442/20/1230 1452/27/1230
f 1450/28/1231 1448/26/1231 1449/25/1231
f 1450/28/1232 1449/25/1232 1451/29/1232
f 1452/27/1233 1451/29/1233 1449/25/1233
f 1453/30/1234 1452/27/1234 1442/20/1234
f 1454/31/1235 1453/30/1235 1442/20/1235
f 1439/17/1236 1454/31/1236 1442/20/1236
f 1455/32/2 1450/28/2 1451/29/2
f 1456/33/2 1448/26/2 1450/28/2
f 1443/19/1237 1457/34/1237 1458/35/1237
f 1459/36/1238 1440/4/1238 1443/19/1238 1458/35/1238
f 1460/37/2 1458/35/2 1457/34/2 1462/38/2
f 1461/39/2 1460/37/2 1463/40/2
f 1462/38/2 1464/41/2 1460/37/2
f 1463/40/2 1460/37/2 1464/41/2
f 1465/42/2 1467/43/2 1464/41/2
f 1463/40/2 1464/41/2 1466/44/2
f 1467/43/2 1466/44/2 1464/41/2
f 1468/45/2 1467/43/2 1470/46/2
f 1465/42/2 1469/47/2 1467/43/2
f 1470/46/2 1467/43/2 1469/47/2
f 1471/48/2 1440/4/2 1459/36/2
f 1472/49/2 1473/50/2 1471/48/2
f 1473/50/2 1440/4/2 1471/48/2
f 1472/49/2 1476/51/2 1474/52/2 1473/50/2
f 1479/53/2 1475/54/2 1474/52/2 1476/51/2
f 1481/55/2 1476/51/2 1472/49/2
f 1476/51/2 1480/56/2 1493/57/2 1477/58/2
f 1477/58/2 1500/59/2 1478/60/2 1476/51/2
f 1478/60/2 1479/53/2 1476/51/2
f 1482/61/2 1480/56/2 1476/51/2 1481/55/2
f 1484/62/2 1485/63/2 1482/61/2 1481/55/2
f 1483/64/2 1481/55/2 1472/49/2
f 1483/64/2 1484/62/2 1481/55/2
f 1486/65/2 1487/66/2 1485/63/2
f 1488/67/2 1482/61/2 1485/63/2 1487/66/2
f 1480/56/2 1488/67/2 1489/68/2
f 1488/67/2 1480/56/2 1482/61/2
f 1489/68/2 1490/69/2 1492/70/2 1491/71/2
f 1480/56/2 1489/68/2 1491/71/2 1493/57/2
f 1494/72/2 1477/58/2 1493/57/2
f 1496/73/2 1494/72/2 1495/74/2
f 1496/73/2 1477/58/2 1494/72/2
f 1496/73/2 1498/75/2 1477/58/2
f 1497/76/2 1496/73/2 1495/74/2
f 1497/76/2 1498/75/2 1496/73/2
f 1499/77/2 1498/75/2 1497/76/2
f 1498/75/2 1500/59/2 1477/58/2
f 1501/78/2 1499/77/2 1502/79/2
f 1497/76/2 1502/79/2 1499/77/2
f 1503/80/2 1502/79/2 1497/76/2
f 1503/80/2 1504/81/2 1502/79/2
f 1502/79/2 1504/81/2 1501/78/2
f 1505/82/2 1501/78/2 1504/81/2
f 1507/83/2 1505/82/2 1506/84/2
f 1507/83/2 1501/78/2 1505/82/2
f 1503/80/2 1497/76/2 1495/74/2
f 1508/85/2 1492/70/2 1490/69/2
f 1509/86/2 1510/87/2 1440/4/2
f 1510/87/2 1425/1/2 1440/4/2
f 1511/88/2 1510/87/2 1509/86/2
f 1514/89/2 1511/88/2 1512/90/2
f 1511/88/2 1509/86/2 1536/91/2 1512/90/2
f 1513/92/2 1511/88/2 1514/89/2
f 1516/93/2 1514/89/2 1515/94/2 1517/95/2
f 1515/94/2 1514/89/2 1512/90/2 1522/96/2
f 1513/92/2 1514/89/2 1516/93/2
f 1518/97/2 1517/95/2 1519/98/2
f 1520/99/2 1519/98/2 1517/95/2 1515/94/2
f 1522/96/2 1521/100/2 1520/99/2
f 1520/99/2 1515/94/2 1522/96/2
f 1522/96/2 1523/101/2 1525/102/2 1521/100/2
f 1512/90/2 1524/103/2 1523/101/2 1522/96/2
f 1526/104/2 1523/101/2 1524/103/2
f 1528/105/2 1527/106/2 1526/104/2
f 1528/105/2 1526/104/2 1524/103/2
f 1528/105/2 1524/103/2 1530/107/2
f 1529/108/2 1527/106/2 1528/105/2
f 1529/108/2 1528/105/2 1530/107/2
f 1531/109/2 1529/108/2 1530/107/2
f 1530/107/2 1524/103/2 1532/110/2
f 1524/103/2 1512/90/2 1533/111/2 1532/110/2
f 1533/111/2 1512/90/2 1534/112/2
f 1534/112/2 1512/90/2 1536/91/2 1535/113/2
f 1537/114/2 1538/115/2 1531/109/2
f 1529/108/2 1531/109/2 1538/115/2
f 1539/116/2 1529/108/2 1538/115/2
f 1539/116/2 1538/115/2 1540/117/2
f 1538/115/2 1537/114/2 1540/117/2
f 1541/118/2 1540/117/2 1537/114/2
f 1543/119/2 1542/120/2 1541/118/2
f 1543/119/2 1541/118/2 1537/114/2
f 1539/116/2 1527/106/2 1529/108/2
f 1521/100/2 1525/102/2 1544/121/2 1546/122/2
f 1545/123/2 1546/122/2 1544/121/2
f 1550/124/1239 1548/127/1239 1547/126/1239 1549/125/1239
f 1861/128/1240 1550/124/1240 1549/125/1240 1551/129/1240
f 1556/130/1241 1551/129/1241 1549/125/1241 1553/131/1241
f 1553/131/1242 1549/125/1242 1552/133/1242 1554/132/1242
f 1554/132/1243 1892/135/1243 1555/134/1243 1553/131/1243
f 1558/136/1244 1556/130/1244 1553/131/1244 1555/134/1244
f 1556/130/1245 1558/136/1245 1559/138/1245 1557/137/1245
f 1557/137/1246 1591/139/1246 1551/129/1246 1556/130/1246
f 1560/140/1247 1561/141/1247 1559/138/1247 1558/136/1247
f 1562/142/1248 1560/140/1248 1558/136/1248 1555/134/1248
f 1560/140/1249 1563/136/1249 1564/138/1249 1561/141/1249
f 1562/142/1250 1565/134/1250 1563/136/1250 1560/140/1250
f 1566/130/1251 1567/137/1251 1564/138/1251 1563/136/1251
f 1563/136/1252 1565/134/1252 1568/131/1252 1566/130/1252
f 1567/137/1253 1566/130/1253 1569/129/1253 1573/139/1253
f 1566/130/1254 1568/131/1254 1571/125/1254 1569/129/1254
f 1848/143/1255 1570/144/1255 1569/129/1255 1572/128/1255
f 1572/128/1256 1569/129/1256 1571/125/1256 1873/124/1256
f 1576/145/339 1567/137/339 1573/139/339 1574/146/339
f 1577/147/339 1576/145/339 1574/146/339 1575/148/339
f 1567/137/1257 1576/145/1257 1578/150/1257 1887/149/1257
f 1579/151/340 1576/145/340 1577/147/340
f 1578/150/1258 1576/145/1258 1579/151/1258
f 1580/152/1259 1579/151/1259 1577/147/1259 1581/153/1259
f 1583/154/1260 1578/150/1260 1579/151/1260 1580/152/1260
f 1580/152/1261 1581/153/1261 1588/147/1261 1582/151/1261
f 1583/154/1262 1580/152/1262 1582/151/1262 1585/150/1262
f 1584/155/1263 1887/149/1263 1578/150/1263 1583/154/1263
f 1584/155/1264 1583/154/1264 1585/150/1264 1586/149/1264
f 1557/137/1265 1586/149/1265 1585/150/1265 1587/145/1265
f 1585/150/1266 1582/151/1266 1587/145/1266
f 1587/145/329 1589/146/329 1591/139/329 1557/137/329
f 1582/151/330 1588/147/330 1587/145/330
f 1588/147/329 1590/148/329 1589/146/329 1587/145/329
f 1592/156/1267 1590/148/1267 1588/147/1267 1597/157/1267
f 1593/158/1268 1838/160/1268 1595/159/1268 1592/156/1268
f 1592/156/1269 1595/159/1269 1843/162/1269 1594/161/1269
f 1596/163/1270 1592/156/1270 1597/157/1270 1598/164/1270
f 1600/165/1271 1598/164/1271 1597/157/1271 1599/166/1271
f 1599/166/1272 1597/157/1272 1588/147/1272 1581/153/1272
f 1599/166/1273 1581/153/1273 1577/147/1273 1601/157/1273
f 1600/165/1274 1599/166/1274 1601/157/1274 1602/167/1274
f 1607/163/1275 1602/167/1275 1601/157/1275 1603/156/1275
f 1603/156/1276 1601/157/1276 1577/147/1276 1575/148/1276
f 1604/158/1277 1603/156/1277 1606/159/1277 1841/168/1277
f 1603/156/1278 1605/161/1278 1845/162/1278 1606/159/1278
f 1607/163/1279 1608/170/1279 1611/169/1279 1602/167/1279
f 1604/158/1280 1841/168/1280 1609/171/1280 1608/170/1280
f 1608/170/1281 1609/171/1281 1632/173/1281 1610/172/1281
f 1608/170/1282 1610/172/1282 1613/174/1282 1611/169/1282
f 1611/169/1283 1613/174/1283 1614/176/1283 1612/175/1283
f 1602/167/1284 1611/169/1284 1612/175/1284 1600/165/1284
f 1614/176/1285 1613/174/1285 1615/178/1285 1617/177/1285
f 1610/172/1286 1618/179/1286 1615/178/1286 1613/174/1286
f 1618/179/1287 1619/181/1287 1616/180/1287 1615/178/1287
f 1649/182/1288 1617/177/1288 1615/178/1288 1616/180/1288
f 1618/179/1289 1610/172/1289 1619/181/1289
f 1610/172/1290 1621/183/1290 1619/181/1290
f 1621/183/25 1620/184/25 1619/181/25
f 1619/181/1291 1620/184/1291 1652/185/1291 1616/180/1291
f 1610/172/1292 1627/187/1292 1625/186/1292 1621/183/1292
f 1620/184/25 1621/183/25 1622/188/25
f 1622/188/25 1621/183/25 1623/190/25 1681/189/25
f 1621/183/25 1624/191/25 1623/190/25
f 1624/191/25 1621/183/25 1625/186/25
f 1626/192/1293 1678/193/1293 1624/191/1293 1625/186/1293
f 1627/187/1294 1628/194/1294 1626/192/1294 1625/186/1294
f 1628/194/1295 1627/187/1295 1610/172/1295
f 1629/195/1296 1633/196/1296 1626/192/1296 1628/194/1296
f 1629/195/1297 1630/197/1297 1635/192/1297 1633/196/1297
f 1837/198/1298 1630/197/1298 1629/195/1298 1631/199/1298
f 1609/171/1299 1631/199/1299 1629/195/1299 1632/173/1299
f 1633/196/1300 1634/200/1300 1678/193/1300 1626/192/1300
f 1633/196/1301 1635/192/1301 1636/193/1301 1634/200/1301
f 1635/192/1302 1637/186/1302 1638/191/1302 1636/193/1302
f 1640/187/1303 1637/186/1303 1635/192/1303 1630/197/1303
f 1638/191/2 1637/186/2 1639/183/2
f 1641/172/1304 1639/183/1304 1637/186/1304 1640/187/1304
f 1630/197/1305 1641/172/1305 1640/187/1305
f 1642/170/1306 1641/172/1306 1630/197/1306 1837/198/1306
f 1642/170/1307 1836/201/1307 1643/174/1307 1641/172/1307
f 1641/172/1308 1643/174/1308 1646/178/1308 1645/179/1308
f 1641/172/1309 1644/181/1309 1639/183/1309
f 1645/179/1310 1644/181/1310 1641/172/1310
f 1645/179/1311 1646/178/1311 1647/180/1311 1644/181/1311
f 1649/182/1312 1647/180/1312 1646/178/1312 1617/177/1312
f 1614/176/1313 1617/177/1313 1646/178/1313 1643/174/1313
f 1644/181/1314 1647/180/1314 1648/185/1314 1662/184/1314
f 1650/202/1315 1648/185/1315 1647/180/1315 1649/182/1315
f 1650/202/1316 1649/182/1316 1616/180/1316 1652/185/1316
f 1834/203/1317 1648/185/1317 1650/202/1317 1651/204/1317
f 1653/203/1318 1651/204/1318 1650/202/1318 1652/185/1318
f 1653/203/1319 1652/185/1319 1620/184/1319 1656/205/1319
f 1654/206/25 1653/203/25 1655/207/25
f 1835/208/1320 1651/204/1320 1653/203/1320 1654/206/1320
f 1657/209/1321 1655/207/1321 1653/203/1321 1656/205/1321
f 1659/210/1322 1657/209/1322 1656/205/1322 1658/211/1322
f 1661/212/1323 1658/211/1323 1656/205/1323 1620/184/1323
f 1659/210/1324 1658/211/1324 1660/205/1324 1833/209/1324
f 1661/212/1325 1662/184/1325 1660/205/1325 1658/211/1325
f 1665/188/1326 1662/184/1326 1661/212/1326 1663/213/1326
f 1622/188/1327 1663/213/1327 1661/212/1327 1620/184/1327
f 1681/189/1328 1664/214/1328 1663/213/1328 1622/188/1328
f 1666/189/1329 1665/188/1329 1663/213/1329 1664/214/1329
f 1662/184/2 1665/188/2 1639/183/2
f 1665/188/2 1666/189/2 1669/190/2 1639/183/2
f 1666/189/2 1667/217/2 1691/216/2 1668/215/2
f 1667/217/1330 1666/189/1330 1664/214/1330 1684/218/1330
f 1670/219/2 1669/190/2 1666/189/2 1668/215/2
f 1639/183/2 1669/190/2 1638/191/2
f 1638/191/2 1669/190/2 1670/219/2
f 1671/220/1331 1670/219/1331 1668/215/1331 1672/221/1331
f 1670/219/1332 1671/220/1332 1636/193/1332 1638/191/1332
f 1673/222/1333 1671/220/1333 1672/221/1333 1674/223/1333
f 1634/200/1334 1636/193/1334 1671/220/1334 1673/222/1334
f 1673/222/1335 1674/223/1335 1676/221/1335 1675/220/1335
f 1634/200/1336 1673/222/1336 1675/220/1336 1678/193/1336
f 1675/220/1337 1676/221/1337 1679/215/1337 1677/219/1337
f 1677/219/1338 1624/191/1338 1678/193/1338 1675/220/1338
f 1677/219/25 1679/215/25 1681/189/25 1623/190/25
f 1624/191/25 1677/219/25 1623/190/25
f 1681/189/25 1679/215/25 1680/216/25 1682/217/25
f 1676/221/1339 1697/224/1339 1680/216/1339 1679/215/1339
f 1682/217/1340 1684/218/1340 1664/214/1340 1681/189/1340
f 1682/217/25 1680/216/25 1700/226/25 1683/225/25
f 1682/217/1341 1683/225/1341 1685/227/1341 1684/218/1341
f 1667/217/1342 1684/218/1342 1685/227/1342 1687/225/1342
f 1683/225/1343 1703/229/1343 1686/228/1343 1685/227/1343
f 1687/225/1344 1685/227/1344 1686/228/1344 1688/229/1344
f 1687/225/2 1688/229/2 1690/230/2 1689/226/2
f 1667/217/2 1687/225/2 1689/226/2 1691/216/2
f 1692/231/1345 1689/226/1345 1690/230/1345 1693/232/1345
f 1695/224/1346 1691/216/1346 1689/226/1346 1692/231/1346
f 1694/233/1347 1692/231/1347 1693/232/1347 1723/234/1347
f 1696/235/1348 1695/224/1348 1692/231/1348 1694/233/1348
f 1674/223/1349 1672/221/1349 1695/224/1349 1696/235/1349
f 1672/221/1350 1668/215/1350 1691/216/1350 1695/224/1350
f 1696/235/1351 1694/233/1351 1698/231/1351 1697/224/1351
f 1674/223/1352 1696/235/1352 1697/224/1352 1676/221/1352
f 1697/224/1353 1698/231/1353 1700/226/1353 1680/216/1353
f 1698/231/1354 1699/232/1354 1701/230/1354 1700/226/1354
f 1694/233/1355 1723/234/1355 1699/232/1355 1698/231/1355
f 1683/225/25 1700/226/25 1701/230/25 1703/229/25
f 1702/236/25 1705/237/25 1701/230/25
f 1702/236/1356 1701/230/1356 1699/232/1356 1724/238/1356
f 1703/229/25 1701/230/25 1704/239/25
f 1705/237/25 1704/239/25 1701/230/25
f 1706/240/1357 1707/241/1357 1704/239/1357 1705/237/1357
f 1708/242/1358 1706/240/1358 1705/237/1358 1702/236/1358
f 1709/243/1359 1710/244/1359 1707/241/1359 1706/240/1359
f 1711/245/1360 1709/243/1360 1706/240/1360 1708/242/1360
f 1709/243/1361 1712/240/1361 1713/241/1361 1710/244/1361
f 1711/245/1362 1714/242/1362 1712/240/1362 1709/243/1362
f 1712/240/1363 1715/237/1363 1716/239/1363 1713/241/1363
f 1714/242/1364 1717/236/1364 1715/237/1364 1712/240/1364
f 1715/237/2 1690/230/2 1716/239/2
f 1717/236/2 1690/230/2 1715/237/2
f 1718/246/1365 1717/236/1365 1714/242/1365
f 1719/238/1366 1717/236/1366 1718/246/1366 1720/247/1366
f 1717/236/1367 1719/238/1367 1693/232/1367 1690/230/1367
f 1721/248/1368 1719/238/1368 1720/247/1368 1722/249/1368
f 1719/238/1369 1721/248/1369 1723/234/1369 1693/232/1369
f 1721/248/1370 1722/249/1370 1725/247/1370 1724/238/1370
f 1724/238/1371 1699/232/1371 1723/234/1371 1721/248/1371
f 1724/238/1372 1725/247/1372 1726/246/1372 1702/236/1372
f 1722/249/1373 1727/250/1373 1726/246/1373 1725/247/1373
f 1726/246/1374 1708/242/1374 1702/236/1374
f 1727/250/1375 1711/245/1375 1708/242/1375 1726/246/1375
f 1727/250/1376 1718/246/1376 1714/242/1376 1711/245/1376
f 1722/249/1377 1720/247/1377 1718/246/1377 1727/250/1377
f 1688/229/2 1716/239/2 1690/230/2
f 1688/229/1378 1686/228/1378 1729/251/1378 1716/239/1378
f 1728/252/1379 1733/254/1379 1730/253/1379 1716/239/1379
f 1716/239/1380 1729/251/1380 1743/255/1380 1728/252/1380
f 1730/253/1381 1713/241/1381 1716/239/1381
f 1730/253/1382 1733/254/1382 1731/256/1382
f 1732/257/1383 1730/253/1383 1731/256/1383 1763/258/1383
f 1710/244/1384 1713/241/1384 1730/253/1384 1732/257/1384
f 1731/256/1385 1733/254/1385 1734/259/1385
f 1733/254/1386 1735/260/1386 1734/259/1386
f 1735/260/1387 1733/254/1387 1728/252/1387 1738/261/1387
f 1734/259/1388 1735/260/1388 1736/262/1388
f 1735/260/1389 1737/264/1389 1768/263/1389 1736/262/1389
f 1737/264/1390 1735/260/1390 1738/261/1390 1739/265/1390
f 1728/252/1391 1741/266/1391 1739/265/1391 1738/261/1391
f 1737/264/1392 1739/265/1392 1740/268/1392 1830/267/1392
f 1659/210/1393 1833/209/1393 1740/268/1393 1739/265/1393
f 1739/265/1394 1741/266/1394 1659/210/1394
f 1742/269/25 1741/266/25 1659/210/25
f 1728/252/1395 1743/255/1395 1741/266/1395
f 1745/265/1396 1659/210/1396 1741/266/1396
f 1744/252/1397 1741/266/1397 1743/255/1397
f 1744/252/1398 1747/261/1398 1745/265/1398 1741/266/1398
f 1746/264/1399 1749/267/1399 1748/268/1399 1745/265/1399
f 1746/264/1400 1745/265/1400 1747/261/1400 1759/260/1400
f 1659/210/1401 1745/265/1401 1748/268/1401 1657/209/1401
f 1749/267/1402 1655/207/1402 1657/209/1402 1748/268/1402
f 1750/270/25 1655/207/25 1749/267/25
f 1746/264/1403 1753/263/1403 1750/270/1403 1749/267/1403
f 1751/271/1404 1832/272/1404 1655/207/1404 1750/270/1404
f 1750/270/1405 1752/273/1405 1751/271/1405
f 1752/273/25 1750/270/25 1753/263/25
f 1753/263/1406 1756/262/1406 1754/274/1406
f 1754/274/1407 1755/275/1407 1753/263/1407
f 1755/275/1408 1752/273/1408 1753/263/1408
f 1759/260/1409 1756/262/1409 1753/263/1409 1746/264/1409
f 1754/274/1410 1756/262/1410 1757/276/1410
f 1764/277/1411 1757/276/1411 1756/262/1411 1758/259/1411
f 1758/259/1412 1756/262/1412 1759/260/1412
f 1759/260/1413 1747/261/1413 1744/252/1413 1760/254/1413
f 1760/254/1414 1758/259/1414 1759/260/1414
f 1762/253/1415 1761/256/1415 1760/254/1415
f 1761/256/1416 1758/259/1416 1760/254/1416
f 1744/252/1417 1704/239/1417 1762/253/1417 1760/254/1417
f 1732/257/1418 1763/258/1418 1761/256/1418 1762/253/1418
f 1710/244/1419 1732/257/1419 1762/253/1419 1707/241/1419
f 1762/253/1420 1704/239/1420 1707/241/1420
f 1763/258/1421 1764/277/1421 1758/259/1421 1761/256/1421
f 1763/258/1422 1731/256/1422 1734/259/1422 1764/277/1422
f 1764/277/1423 1734/259/1423 1736/262/1423 1757/276/1423
f 1757/276/1424 1765/279/1424 1816/278/1424 1754/274/1424
f 1757/276/1425 1766/274/1425 1767/278/1425 1765/279/1425
f 1766/274/1426 1757/276/1426 1736/262/1426
f 1767/278/1427 1766/274/1427 1769/275/1427 1772/280/1427
f 1768/263/1428 1766/274/1428 1736/262/1428
f 1766/274/1429 1768/263/1429 1769/275/1429
f 1773/273/1430 1775/282/1430 1770/281/1430 1769/275/1430
f 1770/281/1431 1789/284/1431 1771/283/1431 1769/275/1431
f 1772/280/1432 1769/275/1432 1771/283/1432 1813/285/1432
f 1769/275/1433 1768/263/1433 1773/273/1433
f 1773/273/2 1768/263/2 1774/270/2
f 1774/270/1434 1751/271/1434 1773/273/1434
f 1776/286/1435 1775/282/1435 1773/273/1435 1751/271/1435
f 1780/287/1436 1777/288/1436 1775/282/1436 1776/286/1436
f 1779/289/1437 1770/281/1437 1775/282/1437 1777/288/1437
f 1781/290/1438 1778/291/1438 1777/288/1438 1780/287/1438
f 1792/292/1439 1779/289/1439 1777/288/1439 1778/291/1439
f 1781/290/1440 1780/287/1440 1782/288/1440 1783/291/1440
f 1780/287/1441 1776/286/1441 1784/282/1441 1782/288/1441
f 1787/292/1442 1783/291/1442 1782/288/1442 1785/289/1442
f 1785/289/1443 1782/288/1443 1784/282/1443 1786/281/1443
f 1789/284/1444 1788/293/1444 1785/289/1444 1786/281/1444
f 1788/293/1445 1790/294/1445 1787/292/1445 1785/289/1445
f 1789/284/1446 1770/281/1446 1779/289/1446 1788/293/1446
f 1788/293/1447 1779/289/1447 1792/292/1447 1790/294/1447
f 1790/294/1448 1791/296/1448 1809/295/1448 1787/292/1448
f 1790/294/1449 1792/292/1449 1793/295/1449 1791/296/1449
f 1793/295/1450 1792/292/1450 1778/291/1450
f 1778/291/1451 1797/298/1451 1794/297/1451 1793/295/1451
f 1791/296/1452 1793/295/1452 1794/297/1452 1796/299/1452
f 1797/298/1453 1799/301/1453 1795/300/1453 1794/297/1453
f 1796/299/1454 1794/297/1454 1795/300/1454 1807/302/1454
f 1798/303/1455 1797/298/1455 1778/291/1455 1781/290/1455
f 1801/304/1456 1799/301/1456 1797/298/1456 1798/303/1456
f 1800/305/1457 1795/300/1457 1799/301/1457
f 1802/306/1458 1800/305/1458 1799/301/1458 1801/304/1458
f 1802/306/1459 1801/304/1459 1803/301/1459 1804/305/1459
f 1801/304/1460 1798/303/1460 1805/298/1460 1803/301/1460
f 1804/305/1461 1803/301/1461 1806/300/1461
f 1805/298/1462 1808/297/1462 1806/300/1462 1803/301/1462
f 1807/302/1463 1810/307/1463 1804/305/1463 1806/300/1463
f 1796/299/1464 1807/302/1464 1806/300/1464 1808/297/1464
f 1783/291/1465 1809/295/1465 1808/297/1465 1805/298/1465
f 1791/296/1466 1796/299/1466 1808/297/1466 1809/295/1466
f 1809/295/1467 1783/291/1467 1787/292/1467
f 1807/302/1468 1795/300/1468 1800/305/1468 1810/307/1468
f 1804/305/1469 1810/307/1469 1811/308/1469
f 1800/305/1470 1811/308/1470 1810/307/1470
f 1802/306/1471 1804/305/1471 1811/308/1471
f 1802/306/1472 1811/308/1472 1800/305/1472
f 1798/303/1473 1781/290/1473 1783/291/1473 1805/298/1473
f 1813/285/25 1812/309/25 1789/284/25 1771/283/25
f 1786/281/1474 1755/275/1474 1771/283/1474 1789/284/1474
f 1814/310/1475 1813/285/1475 1815/280/1475 1817/311/1475
f 1814/310/1476 1828/311/1476 1772/280/1476 1813/285/1476
f 1815/280/1477 1813/285/1477 1771/283/1477 1755/275/1477
f 1816/278/1478 1815/280/1478 1755/275/1478 1754/274/1478
f 1819/312/1479 1817/311/1479 1815/280/1479 1816/278/1479
f 1817/311/1480 1818/314/1480 1824/313/1480 1814/310/1480
f 1818/314/25 1817/311/25 1819/312/25
f 1816/278/1481 1765/279/1481 1819/312/1481
f 1765/279/1482 1821/316/1482 1820/315/1482 1819/312/1482
f 1820/315/25 1818/314/25 1819/312/25
f 1821/316/1483 1822/317/1483 1820/315/1483
f 1822/317/1484 1823/318/1484 1820/315/1484
f 1823/318/1485 1824/313/1485 1818/314/1485 1820/315/1485
f 1823/318/1486 1825/315/1486 1827/314/1486 1824/313/1486
f 1822/317/1487 1825/315/1487 1823/318/1487
f 1825/315/2 1826/312/2 1827/314/2
f 1765/279/1488 1826/312/1488 1825/315/1488 1821/316/1488
f 1821/316/1489 1825/315/1489 1822/317/1489
f 1827/314/2 1826/312/2 1828/311/2
f 1828/311/1490 1814/310/1490 1824/313/1490 1827/314/1490
f 1826/312/1491 1767/278/1491 1772/280/1491 1828/311/1491
f 1767/278/1492 1826/312/1492 1765/279/1492
f 1752/273/1493 1755/275/1493 1786/281/1493 1784/282/1493
f 1776/286/1494 1751/271/1494 1752/273/1494 1784/282/1494
f 1774/270/2 1830/267/2 1829/207/2
f 1751/271/1495 1774/270/1495 1829/207/1495 1832/272/1495
f 1737/264/1496 1830/267/1496 1774/270/1496 1768/263/1496
f 1830/267/1497 1740/268/1497 1833/209/1497 1829/207/1497
f 1831/206/2 1829/207/2 1834/203/2
f 1832/272/1498 1829/207/1498 1831/206/1498 1835/208/1498
f 1833/209/1499 1660/205/1499 1834/203/1499 1829/207/1499
f 1834/203/1500 1660/205/1500 1662/184/1500 1648/185/1500
f 1835/208/1501 1831/206/1501 1834/203/1501 1651/204/1501
f 1832/272/1502 1835/208/1502 1654/206/1502 1655/207/1502
f 1704/239/1503 1744/252/1503 1743/255/1503 1729/251/1503
f 1703/229/1504 1704/239/1504 1729/251/1504 1686/228/1504
f 1639/183/2 1644/181/2 1662/184/2
f 1836/201/1505 1612/175/1505 1614/176/1505 1643/174/1505
f 1596/163/1506 1598/164/1506 1836/201/1506 1642/170/1506
f 1598/164/1507 1600/165/1507 1612/175/1507 1836/201/1507
f 1593/158/1508 1642/170/1508 1837/198/1508 1838/160/1508
f 1838/160/1509 1837/198/1509 1631/199/1509 1839/319/1509
f 1839/319/1510 1840/320/1510 1595/159/1510 1838/160/1510
f 1841/168/1511 1839/319/1511 1631/199/1511 1609/171/1511
f 1839/319/1512 1841/168/1512 1606/159/1512 1840/320/1512
f 1840/320/1513 1606/159/1513 1845/162/1513 1842/321/1513
f 1840/320/1514 1842/321/1514 1843/162/1514 1595/159/1514
f 1844/322/1515 1856/323/1515 1843/162/1515 1842/321/1515
f 1844/322/1516 1842/321/1516 1845/162/1516 1846/323/1516
f 1845/162/77 1605/161/77 1850/325/77 1847/324/77
f 1846/323/78 1845/162/78 1847/324/78
f 1848/143/1517 1851/327/1517 1849/326/1517 1847/324/1517
f 1847/324/77 1850/325/77 1570/144/77 1848/143/77
f 1849/326/1518 1846/323/1518 1847/324/1518
f 1853/328/1519 1852/329/1519 1849/326/1519 1851/327/1519
f 1852/329/1520 1844/322/1520 1846/323/1520 1849/326/1520
f 1853/328/1521 1855/327/1521 1854/326/1521 1852/329/1521
f 1852/329/1522 1854/326/1522 1856/323/1522 1844/322/1522
f 1858/143/1523 1857/324/1523 1854/326/1523 1855/327/1523
f 1854/326/1524 1857/324/1524 1856/323/1524
f 1857/324/65 1858/143/65 1860/144/65 1859/325/65
f 1856/323/67 1857/324/67 1843/162/67
f 1843/162/65 1857/324/65 1859/325/65 1594/161/65
f 1858/143/1525 1861/128/1525 1551/129/1525 1860/144/1525
f 1861/128/1526 1858/143/1526 1863/331/1526 1865/330/1526
f 1862/332/2 1863/331/2 1858/143/2
f 1862/332/1527 1858/143/1527 1855/327/1527
f 1862/332/1528 1864/333/1528 1863/331/1528
f 1867/334/1529 1865/330/1529 1863/331/1529 1864/333/1529
f 1865/330/1530 1866/335/1530 1550/124/1530 1861/128/1530
f 1868/336/1531 1866/335/1531 1865/330/1531 1867/334/1531
f 1867/334/1532 1864/333/1532 1870/331/1532 1869/330/1532
f 1868/336/1533 1867/334/1533 1869/330/1533 1871/335/1533
f 1572/128/1534 1869/330/1534 1870/331/1534 1848/143/1534
f 1869/330/1535 1572/128/1535 1873/124/1535 1871/335/1535
f 1874/127/1536 1872/337/1536 1871/335/1536 1873/124/1536
f 1876/338/1537 1868/336/1537 1871/335/1537 1872/337/1537
f 1873/124/1538 1571/125/1538 1875/126/1538 1874/127/1538
f 1876/338/1539 1877/337/1539 1866/335/1539 1868/336/1539
f 1548/127/1540 1550/124/1540 1866/335/1540 1877/337/1540
f 1878/332/25 1848/143/25 1870/331/25
f 1878/332/1541 1870/331/1541 1864/333/1541
f 1878/332/1542 1851/327/1542 1848/143/1542
f 1879/339/1543 1878/332/1543 1880/340/1543
f 1878/332/1544 1879/339/1544 1851/327/1544
f 1864/333/1545 1880/340/1545 1878/332/1545
f 1864/333/1546 1862/332/1546 1880/340/1546
f 1879/339/1547 1880/340/1547 1853/328/1547
f 1881/339/1548 1853/328/1548 1880/340/1548
f 1881/339/1549 1880/340/1549 1862/332/1549
f 1881/339/1550 1855/327/1550 1853/328/1550
f 1862/332/1551 1855/327/1551 1881/339/1551
f 1879/339/1552 1853/328/1552 1851/327/1552
f 1882/341/1553 1584/155/1553 1586/149/1553
f 1883/342/1554 1882/341/1554 1586/149/1554
f 1883/342/1555 1586/149/1555 1557/137/1555
f 1883/342/2 1557/137/2 1559/138/2
f 1882/341/1556 1883/342/1556 1884/343/1556
f 1561/141/1557 1884/343/1557 1883/342/1557
f 1883/342/1558 1559/138/1558 1561/141/1558
f 1561/141/1559 1885/342/1559 1884/343/1559
f 1886/341/1560 1584/155/1560 1884/343/1560
f 1882/341/1561 1884/343/1561 1584/155/1561
f 1886/341/1562 1884/343/1562 1885/342/1562
f 1886/341/1563 1887/149/1563 1584/155/1563
f 1885/342/1564 1887/149/1564 1886/341/1564
f 1885/342/1565 1567/137/1565 1887/149/1565
f 1885/342/25 1564/138/25 1567/137/25
f 1885/342/1566 1561/141/1566 1564/138/1566
f 1568/131/1567 1889/132/1567 1888/133/1567 1571/125/1567
f 1889/132/1568 1568/131/1568 1565/134/1568 1890/135/1568
f 1891/344/1569 1890/135/1569 1565/134/1569 1562/142/1569
f 1891/344/1570 1562/142/1570 1555/134/1570 1892/135/1570
f 1911/345/1571 1893/348/1571 1894/347/1571 1913/346/1571
f 1913/346/1572 1894/347/1572 1895/350/1572 1912/349/1572
f 1896/351/1573 1899/354/1573 1901/353/1573 1898/352/1573
f 1898/352/1574 1901/353/1574 1900/356/1574 1897/355/1574
f 1899/354/1575 1902/358/1575 1904/357/1575 1901/353/1575
f 1901/353/1576 1904/357/1576 1903/359/1576 1900/356/1576
f 1902/358/1577 1905/361/1577 1907/360/1577 1904/357/1577
f 1904/357/1578 1907/360/1578 1906/362/1578 1903/359/1578
f 1905/361/1579 1908/364/1579 1910/363/1579 1907/360/1579
f 1907/360/1580 1910/363/1580 1909/365/1580 1906/362/1580
f 1908/364/1581 1911/345/1581 1913/346/1581 1910/363/1581
f 1910/363/1582 1913/346/1582 1912/349/1582 1909/365/1582
f 1898/352/1583 1916/367/1583 1914/366/1583 1896/351/1583
f 1897/355/1584 1915/368/1584 1916/367/1584 1898/352/1584
f 1894/347/1585 1918/370/1585 1919/369/1585 1895/350/1585
f 1893/348/1586 1917/371/1586 1918/370/1586 1894/347/1586
f 1924/372/1587 1922/375/1587 1920/374/1587 1923/373/1587
f 1925/376/1588 1921/377/1588 1922/375/1588 1924/372/1588
f 1927/378/1589 1925/376/1589 1924/372/1589 1926/379/1589
f 1926/379/1590 1924/372/1590 1923/373/1590 1928/380/1590
f 1929/381/1591 1926/379/1591 1928/380/1591 1931/382/1591
f 1930/383/1592 1927/378/1592 1926/379/1592 1929/381/1592
f 1915/368/1593 1930/383/1593 1929/381/1593 1916/367/1593
f 1916/367/1594 1929/381/1594 1931/382/1594 1914/366/1594
f 1918/370/1595 1933/385/1595 1934/384/1595 1919/369/1595
f 1917/371/1596 1932/386/1596 1933/385/1596 1918/370/1596
f 1933/385/1597 1936/388/1597 1937/387/1597 1934/384/1597
f 1932/386/1598 1935/389/1598 1936/388/1598 1933/385/1598
f 1922/375/1599 1940/391/1599 1938/390/1599 1920/374/1599
f 1921/377/1600 1939/392/1600 1940/391/1600 1922/375/1600
f 1940/391/1601 1943/394/1601 1941/393/1601 1938/390/1601
f 1939/392/1602 1942/395/1602 1943/394/1602 1940/391/1602
f 1943/394/1603 1946/397/1603 1944/396/1603 1941/393/1603
f 1942/395/1604 1945/398/1604 1946/397/1604 1943/394/1604
f 1946/397/1605 1949/400/1605 1947/399/1605 1944/396/1605
f 1945/398/1606 1948/401/1606 1949/400/1606 1946/397/1606
f 1949/400/1607 1952/403/1607 1950/402/1607 1947/399/1607
f 1948/401/1608 1951/404/1608 1952/403/1608 1949/400/1608
f 1952/403/1609 1955/406/1609 1953/405/1609 1950/402/1609
f 1951/404/1610 1954/407/1610 1955/406/1610 1952/403/1610
f 1955/406/1611 2002/409/1611 2000/408/1611 1953/405/1611
f 1954/407/1612 2001/410/1612 2002/409/1612 1955/406/1612
f 2002/409/1613 2005/412/1613 2003/411/1613 2000/408/1613
f 2001/410/1614 2004/413/1614 2005/412/1614 2002/409/1614
f 2005/412/1615 2008/415/1615 2006/414/1615 2003/411/1615
f 2004/413/1616 2007/416/1616 2008/415/1616 2005/412/1616
f 2020/417/1617 2015/420/1617 1997/419/1617 1998/418/1617
f 2092/421/1618 2020/417/1618 1998/418/1618 2091/422/1618
f 2111/423/1619 2022/426/1619 1996/425/1619 2110/424/1619
f 1996/425/1620 2022/426/1620 2021/428/1620 1995/427/1620
f 2117/429/1621 2118/432/1621 2023/431/1621 1992/430/1621
f 2114/433/1622 2115/436/1622 2024/435/1622 1994/434/1622
f 1989/437/1623 2026/440/1623 2025/439/1623 1993/438/1623
f 2027/441/1624 2026/440/1624 1989/437/1624 1991/442/1624
f 2029/443/1625 2028/446/1625 1990/445/1625 1984/444/1625
f 1990/445/1626 2028/446/1626 2027/441/1626 1991/442/1626
f 1984/444/1627 1986/447/1627 2029/443/1627
f 2030/448/1628 2029/443/1628 1986/447/1628 1983/449/1628
f 2029/443/1629 2030/448/1629 2028/446/1629
f 2032/450/1630 2031/453/1630 1985/452/1630 1982/451/1630
f 1985/452/1631 2031/453/1631 2030/448/1631 1983/449/1631
f 2032/450/1632 1982/451/1632 2033/454/1632
f 2035/455/1633 2034/457/1633 1987/456/1633
f 1987/456/1634 2034/457/1634 1988/458/1634
f 1988/458/1635 2034/457/1635 2033/454/1635 1982/451/1635
f 2027/441/1636 2028/446/1636 2030/448/1636 2031/453/1636
f 2041/459/1637 2034/457/1637 2035/455/1637 2036/460/1637
f 2034/457/1638 2041/459/1638 2033/454/1638
f 2037/461/1639 2042/462/1639 2041/459/1639 2036/460/1639
f 2041/459/1640 2042/462/1640 2033/454/1640
f 2044/463/1641 2033/454/1641 2042/462/1641 2043/464/1641
f 2038/465/1642 2043/464/1642 2042/462/1642 2037/461/1642
f 2045/466/1643 2032/450/1643 2033/454/1643 2044/463/1643
f 2031/453/1644 2032/450/1644 2027/441/1644
f 2026/440/1645 2027/441/1645 2032/450/1645 2045/466/1645
f 2039/467/1646 2046/468/1646 2043/464/1646 2038/465/1646
f 2044/463/1647 2043/464/1647 2046/468/1647 2047/469/1647
f 2045/466/1648 2044/463/1648 2047/469/1648
f 2040/470/1649 2049/471/1649 2039/467/1649
f 2049/471/1650 2048/472/1650 2039/467/1650
f 2050/473/1651 2039/467/1651 2048/472/1651
f 2039/467/1652 2050/473/1652 2046/468/1652
f 1936/388/1653 1935/389/1653 2047/469/1653
f 2047/469/1654 2046/468/1654 1936/388/1654
f 2050/473/1655 1936/388/1655 2046/468/1655
f 1936/388/1656 2050/473/1656 1937/387/1656
f 2050/473/1657 2048/472/1657 1937/387/1657
f 2048/472/1658 2049/471/1658 1937/387/1658
f 2049/471/1659 2040/470/1659 1937/387/1659
f 1956/474/1660 2047/469/1660 1935/389/1660
f 2047/469/1661 1956/474/1661 2045/466/1661
f 1956/474/1662 2051/475/1662 2045/466/1662
f 2053/476/1663 2025/439/1663 2026/440/1663 2052/477/1663
f 2026/440/1664 2045/466/1664 2051/475/1664 2052/477/1664
f 2051/475/1665 1956/474/1665 2054/478/1665
f 1958/479/1666 2057/482/1666 2056/481/1666 1959/480/1666
f 1959/480/1667 2056/481/1667 2055/484/1667 1957/483/1667
f 1957/483/1668 2055/484/1668 2054/478/1668 1960/485/1668
f 1960/485/1669 2054/478/1669 1956/474/1669
f 2057/482/1670 1958/479/1670 2058/486/1670
f 2058/486/1671 1962/487/1671 2056/481/1671 2057/482/1671
f 1961/488/1672 2060/490/1672 2059/489/1672 1962/487/1672
f 2056/481/1673 1962/487/1673 2059/489/1673
f 2056/481/1674 2059/489/1674 2055/484/1674
f 2054/478/1675 2055/484/1675 2059/489/1675 2060/490/1675
f 2054/478/1676 2060/490/1676 2051/475/1676
f 1964/491/1677 2061/492/1677 2060/490/1677 1961/488/1677
f 1963/493/1678 2062/494/1678 2061/492/1678 1964/491/1678
f 2052/477/1679 2051/475/1679 2060/490/1679 2061/492/1679
f 1966/495/1680 2063/496/1680 2062/494/1680 1963/493/1680
f 1965/497/1681 2064/498/1681 2063/496/1681 1966/495/1681
f 2061/492/1682 2062/494/1682 2052/477/1682
f 2053/476/1683 2052/477/1683 2062/494/1683 2063/496/1683
f 1967/499/1684 2070/502/1684 2069/501/1684 1968/500/1684
f 2106/503/1685 2107/506/1685 2068/505/1685 1969/504/1685
f 1969/504/1686 2068/505/1686 2067/508/1686 1970/507/1686
f 1970/507/1687 2067/508/1687 2066/510/1687 1972/509/1687
f 1972/509/1688 2066/510/1688 2065/512/1688 1971/511/1688
f 1971/511/1689 2065/512/1689 2064/498/1689 1965/497/1689
f 1973/513/1690 2071/514/1690 2070/502/1690 1967/499/1690
f 2018/515/1691 2019/518/1691 2009/517/1691 2010/516/1691
f 2074/519/1692 1976/521/1692 2075/520/1692
f 1976/521/1693 2074/519/1693 2073/523/1693 1974/522/1693
f 1974/522/1694 2073/523/1694 2072/525/1694 1975/524/1694
f 1975/524/1695 2072/525/1695 2071/514/1695 1973/513/1695
f 2075/520/1696 1976/521/1696 2076/526/1696
f 1977/527/1697 2077/528/1697 2076/526/1697 1976/521/1697
f 1981/529/1698 2078/530/1698 2077/528/1698 1977/527/1698
f 1978/531/1699 2079/532/1699 2078/530/1699 1981/529/1699
f 1980/533/1700 2080/534/1700 2079/532/1700 1978/531/1700
f 1979/535/1701 2081/536/1701 2080/534/1701 1980/533/1701
f 2011/537/1702 2082/538/1702 2081/536/1702 1979/535/1702
f 2012/539/1703 2083/540/1703 2082/538/1703 2011/537/1703
f 2013/541/1704 2084/542/1704 2083/540/1704 2012/539/1704
f 2014/543/1705 2085/544/1705 2084/542/1705 2013/541/1705
f 2086/545/1706 2085/544/1706 2014/543/1706 2087/546/1706
f 2087/546/1707 2006/414/1707 2008/415/1707 2086/545/1707
f 2019/518/1708 2018/515/1708 2089/547/1708
f 2086/545/1709 2008/415/1709 2089/547/1709
f 2086/545/1710 2089/547/1710 2085/544/1710
f 2085/544/1711 2089/547/1711 2084/542/1711
f 2018/515/1712 2017/548/1712 2089/547/1712
f 2089/547/1713 2017/548/1713 2096/549/1713 2084/542/1713
f 2010/516/1714 1999/550/1714 2017/548/1714 2018/515/1714
f 2090/551/1715 2089/547/1715 2008/415/1715 2006/414/1715
f 2009/517/1716 2019/518/1716 2089/547/1716 2090/551/1716
f 1997/419/1717 2015/420/1717 2016/552/1717
f 1999/550/1718 1997/419/1718 2016/552/1718 2017/548/1718
f 2096/549/1719 2097/553/1719 2083/540/1719 2084/542/1719
f 2097/553/1720 2098/554/1720 2082/538/1720 2083/540/1720
f 2082/538/1721 2098/554/1721 2015/420/1721 2081/536/1721
f 2081/536/1722 2015/420/1722 2080/534/1722
f 2015/420/1723 2093/555/1723 2079/532/1723 2080/534/1723
f 2021/428/1724 2092/421/1724 2091/422/1724 1995/427/1724
f 2094/556/1725 2093/555/1725 2020/417/1725 2092/421/1725
f 2094/556/1726 2095/557/1726 2077/528/1726 2078/530/1726
f 2092/421/1727 2021/428/1727 2095/557/1727 2094/556/1727
f 2078/530/1728 2079/532/1728 2093/555/1728 2094/556/1728
f 2015/420/1729 2020/417/1729 2093/555/1729
f 2016/552/1730 2015/420/1730 2098/554/1730 2097/553/1730
f 2017/548/1731 2016/552/1731 2097/553/1731 2096/549/1731
f 2099/558/1732 2076/526/1732 2077/528/1732 2095/557/1732
f 2022/426/1733 2099/558/1733 2095/557/1733 2021/428/1733
f 2071/514/1734 2100/559/1734 2070/502/1734
f 2070/502/1735 2100/559/1735 2069/501/1735
f 2072/525/1736 2101/560/1736 2100/559/1736 2071/514/1736
f 2073/523/1737 2102/561/1737 2101/560/1737 2072/525/1737
f 2074/519/1738 2103/562/1738 2102/561/1738 2073/523/1738
f 2075/520/1739 2104/563/1739 2103/562/1739 2074/519/1739
f 2099/558/1740 2105/564/1740 2075/520/1740 2076/526/1740
f 1968/500/1741 2069/501/1741 2107/506/1741 2106/503/1741
f 2107/506/1742 2069/501/1742 2100/559/1742 2101/560/1742
f 2101/560/1743 2102/561/1743 2068/505/1743 2107/506/1743
f 2067/508/1744 2068/505/1744 2102/561/1744 2103/562/1744
f 2104/563/1745 2108/565/1745 2067/508/1745 2103/562/1745
f 2109/566/1746 2066/510/1746 2067/508/1746 2108/565/1746
f 2023/431/1747 2111/423/1747 2110/424/1747 1992/430/1747
f 2022/426/1748 2111/423/1748 2105/564/1748 2099/558/1748
f 2023/431/1749 2112/567/1749 2105/564/1749 2111/423/1749
f 1993/438/1750 2025/439/1750 2115/436/1750 2114/433/1750
f 2064/498/1751 2113/568/1751 2053/476/1751 2063/496/1751
f 2115/436/1752 2025/439/1752 2053/476/1752 2113/568/1752
f 2065/512/1753 2116/569/1753 2113/568/1753 2064/498/1753
f 2024/435/1754 2115/436/1754 2113/568/1754 2116/569/1754
f 2118/432/1755 2119/570/1755 2112/567/1755 2023/431/1755
f 2065/512/1756 2066/510/1756 2109/566/1756 2116/569/1756
f 2024/435/1757 2116/569/1757 2119/570/1757 2118/432/1757
f 1994/434/1758 2024/435/1758 2118/432/1758 2117/429/1758
f 2116/569/1759 2109/566/1759 2119/570/1759
f 2119/570/1760 2109/566/1760 2108/565/1760 2112/567/1760
f 2108/565/1761 2104/563/1761 2112/567/1761
f 2104/563/1762 2075/520/1762 2105/564/1762 2112/567/1762
f 2089/547/1763 2008/415/1763 2088/572/1763 2122/571/1763
f 2019/518/1764 2089/547/1764 2122/571/1764 2121/573/1764
f 2009/517/1765 2019/518/1765 2121/573/1765 2120/574/1765
f 2007/416/1766 2123/575/1766 2088/572/1766 2008/415/1766
f 2121/573/1767 2125/576/1767 2120/574/1767
f 2124/577/1768 2125/576/1768 2121/573/1768
f 2122/571/1769 2126/578/1769 2124/577/1769 2121/573/1769
f 2127/579/1770 2126/578/1770 2122/571/1770 2088/572/1770
f 2128/580/1771 2127/579/1771 2088/572/1771 2123/575/1771
f 2127/579/1772 2128/580/1772 2129/581/1772
f 1911/345/1773 2143/346/1773 2130/347/1773 1893/348/1773
f 2143/346/1774 2142/349/1774 2131/350/1774 2130/347/1774
f 1896/351/1775 2133/352/1775 2135/353/1775 1899/354/1775
f 2133/352/1776 2132/355/1776 2134/356/1776 2135/353/1776
f 1899/354/1777 2135/353/1777 2137/357/1777 1902/358/1777
f 2135/353/1778 2134/356/1778 2136/359/1778 2137/357/1778
f 1902/358/1779 2137/357/1779 2139/360/1779 1905/361/1779
f 2137/357/1780 2136/359/1780 2138/362/1780 2139/360/1780
f 1905/361/1781 2139/360/1781 2141/363/1781 1908/364/1781
f 2139/360/1782 2138/362/1782 2140/365/1782 2141/363/1782
f 1908/364/1783 2141/363/1783 2143/346/1783 1911/345/1783
f 2141/363/1784 2140/365/1784 2142/349/1784 2143/346/1784
f 2133/352/1785 1896/351/1785 1914/366/1785 2145/367/1785
f 2132/355/1786 2133/352/1786 2145/367/1786 2144/368/1786
f 2130/347/1787 2131/350/1787 2147/369/1787 2146/370/1787
f 1893/348/1788 2130/347/1788 2146/370/1788 1917/371/1788
f 2150/372/1789 1923/373/1789 1920/374/1789 2149/375/1789
f 2151/376/1790 2150/372/1790 2149/375/1790 2148/377/1790
f 2153/378/1791 2152/379/1791 2150/372/1791 2151/376/1791
f 2152/379/1792 1928/380/1792 1923/373/1792 2150/372/1792
f 2154/381/1793 1931/382/1793 1928/380/1793 2152/379/1793
f 2155/383/1794 2154/381/1794 2152/379/1794 2153/378/1794
f 2144/368/1795 2145/367/1795 2154/381/1795 2155/383/1795
f 2145/367/1796 1914/366/1796 1931/382/1796 2154/381/1796
f 2146/370/1797 2147/369/1797 2157/384/1797 2156/385/1797
f 1917/371/1798 2146/370/1798 2156/385/1798 1932/386/1798
f 2156/385/1799 2157/384/1799 2159/387/1799 2158/388/1799
f 1932/386/1800 2156/385/1800 2158/388/1800 1935/389/1800
f 2149/375/1801 1920/374/1801 1938/390/1801 2161/391/1801
f 2148/377/1802 2149/375/1802 2161/391/1802 2160/392/1802
f 2161/391/1803 1938/390/1803 1941/393/1803 2163/394/1803
f 2160/392/1804 2161/391/1804 2163/394/1804 2162/395/1804
f 2163/394/1805 1941/393/1805 1944/396/1805 2165/397/1805
f 2162/395/1806 2163/394/1806 2165/397/1806 2164/398/1806
f 2165/397/1807 1944/396/1807 1947/399/1807 2167/400/1807
f 2164/398/1808 2165/397/1808 2167/400/1808 2166/401/1808
f 2167/400/1809 1947/399/1809 1950/402/1809 2169/403/1809
f 2166/401/1810 2167/400/1810 2169/403/1810 2168/404/1810
f 2169/403/1811 1950/402/1811 1953/405/1811 2171/406/1811
f 2168/404/1812 2169/403/1812 2171/406/1812 2170/407/1812
f 2171/406/1813 1953/405/1813 2000/408/1813 2174/409/1813
f 2170/407/1814 2171/406/1814 2174/409/1814 2173/410/1814
f 2174/409/1815 2000/408/1815 2003/411/1815 2176/412/1815
f 2173/410/1816 2174/409/1816 2176/412/1816 2175/413/1816
f 2176/412/1817 2003/411/1817 2006/414/1817 2178/415/1817
f 2175/413/1818 2176/412/1818 2178/415/1818 2177/416/1818
f 2184/417/1819 1998/418/1819 1997/419/1819 2179/420/1819
f 2252/421/1820 2091/422/1820 1998/418/1820 2184/417/1820
f 2269/423/1821 2110/424/1821 1996/425/1821 2186/426/1821
f 1996/425/1822 1995/427/1822 2185/428/1822 2186/426/1822
f 2117/429/1823 1992/430/1823 2187/431/1823 2274/432/1823
f 2114/433/1824 1994/434/1824 2188/435/1824 2272/436/1824
f 1989/437/1825 1993/438/1825 2189/439/1825 2190/440/1825
f 2191/441/1826 1991/442/1826 1989/437/1826 2190/440/1826
f 2193/443/1827 1984/444/1827 1990/445/1827 2192/446/1827
f 1990/445/1828 1991/442/1828 2191/441/1828 2192/446/1828
f 1984/444/1829 2193/443/1829 1986/447/1829
f 2194/448/1830 1983/449/1830 1986/447/1830 2193/443/1830
f 2193/443/1831 2192/446/1831 2194/448/1831
f 2196/450/1832 1982/451/1832 1985/452/1832 2195/453/1832
f 1985/452/1833 1983/449/1833 2194/448/1833 2195/453/1833
f 2196/450/1834 2197/454/1834 1982/451/1834
f 2199/455/1835 2172/456/1835 2198/457/1835
f 2172/456/1836 1988/458/1836 2198/457/1836
f 1988/458/1837 1982/451/1837 2197/454/1837 2198/457/1837
f 2191/441/1838 2195/453/1838 2194/448/1838 2192/446/1838
f 2205/459/1839 2200/460/1839 2199/455/1839 2198/457/1839
f 2198/457/1840 2197/454/1840 2205/459/1840
f 2201/461/1841 2200/460/1841 2205/459/1841 2206/462/1841
f 2205/459/1842 2197/454/1842 2206/462/1842
f 2208/463/1843 2207/464/1843 2206/462/1843 2197/454/1843
f 2202/465/1844 2201/461/1844 2206/462/1844 2207/464/1844
f 2209/466/1845 2208/463/1845 2197/454/1845 2196/450/1845
f 2195/453/1846 2191/441/1846 2196/450/1846
f 2190/440/1847 2209/466/1847 2196/450/1847 2191/441/1847
f 2203/467/1848 2202/465/1848 2207/464/1848 2210/468/1848
f 2208/463/1849 2211/469/1849 2210/468/1849 2207/464/1849
f 2209/466/1850 2211/469/1850 2208/463/1850
f 2204/470/1851 2203/467/1851 2213/471/1851
f 2213/471/1852 2203/467/1852 2212/472/1852
f 2214/473/1853 2212/472/1853 2203/467/1853
f 2203/467/1854 2210/468/1854 2214/473/1854
f 2158/388/1855 2211/469/1855 1935/389/1855
f 2211/469/1856 2158/388/1856 2210/468/1856
f 2214/473/1857 2210/468/1857 2158/388/1857
f 2158/388/1858 2159/387/1858 2214/473/1858
f 2214/473/1859 2159/387/1859 2212/472/1859
f 2212/472/1860 2159/387/1860 2213/471/1860
f 2213/471/1861 2159/387/1861 2204/470/1861
f 1956/474/1862 1935/389/1862 2211/469/1862
f 2211/469/1863 2209/466/1863 1956/474/1863
f 1956/474/1864 2209/466/1864 2215/475/1864
f 2217/476/1865 2216/477/1865 2190/440/1865 2189/439/1865
f 2190/440/1866 2216/477/1866 2215/475/1866 2209/466/1866
f 2215/475/1867 2218/478/1867 1956/474/1867
f 1958/479/1868 1959/480/1868 2220/481/1868 2221/482/1868
f 1959/480/1869 1957/483/1869 2219/484/1869 2220/481/1869
f 1957/483/1870 1960/485/1870 2218/478/1870 2219/484/1870
f 1960/485/1871 1956/474/1871 2218/478/1871
f 2221/482/1872 2058/486/1872 1958/479/1872
f 2058/486/1873 2221/482/1873 2220/481/1873 1962/487/1873
f 1961/488/1874 1962/487/1874 2222/489/1874 2223/490/1874
f 2220/481/1875 2222/489/1875 1962/487/1875
f 2220/481/1876 2219/484/1876 2222/489/1876
f 2218/478/1877 2223/490/1877 2222/489/1877 2219/484/1877
f 2218/478/1878 2215/475/1878 2223/490/1878
f 1964/491/1879 1961/488/1879 2223/490/1879 2224/492/1879
f 1963/493/1880 1964/491/1880 2224/492/1880 2225/494/1880
f 2216/477/1881 2224/492/1881 2223/490/1881 2215/475/1881
f 1966/495/1882 1963/493/1882 2225/494/1882 2226/496/1882
f 1965/497/1883 1966/495/1883 2226/496/1883 2227/498/1883
f 2224/492/1884 2216/477/1884 2225/494/1884
f 2217/476/1885 2226/496/1885 2225/494/1885 2216/477/1885
f 1967/499/1886 1968/500/1886 2232/501/1886 2233/502/1886
f 2106/503/1887 1969/504/1887 2231/505/1887 2266/506/1887
f 1969/504/1888 1970/507/1888 2230/508/1888 2231/505/1888
f 1970/507/1889 1972/509/1889 2229/510/1889 2230/508/1889
f 1972/509/1890 1971/511/1890 2228/512/1890 2229/510/1890
f 1971/511/1891 1965/497/1891 2227/498/1891 2228/512/1891
f 1973/513/1892 1967/499/1892 2233/502/1892 2234/514/1892
f 2182/515/1893 2010/516/1893 2009/517/1893 2183/518/1893
f 2237/519/1894 2238/520/1894 1976/521/1894
f 1976/521/1895 1974/522/1895 2236/523/1895 2237/519/1895
f 1974/522/1896 1975/524/1896 2235/525/1896 2236/523/1896
f 1975/524/1897 1973/513/1897 2234/514/1897 2235/525/1897
f 2238/520/1898 2239/526/1898 1976/521/1898
f 1977/527/1899 1976/521/1899 2239/526/1899 2240/528/1899
f 1981/529/1900 1977/527/1900 2240/528/1900 2241/530/1900
f 1978/531/1901 1981/529/1901 2241/530/1901 2242/532/1901
f 1980/533/1902 1978/531/1902 2242/532/1902 2243/534/1902
f 1979/535/1903 1980/533/1903 2243/534/1903 2244/536/1903
f 2011/537/1904 1979/535/1904 2244/536/1904 2245/538/1904
f 2012/539/1905 2011/537/1905 2245/538/1905 2246/540/1905
f 2013/541/1906 2012/539/1906 2246/540/1906 2247/542/1906
f 2014/543/1907 2013/541/1907 2247/542/1907 2248/544/1907
f 2249/545/1908 2087/546/1908 2014/543/1908 2248/544/1908
f 2087/546/1909 2249/545/1909 2178/415/1909 2006/414/1909
f 2183/518/1910 2251/547/1910 2182/515/1910
f 2249/545/1911 2251/547/1911 2178/415/1911
f 2249/545/1912 2248/544/1912 2251/547/1912
f 2248/544/1913 2247/542/1913 2251/547/1913
f 2182/515/1914 2251/547/1914 2181/548/1914
f 2251/547/1915 2247/542/1915 2256/549/1915 2181/548/1915
f 2010/516/1916 2182/515/1916 2181/548/1916 1999/550/1916
f 2090/551/1917 2006/414/1917 2178/415/1917 2251/547/1917
f 2009/517/1918 2090/551/1918 2251/547/1918 2183/518/1918
f 1997/419/1919 2180/552/1919 2179/420/1919
f 1999/550/1920 2181/548/1920 2180/552/1920 1997/419/1920
f 2256/549/1921 2247/542/1921 2246/540/1921 2257/553/1921
f 2257/553/1922 2246/540/1922 2245/538/1922 2258/554/1922
f 2245/538/1923 2244/536/1923 2179/420/1923 2258/554/1923
f 2244/536/1924 2243/534/1924 2179/420/1924
f 2179/420/1925 2243/534/1925 2242/532/1925 2253/555/1925
f 2185/428/1926 1995/427/1926 2091/422/1926 2252/421/1926
f 2254/556/1927 2252/421/1927 2184/417/1927 2253/555/1927
f 2254/556/1928 2241/530/1928 2240/528/1928 2255/557/1928
f 2252/421/1929 2254/556/1929 2255/557/1929 2185/428/1929
f 2241/530/1930 2254/556/1930 2253/555/1930 2242/532/1930
f 2179/420/1931 2253/555/1931 2184/417/1931
f 2180/552/1932 2257/553/1932 2258/554/1932 2179/420/1932
f 2181/548/1933 2256/549/1933 2257/553/1933 2180/552/1933
f 2259/558/1934 2255/557/1934 2240/528/1934 2239/526/1934
f 2186/426/1935 2185/428/1935 2255/557/1935 2259/558/1935
f 2234/514/1936 2233/502/1936 2260/559/1936
f 2233/502/1937 2232/501/1937 2260/559/1937
f 2235/525/1938 2234/514/1938 2260/559/1938 2261/560/1938
f 2236/523/1939 2235/525/1939 2261/560/1939 2262/561/1939
f 2237/519/1940 2236/523/1940 2262/561/1940 2263/562/1940
f 2238/520/1941 2237/519/1941 2263/562/1941 2264/563/1941
f 2259/558/1942 2239/526/1942 2238/520/1942 2265/564/1942
f 1968/500/1943 2106/503/1943 2266/506/1943 2232/501/1943
f 2266/506/1944 2261/560/1944 2260/559/1944 2232/501/1944
f 2261/560/1945 2266/506/1945 2231/505/1945 2262/561/1945
f 2230/508/1946 2263/562/1946 2262/561/1946 2231/505/1946
f 2264/563/1947 2263/562/1947 2230/508/1947 2267/565/1947
f 2268/566/1948 2267/565/1948 2230/508/1948 2229/510/1948
f 2187/431/1949 1992/430/1949 2110/424/1949 2269/423/1949
f 2186/426/1950 2259/558/1950 2265/564/1950 2269/423/1950
f 2187/431/1951 2269/423/1951 2265/564/1951 2270/567/1951
f 1993/438/1952 2114/433/1952 2272/436/1952 2189/439/1952
f 2227/498/1953 2226/496/1953 2217/476/1953 2271/568/1953
f 2272/436/1954 2271/568/1954 2217/476/1954 2189/439/1954
f 2228/512/1955 2227/498/1955 2271/568/1955 2273/569/1955
f 2188/435/1956 2273/569/1956 2271/568/1956 2272/436/1956
f 2274/432/1957 2187/431/1957 2270/567/1957 2275/570/1957
f 2228/512/1958 2273/569/1958 2268/566/1958 2229/510/1958
f 2188/435/1959 2274/432/1959 2275/570/1959 2273/569/1959
f 1994/434/1960 2117/429/1960 2274/432/1960 2188/435/1960
f 2273/569/1961 2275/570/1961 2268/566/1961
f 2275/570/1962 2270/567/1962 2267/565/1962 2268/566/1962
f 2267/565/1963 2270/567/1963 2264/563/1963
f 2264/563/1964 2270/567/1964 2265/564/1964 2238/520/1964
f 2251/547/1965 2277/571/1965 2250/572/1965 2178/415/1965
f 2183/518/1966 2276/573/1966 2277/571/1966 2251/547/1966
f 2009/517/1967 2120/574/1967 2276/573/1967 2183/518/1967
f 2177/416/1968 2178/415/1968 2250/572/1968 2278/575/1968
f 2276/573/1969 2120/574/1969 2125/576/1969
f 2124/577/1970 2276/573/1970 2125/576/1970
f 2277/571/1971 2276/573/1971 2124/577/1971 2126/578/1971
f 2127/579/1972 2250/572/1972 2277/571/1972 2126/578/1972
f 2279/580/1973 2278/575/1973 2250/572/1973 2127/579/1973
f 2127/579/1974 2280/581/1974 2279/580/1974
f 2293/582/1975 2294/585/1975 2282/584/1975 2281/583/1975
f 2294/585/1976 1912/349/1976 1895/350/1976 2282/584/1976
f 2283/586/1977 2284/589/1977 2286/588/1977 2285/587/1977
f 2284/589/1978 1897/355/1978 1900/356/1978 2286/588/1978
f 2285/587/1979 2286/588/1979 2288/591/1979 2287/590/1979
f 2286/588/1980 1900/356/1980 1903/359/1980 2288/591/1980
f 2287/590/1981 2288/591/1981 2290/593/1981 2289/592/1981
f 2288/591/1982 1903/359/1982 1906/362/1982 2290/593/1982
f 2289/592/1983 2290/593/1983 2292/595/1983 2291/594/1983
f 2290/593/1984 1906/362/1984 1909/365/1984 2292/595/1984
f 2291/594/1985 2292/595/1985 2294/585/1985 2293/582/1985
f 2292/595/1986 1909/365/1986 1912/349/1986 2294/585/1986
f 2284/589/1987 2283/586/1987 2295/597/1987 2296/596/1987
f 1897/355/1988 2284/589/1988 2296/596/1988 1915/368/1988
f 2282/584/1989 1895/350/1989 1919/369/1989 2298/598/1989
f 2281/583/1990 2282/584/1990 2298/598/1990 2297/599/1990
f 2302/600/1991 2301/603/1991 2299/602/1991 2300/601/1991
f 1925/376/1992 2302/600/1992 2300/601/1992 1921/377/1992
f 1927/378/1993 2303/604/1993 2302/600/1993 1925/376/1993
f 2303/604/1994 2304/605/1994 2301/603/1994 2302/600/1994
f 2305/606/1995 2306/607/1995 2304/605/1995 2303/604/1995
f 1930/383/1996 2305/606/1996 2303/604/1996 1927/378/1996
f 1915/368/1997 2296/596/1997 2305/606/1997 1930/383/1997
f 2296/596/1998 2295/597/1998 2306/607/1998 2305/606/1998
f 2298/598/1999 1919/369/1999 1934/384/1999 2308/608/1999
f 2297/599/2000 2298/598/2000 2308/608/2000 2307/609/2000
f 2308/608/2001 1934/384/2001 1937/387/2001 2310/610/2001
f 2307/609/2002 2308/608/2002 2310/610/2002 2309/611/2002
f 2300/601/2003 2299/602/2003 2311/613/2003 2312/612/2003
f 1921/377/2004 2300/601/2004 2312/612/2004 1939/392/2004
f 2312/612/2005 2311/613/2005 2313/615/2005 2314/614/2005
f 1939/392/2006 2312/612/2006 2314/614/2006 1942/395/2006
f 2314/614/2007 2313/615/2007 2315/617/2007 2316/616/2007
f 1942/395/2008 2314/614/2008 2316/616/2008 1945/398/2008
f 2316/616/2009 2315/617/2009 2317/619/2009 2318/618/2009
f 1945/398/2010 2316/616/2010 2318/618/2010 1948/401/2010
f 2318/618/2011 2317/619/2011 2319/621/2011 2320/620/2011
f 1948/401/2012 2318/618/2012 2320/620/2012 1951/404/2012
f 2320/620/2013 2319/621/2013 2321/623/2013 2322/622/2013
f 1951/404/2014 2320/620/2014 2322/622/2014 1954/407/2014
f 2322/622/2015 2321/623/2015 2366/625/2015 2367/624/2015
f 1954/407/2016 2322/622/2016 2367/624/2016 2001/410/2016
f 2367/624/2017 2366/625/2017 2368/627/2017 2369/626/2017
f 2001/410/2018 2367/624/2018 2369/626/2018 2004/413/2018
f 2369/626/2019 2368/627/2019 2370/629/2019 2371/628/2019
f 2004/413/2020 2369/626/2020 2371/628/2020 2007/416/2020
f 2383/630/2021 2364/633/2021 2363/632/2021 2378/631/2021
f 2449/634/2022 2448/635/2022 2364/633/2022 2383/630/2022
f 2468/636/2023 2467/639/2023 2362/638/2023 2385/637/2023
f 2362/638/2024 2361/641/2024 2384/640/2024 2385/637/2024
f 2474/642/2025 2358/645/2025 2386/644/2025 2475/643/2025
f 2471/646/2026 2360/649/2026 2387/648/2026 2472/647/2026
f 2355/650/2027 2359/653/2027 2388/652/2027 2389/651/2027
f 2390/654/2028 2357/655/2028 2355/650/2028 2389/651/2028
f 2392/656/2029 2351/659/2029 2356/658/2029 2391/657/2029
f 2356/658/2030 2357/655/2030 2390/654/2030 2391/657/2030
f 2351/659/2031 2392/656/2031 2353/660/2031
f 2393/661/2032 2350/662/2032 2353/660/2032 2392/656/2032
f 2392/656/2033 2391/657/2033 2393/661/2033
f 2395/663/2034 2349/666/2034 2352/665/2034 2394/664/2034
f 2352/665/2035 2350/662/2035 2393/661/2035 2394/664/2035
f 2395/663/2036 2396/667/2036 2349/666/2036
f 2035/455/2037 1987/456/2037 2397/668/2037
f 1987/456/2038 2354/669/2038 2397/668/2038
f 2354/669/2039 2349/666/2039 2396/667/2039 2397/668/2039
f 2390/654/2040 2394/664/2040 2393/661/2040 2391/657/2040
f 2398/670/2041 2036/460/2041 2035/455/2041 2397/668/2041
f 2397/668/2042 2396/667/2042 2398/670/2042
f 2037/461/2043 2036/460/2043 2398/670/2043 2399/671/2043
f 2398/670/2044 2396/667/2044 2399/671/2044
f 2401/672/2045 2400/673/2045 2399/671/2045 2396/667/2045
f 2038/465/2046 2037/461/2046 2399/671/2046 2400/673/2046
f 2402/674/2047 2401/672/2047 2396/667/2047 2395/663/2047
f 2394/664/2048 2390/654/2048 2395/663/2048
f 2389/651/2049 2402/674/2049 2395/663/2049 2390/654/2049
f 2039/467/2050 2038/465/2050 2400/673/2050 2403/675/2050
f 2401/672/2051 2404/676/2051 2403/675/2051 2400/673/2051
f 2402/674/2052 2404/676/2052 2401/672/2052
f 2040/470/2053 2039/467/2053 2406/677/2053
f 2406/677/2054 2039/467/2054 2405/678/2054
f 2407/679/2055 2405/678/2055 2039/467/2055
f 2039/467/2056 2403/675/2056 2407/679/2056
f 2310/610/2057 2404/676/2057 2309/611/2057
f 2404/676/2058 2310/610/2058 2403/675/2058
f 2407/679/2059 2403/675/2059 2310/610/2059
f 2310/610/2060 1937/387/2060 2407/679/2060
f 2407/679/2061 1937/387/2061 2405/678/2061
f 2405/678/2062 1937/387/2062 2406/677/2062
f 2406/677/2063 1937/387/2063 2040/470/2063
f 2323/680/2064 2309/611/2064 2404/676/2064
f 2404/676/2065 2402/674/2065 2323/680/2065
f 2323/680/2066 2402/674/2066 2408/681/2066
f 2410/682/2067 2409/683/2067 2389/651/2067 2388/652/2067
f 2389/651/2068 2409/683/2068 2408/681/2068 2402/674/2068
f 2408/681/2069 2411/684/2069 2323/680/2069
f 2325/685/2070 2326/688/2070 2413/687/2070 2414/686/2070
f 2326/688/2071 2324/690/2071 2412/689/2071 2413/687/2071
f 2324/690/2072 2327/691/2072 2411/684/2072 2412/689/2072
f 2327/691/2073 2323/680/2073 2411/684/2073
f 2414/686/2074 2415/692/2074 2325/685/2074
f 2415/692/2075 2414/686/2075 2413/687/2075 2329/693/2075
f 2328/694/2076 2329/693/2076 2416/696/2076 2417/695/2076
f 2413/687/2077 2416/696/2077 2329/693/2077
f 2413/687/2078 2412/689/2078 2416/696/2078
f 2411/684/2079 2417/695/2079 2416/696/2079 2412/689/2079
f 2411/684/2080 2408/681/2080 2417/695/2080
f 2331/697/2081 2328/694/2081 2417/695/2081 2418/698/2081
f 2330/699/2082 2331/697/2082 2418/698/2082 2419/700/2082
f 2409/683/2083 2418/698/2083 2417/695/2083 2408/681/2083
f 2333/701/2084 2330/699/2084 2419/700/2084 2420/702/2084
f 2332/703/2085 2333/701/2085 2420/702/2085 2421/704/2085
f 2418/698/2086 2409/683/2086 2419/700/2086
f 2410/682/2087 2420/702/2087 2419/700/2087 2409/683/2087
f 2334/705/2088 2335/708/2088 2426/707/2088 2427/706/2088
f 2463/709/2089 2336/712/2089 2425/711/2089 2464/710/2089
f 2336/712/2090 2337/714/2090 2424/713/2090 2425/711/2090
f 2337/714/2091 2339/716/2091 2423/715/2091 2424/713/2091
f 2339/716/2092 2338/718/2092 2422/717/2092 2423/715/2092
f 2338/718/2093 2332/703/2093 2421/704/2093 2422/717/2093
f 2340/719/2094 2334/705/2094 2427/706/2094 2428/720/2094
f 2381/721/2095 2373/724/2095 2372/723/2095 2382/722/2095
f 2431/725/2096 2432/727/2096 2343/726/2096
f 2343/726/2097 2341/729/2097 2430/728/2097 2431/725/2097
f 2341/729/2098 2342/731/2098 2429/730/2098 2430/728/2098
f 2342/731/2099 2340/719/2099 2428/720/2099 2429/730/2099
f 2432/727/2100 2433/732/2100 2343/726/2100
f 2344/733/2101 2343/726/2101 2433/732/2101 2434/734/2101
f 2348/735/2102 2344/733/2102 2434/734/2102 2435/736/2102
f 2345/737/2103 2348/735/2103 2435/736/2103 2436/738/2103
f 2347/739/2104 2345/737/2104 2436/738/2104 2437/740/2104
f 2346/741/2105 2347/739/2105 2437/740/2105 2438/742/2105
f 2374/743/2106 2346/741/2106 2438/742/2106 2439/744/2106
f 2375/745/2107 2374/743/2107 2439/744/2107 2440/746/2107
f 2376/747/2108 2375/745/2108 2440/746/2108 2441/748/2108
f 2377/749/2109 2376/747/2109 2441/748/2109 2442/750/2109
f 2443/751/2110 2444/752/2110 2377/749/2110 2442/750/2110
f 2444/752/2111 2443/751/2111 2371/628/2111 2370/629/2111
f 2382/722/2112 2446/753/2112 2381/721/2112
f 2443/751/2113 2446/753/2113 2371/628/2113
f 2443/751/2114 2442/750/2114 2446/753/2114
f 2442/750/2115 2441/748/2115 2446/753/2115
f 2381/721/2116 2446/753/2116 2380/754/2116
f 2446/753/2117 2441/748/2117 2453/755/2117 2380/754/2117
f 2373/724/2118 2381/721/2118 2380/754/2118 2365/756/2118
f 2447/757/2119 2370/629/2119 2371/628/2119 2446/753/2119
f 2372/723/2120 2447/757/2120 2446/753/2120 2382/722/2120
f 2363/632/2121 2379/758/2121 2378/631/2121
f 2365/756/2122 2380/754/2122 2379/758/2122 2363/632/2122
f 2453/755/2123 2441/748/2123 2440/746/2123 2454/759/2123
f 2454/759/2124 2440/746/2124 2439/744/2124 2455/760/2124
f 2439/744/2125 2438/742/2125 2378/631/2125 2455/760/2125
f 2438/742/2126 2437/740/2126 2378/631/2126
f 2378/631/2127 2437/740/2127 2436/738/2127 2450/761/2127
f 2384/640/2128 2361/641/2128 2448/635/2128 2449/634/2128
f 2451/762/2129 2449/634/2129 2383/630/2129 2450/761/2129
f 2451/762/2130 2435/736/2130 2434/734/2130 2452/763/2130
f 2449/634/2131 2451/762/2131 2452/763/2131 2384/640/2131
f 2435/736/2132 2451/762/2132 2450/761/2132 2436/738/2132
f 2378/631/2133 2450/761/2133 2383/630/2133
f 2379/758/2134 2454/759/2134 2455/760/2134 2378/631/2134
f 2380/754/2135 2453/755/2135 2454/759/2135 2379/758/2135
f 2456/764/2136 2452/763/2136 2434/734/2136 2433/732/2136
f 2385/637/2137 2384/640/2137 2452/763/2137 2456/764/2137
f 2428/720/2138 2427/706/2138 2457/765/2138
f 2427/706/2139 2426/707/2139 2457/765/2139
f 2429/730/2140 2428/720/2140 2457/765/2140 2458/766/2140
f 2430/728/2141 2429/730/2141 2458/766/2141 2459/767/2141
f 2431/725/2142 2430/728/2142 2459/767/2142 2460/768/2142
f 2432/727/2143 2431/725/2143 2460/768/2143 2461/769/2143
f 2456/764/2144 2433/732/2144 2432/727/2144 2462/770/2144
f 2335/708/2145 2463/709/2145 2464/710/2145 2426/707/2145
f 2464/710/2146 2458/766/2146 2457/765/2146 2426/707/2146
f 2458/766/2147 2464/710/2147 2425/711/2147 2459/767/2147
f 2424/713/2148 2460/768/2148 2459/767/2148 2425/711/2148
f 2461/769/2149 2460/768/2149 2424/713/2149 2465/771/2149
f 2466/772/2150 2465/771/2150 2424/713/2150 2423/715/2150
f 2386/644/2151 2358/645/2151 2467/639/2151 2468/636/2151
f 2385/637/2152 2456/764/2152 2462/770/2152 2468/636/2152
f 2386/644/2153 2468/636/2153 2462/770/2153 2469/773/2153
f 2359/653/2154 2471/646/2154 2472/647/2154 2388/652/2154
f 2421/704/2155 2420/702/2155 2410/682/2155 2470/774/2155
f 2472/647/2156 2470/774/2156 2410/682/2156 2388/652/2156
f 2422/717/2157 2421/704/2157 2470/774/2157 2473/775/2157
f 2387/648/2158 2473/775/2158 2470/774/2158 2472/647/2158
f 2475/643/2159 2386/644/2159 2469/773/2159 2476/776/2159
f 2422/717/2160 2473/775/2160 2466/772/2160 2423/715/2160
f 2387/648/2161 2475/643/2161 2476/776/2161 2473/775/2161
f 2360/649/2162 2474/642/2162 2475/643/2162 2387/648/2162
f 2473/775/2163 2476/776/2163 2466/772/2163
f 2476/776/2164 2469/773/2164 2465/771/2164 2466/772/2164
f 2465/771/2165 2469/773/2165 2461/769/2165
f 2461/769/2166 2469/773/2166 2462/770/2166 2432/727/2166
f 2446/753/2167 2479/778/2167 2445/777/2167 2371/628/2167
f 2382/722/2168 2478/779/2168 2479/778/2168 2446/753/2168
f 2372/723/2169 2477/780/2169 2478/779/2169 2382/722/2169
f 2007/416/2170 2371/628/2170 2445/777/2170 2123/575/2170
f 2478/779/2171 2477/780/2171 2481/781/2171
f 2480/782/2172 2478/779/2172 2481/781/2172
f 2479/778/2173 2478/779/2173 2480/782/2173 2482/783/2173
f 2483/784/2174 2445/777/2174 2479/778/2174 2482/783/2174
f 2128/580/2175 2123/575/2175 2445/777/2175 2483/784/2175
f 2483/784/2176 2129/581/2176 2128/580/2176
f 2293/582/2177 2281/583/2177 2484/584/2177 2490/585/2177
f 2490/585/2178 2484/584/2178 2131/350/2178 2142/349/2178
f 2283/586/2179 2285/587/2179 2486/588/2179 2485/589/2179
f 2485/589/2180 2486/588/2180 2134/356/2180 2132/355/2180
f 2285/587/2181 2287/590/2181 2487/591/2181 2486/588/2181
f 2486/588/2182 2487/591/2182 2136/359/2182 2134/356/2182
f 2287/590/2183 2289/592/2183 2488/593/2183 2487/591/2183
f 2487/591/2184 2488/593/2184 2138/362/2184 2136/359/2184
f 2289/592/2185 2291/594/2185 2489/595/2185 2488/593/2185
f 2488/593/2186 2489/595/2186 2140/365/2186 2138/362/2186
f 2291/594/2187 2293/582/2187 2490/585/2187 2489/595/2187
f 2489/595/2188 2490/585/2188 2142/349/2188 2140/365/2188
f 2485/589/2189 2491/596/2189 2295/597/2189 2283/586/2189
f 2132/355/2190 2144/368/2190 2491/596/2190 2485/589/2190
f 2484/584/2191 2492/598/2191 2147/369/2191 2131/350/2191
f 2281/583/2192 2297/599/2192 2492/598/2192 2484/584/2192
f 2494/600/2193 2493/601/2193 2299/602/2193 2301/603/2193
f 2151/376/2194 2148/377/2194 2493/601/2194 2494/600/2194
f 2153/378/2195 2151/376/2195 2494/600/2195 2495/604/2195
f 2495/604/2196 2494/600/2196 2301/603/2196 2304/605/2196
f 2496/606/2197 2495/604/2197 2304/605/2197 2306/607/2197
f 2155/383/2198 2153/378/2198 2495/604/2198 2496/606/2198
f 2144/368/2199 2155/383/2199 2496/606/2199 2491/596/2199
f 2491/596/2200 2496/606/2200 2306/607/2200 2295/597/2200
f 2492/598/2201 2497/608/2201 2157/384/2201 2147/369/2201
f 2297/599/2202 2307/609/2202 2497/608/2202 2492/598/2202
f 2497/608/2203 2498/610/2203 2159/387/2203 2157/384/2203
f 2307/609/2204 2309/611/2204 2498/610/2204 2497/608/2204
f 2493/601/2205 2499/612/2205 2311/613/2205 2299/602/2205
f 2148/377/2206 2160/392/2206 2499/612/2206 2493/601/2206
f 2499/612/2207 2500/614/2207 2313/615/2207 2311/613/2207
f 2160/392/2208 2162/395/2208 2500/614/2208 2499/612/2208
f 2500/614/2209 2501/616/2209 2315/617/2209 2313/615/2209
f 2162/395/2210 2164/398/2210 2501/616/2210 2500/614/2210
f 2501/616/2211 2502/618/2211 2317/619/2211 2315/617/2211
f 2164/398/2212 2166/401/2212 2502/618/2212 2501/616/2212
f 2502/618/2213 2503/620/2213 2319/621/2213 2317/619/2213
f 2166/401/2214 2168/404/2214 2503/620/2214 2502/618/2214
f 2503/620/2215 2504/622/2215 2321/623/2215 2319/621/2215
f 2168/404/2216 2170/407/2216 2504/622/2216 2503/620/2216
f 2504/622/2217 2505/624/2217 2366/625/2217 2321/623/2217
f 2170/407/2218 2173/410/2218 2505/624/2218 2504/622/2218
f 2505/624/2219 2506/626/2219 2368/627/2219 2366/625/2219
f 2173/410/2220 2175/413/2220 2506/626/2220 2505/624/2220
f 2506/626/2221 2507/628/2221 2370/629/2221 2368/627/2221
f 2175/413/2222 2177/416/2222 2507/628/2222 2506/626/2222
f 2513/630/2223 2508/631/2223 2363/632/2223 2364/633/2223
f 2575/634/2224 2513/630/2224 2364/633/2224 2448/635/2224
f 2592/636/2225 2515/637/2225 2362/638/2225 2467/639/2225
f 2362/638/2226 2515/637/2226 2514/640/2226 2361/641/2226
f 2474/642/2227 2597/643/2227 2516/644/2227 2358/645/2227
f 2471/646/2228 2595/647/2228 2517/648/2228 2360/649/2228
f 2355/650/2229 2519/651/2229 2518/652/2229 2359/653/2229
f 2520/654/2230 2519/651/2230 2355/650/2230 2357/655/2230
f 2522/656/2231 2521/657/2231 2356/658/2231 2351/659/2231
f 2356/658/2232 2521/657/2232 2520/654/2232 2357/655/2232
f 2351/659/2233 2353/660/2233 2522/656/2233
f 2523/661/2234 2522/656/2234 2353/660/2234 2350/662/2234
f 2522/656/2235 2523/661/2235 2521/657/2235
f 2525/663/2236 2524/664/2236 2352/665/2236 2349/666/2236
f 2352/665/2237 2524/664/2237 2523/661/2237 2350/662/2237
f 2525/663/2238 2349/666/2238 2526/667/2238
f 2199/455/2239 2527/668/2239 2172/456/2239
f 2172/456/2240 2527/668/2240 2354/669/2240
f 2354/669/2241 2527/668/2241 2526/667/2241 2349/666/2241
f 2520/654/2242 2521/657/2242 2523/661/2242 2524/664/2242
f 2528/670/2243 2527/668/2243 2199/455/2243 2200/460/2243
f 2527/668/2244 2528/670/2244 2526/667/2244
f 2201/461/2245 2529/671/2245 2528/670/2245 2200/460/2245
f 2528/670/2246 2529/671/2246 2526/667/2246
f 2531/672/2247 2526/667/2247 2529/671/2247 2530/673/2247
f 2202/465/2248 2530/673/2248 2529/671/2248 2201/461/2248
f 2532/674/2249 2525/663/2249 2526/667/2249 2531/672/2249
f 2524/664/2250 2525/663/2250 2520/654/2250
f 2519/651/2251 2520/654/2251 2525/663/2251 2532/674/2251
f 2203/467/2252 2533/675/2252 2530/673/2252 2202/465/2252
f 2531/672/2253 2530/673/2253 2533/675/2253 2534/676/2253
f 2532/674/2254 2531/672/2254 2534/676/2254
f 2204/470/2255 2536/677/2255 2203/467/2255
f 2536/677/2256 2535/678/2256 2203/467/2256
f 2537/679/2257 2203/467/2257 2535/678/2257
f 2203/467/2258 2537/679/2258 2533/675/2258
f 2498/610/2259 2309/611/2259 2534/676/2259
f 2534/676/2260 2533/675/2260 2498/610/2260
f 2537/679/2261 2498/610/2261 2533/675/2261
f 2498/610/2262 2537/679/2262 2159/387/2262
f 2537/679/2263 2535/678/2263 2159/387/2263
f 2535/678/2264 2536/677/2264 2159/387/2264
f 2536/677/2265 2204/470/2265 2159/387/2265
f 2323/680/2266 2534/676/2266 2309/611/2266
f 2534/676/2267 2323/680/2267 2532/674/2267
f 2323/680/2268 2538/681/2268 2532/674/2268
f 2540/682/2269 2518/652/2269 2519/651/2269 2539/683/2269
f 2519/651/2270 2532/674/2270 2538/681/2270 2539/683/2270
f 2538/681/2271 2323/680/2271 2541/684/2271
f 2325/685/2272 2544/686/2272 2543/687/2272 2326/688/2272
f 2326/688/2273 2543/687/2273 2542/689/2273 2324/690/2273
f 2324/690/2274 2542/689/2274 2541/684/2274 2327/691/2274
f 2327/691/2275 2541/684/2275 2323/680/2275
f 2544/686/2276 2325/685/2276 2415/692/2276
f 2415/692/2277 2329/693/2277 2543/687/2277 2544/686/2277
f 2328/694/2278 2546/695/2278 2545/696/2278 2329/693/2278
f 2543/687/2279 2329/693/2279 2545/696/2279
f 2543/687/2280 2545/696/2280 2542/689/2280
f 2541/684/2281 2542/689/2281 2545/696/2281 2546/695/2281
f 2541/684/2282 2546/695/2282 2538/681/2282
f 2331/697/2283 2547/698/2283 2546/695/2283 2328/694/2283
f 2330/699/2284 2548/700/2284 2547/698/2284 2331/697/2284
f 2539/683/2285 2538/681/2285 2546/695/2285 2547/698/2285
f 2333/701/2286 2549/702/2286 2548/700/2286 2330/699/2286
f 2332/703/2287 2550/704/2287 2549/702/2287 2333/701/2287
f 2547/698/2288 2548/700/2288 2539/683/2288
f 2540/682/2289 2539/683/2289 2548/700/2289 2549/702/2289
f 2334/705/2290 2556/706/2290 2555/707/2290 2335/708/2290
f 2463/709/2291 2589/710/2291 2554/711/2291 2336/712/2291
f 2336/712/2292 2554/711/2292 2553/713/2292 2337/714/2292
f 2337/714/2293 2553/713/2293 2552/715/2293 2339/716/2293
f 2339/716/2294 2552/715/2294 2551/717/2294 2338/718/2294
f 2338/718/2295 2551/717/2295 2550/704/2295 2332/703/2295
f 2340/719/2296 2557/720/2296 2556/706/2296 2334/705/2296
f 2511/721/2297 2512/722/2297 2372/723/2297 2373/724/2297
f 2560/725/2298 2343/726/2298 2561/727/2298
f 2343/726/2299 2560/725/2299 2559/728/2299 2341/729/2299
f 2341/729/2300 2559/728/2300 2558/730/2300 2342/731/2300
f 2342/731/2301 2558/730/2301 2557/720/2301 2340/719/2301
f 2561/727/2302 2343/726/2302 2562/732/2302
f 2344/733/2303 2563/734/2303 2562/732/2303 2343/726/2303
f 2348/735/2304 2564/736/2304 2563/734/2304 2344/733/2304
f 2345/737/2305 2565/738/2305 2564/736/2305 2348/735/2305
f 2347/739/2306 2566/740/2306 2565/738/2306 2345/737/2306
f 2346/741/2307 2567/742/2307 2566/740/2307 2347/739/2307
f 2374/743/2308 2568/744/2308 2567/742/2308 2346/741/2308
f 2375/745/2309 2569/746/2309 2568/744/2309 2374/743/2309
f 2376/747/2310 2570/748/2310 2569/746/2310 2375/745/2310
f 2377/749/2311 2571/750/2311 2570/748/2311 2376/747/2311
f 2572/751/2312 2571/750/2312 2377/749/2312 2444/752/2312
f 2444/752/2313 2370/629/2313 2507/628/2313 2572/751/2313
f 2512/722/2314 2511/721/2314 2574/753/2314
f 2572/751/2315 2507/628/2315 2574/753/2315
f 2572/751/2316 2574/753/2316 2571/750/2316
f 2571/750/2317 2574/753/2317 2570/748/2317
f 2511/721/2318 2510/754/2318 2574/753/2318
f 2574/753/2319 2510/754/2319 2579/755/2319 2570/748/2319
f 2373/724/2320 2365/756/2320 2510/754/2320 2511/721/2320
f 2447/757/2321 2574/753/2321 2507/628/2321 2370/629/2321
f 2372/723/2322 2512/722/2322 2574/753/2322 2447/757/2322
f 2363/632/2323 2508/631/2323 2509/758/2323
f 2365/756/2324 2363/632/2324 2509/758/2324 2510/754/2324
f 2579/755/2325 2580/759/2325 2569/746/2325 2570/748/2325
f 2580/759/2326 2581/760/2326 2568/744/2326 2569/746/2326
f 2568/744/2327 2581/760/2327 2508/631/2327 2567/742/2327
f 2567/742/2328 2508/631/2328 2566/740/2328
f 2508/631/2329 2576/761/2329 2565/738/2329 2566/740/2329
f 2514/640/2330 2575/634/2330 2448/635/2330 2361/641/2330
f 2577/762/2331 2576/761/2331 2513/630/2331 2575/634/2331
f 2577/762/2332 2578/763/2332 2563/734/2332 2564/736/2332
f 2575/634/2333 2514/640/2333 2578/763/2333 2577/762/2333
f 2564/736/2334 2565/738/2334 2576/761/2334 2577/762/2334
f 2508/631/2335 2513/630/2335 2576/761/2335
f 2509/758/2336 2508/631/2336 2581/760/2336 2580/759/2336
f 2510/754/2337 2509/758/2337 2580/759/2337 2579/755/2337
f 2582/764/2338 2562/732/2338 2563/734/2338 2578/763/2338
f 2515/637/2339 2582/764/2339 2578/763/2339 2514/640/2339
f 2557/720/2340 2583/765/2340 2556/706/2340
f 2556/706/2341 2583/765/2341 2555/707/2341
f 2558/730/2342 2584/766/2342 2583/765/2342 2557/720/2342
f 2559/728/2343 2585/767/2343 2584/766/2343 2558/730/2343
f 2560/725/2344 2586/768/2344 2585/767/2344 2559/728/2344
f 2561/727/2345 2587/769/2345 2586/768/2345 2560/725/2345
f 2582/764/2346 2588/770/2346 2561/727/2346 2562/732/2346
f 2335/708/2347 2555/707/2347 2589/710/2347 2463/709/2347
f 2589/710/2348 2555/707/2348 2583/765/2348 2584/766/2348
f 2584/766/2349 2585/767/2349 2554/711/2349 2589/710/2349
f 2553/713/2350 2554/711/2350 2585/767/2350 2586/768/2350
f 2587/769/2351 2590/771/2351 2553/713/2351 2586/768/2351
f 2591/772/2352 2552/715/2352 2553/713/2352 2590/771/2352
f 2516/644/2353 2592/636/2353 2467/639/2353 2358/645/2353
f 2515/637/2354 2592/636/2354 2588/770/2354 2582/764/2354
f 2516/644/2355 2593/773/2355 2588/770/2355 2592/636/2355
f 2359/653/2356 2518/652/2356 2595/647/2356 2471/646/2356
f 2550/704/2357 2594/774/2357 2540/682/2357 2549/702/2357
f 2595/647/2358 2518/652/2358 2540/682/2358 2594/774/2358
f 2551/717/2359 2596/775/2359 2594/774/2359 2550/704/2359
f 2517/648/2360 2595/647/2360 2594/774/2360 2596/775/2360
f 2597/643/2361 2598/776/2361 2593/773/2361 2516/644/2361
f 2551/717/2362 2552/715/2362 2591/772/2362 2596/775/2362
f 2517/648/2363 2596/775/2363 2598/776/2363 2597/643/2363
f 2360/649/2364 2517/648/2364 2597/643/2364 2474/642/2364
f 2596/775/2365 2591/772/2365 2598/776/2365
f 2598/776/2366 2591/772/2366 2590/771/2366 2593/773/2366
f 2590/771/2367 2587/769/2367 2593/773/2367
f 2587/769/2368 2561/727/2368 2588/770/2368 2593/773/2368
f 2574/753/2369 2507/628/2369 2573/777/2369 2600/778/2369
f 2512/722/2370 2574/753/2370 2600/778/2370 2599/779/2370
f 2372/723/2371 2512/722/2371 2599/779/2371 2477/780/2371
f 2177/416/2372 2278/575/2372 2573/777/2372 2507/628/2372
f 2599/779/2373 2481/781/2373 2477/780/2373
f 2480/782/2374 2481/781/2374 2599/779/2374
f 2600/778/2375 2482/783/2375 2480/782/2375 2599/779/2375
f 2483/784/2376 2482/783/2376 2600/778/2376 2573/777/2376
f 2279/580/2377 2483/784/2377 2573/777/2377 2278/575/2377
f 2483/784/2378 2279/580/2378 2280/581/2378
f 1/2/2379 2/1/2379 1302/1/2379 1301/2/2379
f 3/5/2379 1/2/2379 1301/2/2379 1303/5/2379
f 5/7/2379 6/6/2379 1306/6/2379 1305/7/2379
f 4/3/2379 5/7/2379 1305/7/2379 1304/3/2379
f 6/6/2379 7/8/2379 1307/8/2379 1306/6/2379
f 7/8/2379 8/9/2379 1308/9/2379 1307/8/2379
f 11/10/2379 10/12/2379 1310/12/2379 1311/10/2379
f 12/13/2379 11/10/2379 1311/10/2379 1312/13/2379
f 14/14/2379 12/13/2379 1312/13/2379 1314/14/2379
f 13/15/2379 14/14/2379 1314/14/2379 1313/15/2379
f 8/9/2379 13/15/2379 1313/15/2379 1308/9/2379
f 10/12/2379 9/11/2379 1309/11/2379 1310/12/2379
f 9/11/2379 15/16/2379 1315/16/2379 1309/11/2379
f 15/16/2379 3/5/2379 1303/5/2379 1315/16/2379
f 16/17/2379 4/3/2379 1304/3/2379 1316/17/2379
f 20/19/2379 21/21/2379 1321/21/2379 1320/19/2379
f 21/21/2379 22/22/2379 1322/22/2379 1321/21/2379
f 22/22/2379 23/23/2379 1323/23/2379 1322/22/2379
f 23/23/2379 24/24/2379 1324/24/2379 1323/23/2379
f 24/24/2379 25/26/2379 1325/26/2379 1324/24/2379
f 29/27/2379 30/30/2379 1330/30/2379 1329/27/2379
f 28/29/2379 29/27/2379 1329/27/2379 1328/29/2379
f 30/30/2379 31/31/2379 1331/31/2379 1330/30/2379
f 31/31/2379 16/17/2379 1316/17/2379 1331/31/2379
f 32/32/2379 28/29/2379 1328/29/2379 1332/32/2379
f 27/28/2379 32/32/2379 1332/32/2379 1327/28/2379
f 33/33/2379 27/28/2379 1327/28/2379 1333/33/2379
f 25/26/2379 33/33/2379 1333/33/2379 1325/26/2379
f 34/34/2379 20/19/2379 1320/19/2379 1334/34/2379
f 36/36/2379 35/35/2379 1335/35/2379 1336/36/2379
f 35/35/2379 37/37/2379 1337/37/2379 1335/35/2379
f 37/37/2379 38/39/2379 1338/39/2379 1337/37/2379
f 42/42/2379 41/41/2379 1341/41/2379 1342/42/2379
f 41/41/2379 39/38/2379 1339/38/2379 1341/41/2379
f 43/44/2379 44/43/2379 1344/43/2379 1343/44/2379
f 44/43/2379 45/45/2379 1345/45/2379 1344/43/2379
f 45/45/2379 47/46/2379 1347/46/2379 1345/45/2379
f 47/46/2379 46/47/2379 1346/47/2379 1347/46/2379
f 46/47/2379 42/42/2379 1342/42/2379 1346/47/2379
f 40/40/2379 43/44/2379 1343/44/2379 1340/40/2379
f 38/39/2379 40/40/2379 1340/40/2379 1338/39/2379
f 39/38/2379 34/34/2379 1334/34/2379 1339/38/2379
f 48/48/2379 36/36/2379 1336/36/2379 1348/48/2379
f 49/49/2379 48/48/2379 1348/48/2379 1349/49/2379
f 50/50/2379 51/52/2379 1351/52/2379 1350/50/2379
f 17/4/2379 50/50/2379 1350/50/2379 1317/4/2379
f 51/52/2379 52/54/2379 1352/54/2379 1351/52/2379
f 62/63/2379 61/62/2379 1361/62/2379 1362/63/2379
f 61/62/2379 60/64/2379 1360/64/2379 1361/62/2379
f 63/65/2379 62/63/2379 1362/63/2379 1363/65/2379
f 65/67/2379 64/66/2379 1364/66/2379 1365/67/2379
f 64/66/2379 63/65/2379 1363/65/2379 1364/66/2379
f 66/68/2379 65/67/2379 1365/67/2379 1366/68/2379
f 67/69/2379 66/68/2379 1366/68/2379 1367/69/2379
f 68/71/2379 69/70/2379 1369/70/2379 1368/71/2379
f 70/57/2379 68/71/2379 1368/71/2379 1370/57/2379
f 71/72/2379 70/57/2379 1370/57/2379 1371/72/2379
f 72/74/2379 71/72/2379 1371/72/2379 1372/74/2379
f 75/75/2379 76/77/2379 1376/77/2379 1375/75/2379
f 77/59/2379 75/75/2379 1375/75/2379 1377/59/2379
f 55/60/2379 77/59/2379 1377/59/2379 1355/60/2379
f 76/77/2379 78/78/2379 1378/78/2379 1376/77/2379
f 82/82/2379 81/81/2379 1381/81/2379 1382/82/2379
f 81/81/2379 80/80/2379 1380/80/2379 1381/81/2379
f 83/84/2379 82/82/2379 1382/82/2379 1383/84/2379
f 78/78/2379 84/83/2379 1384/83/2379 1378/78/2379
f 84/83/2379 83/84/2379 1383/84/2379 1384/83/2379
f 80/80/2379 72/74/2379 1372/74/2379 1380/80/2379
f 69/70/2379 85/85/2379 1385/85/2379 1369/70/2379
f 85/85/2379 67/69/2379 1367/69/2379 1385/85/2379
f 60/64/2379 49/49/2379 1349/49/2379 1360/64/2379
f 56/53/2379 55/60/2379 1355/60/2379 1356/53/2379
f 52/54/2379 56/53/2379 1356/53/2379 1352/54/2379
f 86/86/2379 17/4/2379 1317/4/2379 1386/86/2379
f 2/1/2379 87/87/2379 1387/87/2379 1302/1/2379
f 87/87/2379 88/88/2379 1388/88/2379 1387/87/2379
f 88/88/2379 90/92/2379 1390/92/2379 1388/88/2379
f 93/93/2379 94/95/2379 1394/95/2379 1393/93/2379
f 90/92/2379 93/93/2379 1393/93/2379 1390/92/2379
f 94/95/2379 95/97/2379 1395/97/2379 1394/95/2379
f 96/98/2379 97/99/2379 1397/99/2379 1396/98/2379
f 95/97/2379 96/98/2379 1396/98/2379 1395/97/2379
f 97/99/2379 98/100/2379 1398/100/2379 1397/99/2379
f 102/102/2379 100/101/2379 1400/101/2379 1402/102/2379
f 100/101/2379 103/104/2379 1403/104/2379 1400/101/2379
f 103/104/2379 104/106/2379 1404/106/2379 1403/104/2379
f 108/109/2379 107/107/2379 1407/107/2379 1408/109/2379
f 107/107/2379 109/110/2379 1409/110/2379 1407/107/2379
f 109/110/2379 110/111/2379 1410/111/2379 1409/110/2379
f 110/111/2379 111/112/2379 1411/112/2379 1410/111/2379
f 111/112/2379 112/113/2379 1412/113/2379 1411/112/2379
f 112/113/2379 113/91/2379 1413/91/2379 1412/113/2379
f 113/91/2379 86/86/2379 1386/86/2379 1413/91/2379
f 114/114/2379 108/109/2379 1408/109/2379 1414/114/2379
f 117/117/2379 118/118/2379 1418/118/2379 1417/117/2379
f 116/116/2379 117/117/2379 1417/117/2379 1416/116/2379
f 118/118/2379 119/120/2379 1419/120/2379 1418/118/2379
f 120/119/2379 114/114/2379 1414/114/2379 1420/119/2379
f 119/120/2379 120/119/2379 1420/119/2379 1419/120/2379
f 104/106/2379 116/116/2379 1416/116/2379 1404/106/2379
f 121/121/2379 102/102/2379 1402/102/2379 1421/121/2379
f 122/123/2379 121/121/2379 1421/121/2379 1422/123/2379
f 123/122/2379 122/123/2379 1422/123/2379 1423/122/2379
f 98/100/2379 123/122/2379 1423/122/2379 1398/100/2379
f 125/1/2379 124/2/2379 1424/2/2379 1425/1/2379
f 124/2/2379 126/5/2379 1426/5/2379 1424/2/2379
f 129/6/2379 128/7/2379 1428/7/2379 1429/6/2379
f 128/7/2379 127/3/2379 1427/3/2379 1428/7/2379
f 130/8/2379 129/6/2379 1429/6/2379 1430/8/2379
f 131/9/2379 130/8/2379 1430/8/2379 1431/9/2379
f 133/12/2379 134/10/2379 1434/10/2379 1433/12/2379
f 134/10/2379 135/13/2379 1435/13/2379 1434/10/2379
f 135/13/2379 137/14/2379 1437/14/2379 1435/13/2379
f 137/14/2379 136/15/2379 1436/15/2379 1437/14/2379
f 136/15/2379 131/9/2379 1431/9/2379 1436/15/2379
f 132/11/2379 133/12/2379 1433/12/2379 1432/11/2379
f 138/16/2379 132/11/2379 1432/11/2379 1438/16/2379
f 126/5/2379 138/16/2379 1438/16/2379 1426/5/2379
f 127/3/2379 139/17/2379 1439/17/2379 1427/3/2379
f 144/21/2379 143/19/2379 1443/19/2379 1444/21/2379
f 145/22/2379 144/21/2379 1444/21/2379 1445/22/2379
f 146/23/2379 145/22/2379 1445/22/2379 1446/23/2379
f 147/24/2379 146/23/2379 1446/23/2379 1447/24/2379
f 148/26/2379 147/24/2379 1447/24/2379 1448/26/2379
f 153/30/2379 152/27/2379 1452/27/2379 1453/30/2379
f 152/27/2379 151/29/2379 1451/29/2379 1452/27/2379
f 154/31/2379 153/30/2379 1453/30/2379 1454/31/2379
f 139/17/2379 154/31/2379 1454/31/2379 1439/17/2379
f 151/29/2379 155/32/2379 1455/32/2379 1451/29/2379
f 155/32/2379 150/28/2379 1450/28/2379 1455/32/2379
f 150/28/2379 156/33/2379 1456/33/2379 1450/28/2379
f 156/33/2379 148/26/2379 1448/26/2379 1456/33/2379
f 143/19/2379 157/34/2379 1457/34/2379 1443/19/2379
f 158/35/2379 159/36/2379 1459/36/2379 1458/35/2379
f 160/37/2379 158/35/2379 1458/35/2379 1460/37/2379
f 161/39/2379 160/37/2379 1460/37/2379 1461/39/2379
f 164/41/2379 165/42/2379 1465/42/2379 1464/41/2379
f 162/38/2379 164/41/2379 1464/41/2379 1462/38/2379
f 167/43/2379 166/44/2379 1466/44/2379 1467/43/2379
f 168/45/2379 167/43/2379 1467/43/2379 1468/45/2379
f 170/46/2379 168/45/2379 1468/45/2379 1470/46/2379
f 169/47/2379 170/46/2379 1470/46/2379 1469/47/2379
f 165/42/2379 169/47/2379 1469/47/2379 1465/42/2379
f 166/44/2379 163/40/2379 1463/40/2379 1466/44/2379
f 163/40/2379 161/39/2379 1461/39/2379 1463/40/2379
f 157/34/2379 162/38/2379 1462/38/2379 1457/34/2379
f 159/36/2379 171/48/2379 1471/48/2379 1459/36/2379
f 171/48/2379 172/49/2379 1472/49/2379 1471/48/2379
f 174/52/2379 173/50/2379 1473/50/2379 1474/52/2379
f 173/50/2379 140/4/2379 1440/4/2379 1473/50/2379
f 175/54/2379 174/52/2379 1474/52/2379 1475/54/2379
f 184/62/2379 185/63/2379 1485/63/2379 1484/62/2379
f 183/64/2379 184/62/2379 1484/62/2379 1483/64/2379
f 185/63/2379 186/65/2379 1486/65/2379 1485/63/2379
f 187/66/2379 188/67/2379 1488/67/2379 1487/66/2379
f 186/65/2379 187/66/2379 1487/66/2379 1486/65/2379
f 188/67/2379 189/68/2379 1489/68/2379 1488/67/2379
f 189/68/2379 190/69/2379 1490/69/2379 1489/68/2379
f 192/70/2379 191/71/2379 1491/71/2379 1492/70/2379
f 191/71/2379 193/57/2379 1493/57/2379 1491/71/2379
f 193/57/2379 194/72/2379 1494/72/2379 1493/57/2379
f 194/72/2379 195/74/2379 1495/74/2379 1494/72/2379
f 199/77/2379 198/75/2379 1498/75/2379 1499/77/2379
f 198/75/2379 200/59/2379 1500/59/2379 1498/75/2379
f 200/59/2379 178/60/2379 1478/60/2379 1500/59/2379
f 201/78/2379 199/77/2379 1499/77/2379 1501/78/2379
f 204/81/2379 205/82/2379 1505/82/2379 1504/81/2379
f 203/80/2379 204/81/2379 1504/81/2379 1503/80/2379
f 205/82/2379 206/84/2379 1506/84/2379 1505/82/2379
f 207/83/2379 201/78/2379 1501/78/2379 1507/83/2379
f 206/84/2379 207/83/2379 1507/83/2379 1506/84/2379
f 195/74/2379 203/80/2379 1503/80/2379 1495/74/2379
f 208/85/2379 192/70/2379 1492/70/2379 1508/85/2379
f 190/69/2379 208/85/2379 1508/85/2379 1490/69/2379
f 172/49/2379 183/64/2379 1483/64/2379 1472/49/2379
f 178/60/2379 179/53/2379 1479/53/2379 1478/60/2379
f 179/53/2379 175/54/2379 1475/54/2379 1479/53/2379
f 140/4/2379 209/86/2379 1509/86/2379 1440/4/2379
f 210/87/2379 125/1/2379 1425/1/2379 1510/87/2379
f 211/88/2379 210/87/2379 1510/87/2379 1511/88/2379
f 213/92/2379 211/88/2379 1511/88/2379 1513/92/2379
f 217/95/2379 216/93/2379 1516/93/2379 1517/95/2379
f 216/93/2379 213/92/2379 1513/92/2379 1516/93/2379
f 218/97/2379 217/95/2379 1517/95/2379 1518/97/2379
f 220/99/2379 219/98/2379 1519/98/2379 1520/99/2379
f 219/98/2379 218/97/2379 1518/97/2379 1519/98/2379
f 221/100/2379 220/99/2379 1520/99/2379 1521/100/2379
f 223/101/2379 225/102/2379 1525/102/2379 1523/101/2379
f 226/104/2379 223/101/2379 1523/101/2379 1526/104/2379
f 227/106/2379 226/104/2379 1526/104/2379 1527/106/2379
f 230/107/2379 231/109/2379 1531/109/2379 1530/107/2379
f 232/110/2379 230/107/2379 1530/107/2379 1532/110/2379
f 233/111/2379 232/110/2379 1532/110/2379 1533/111/2379
f 234/112/2379 233/111/2379 1533/111/2379 1534/112/2379
f 235/113/2379 234/112/2379 1534/112/2379 1535/113/2379
f 236/91/2379 235/113/2379 1535/113/2379 1536/91/2379
f 209/86/2379 236/91/2379 1536/91/2379 1509/86/2379
f 231/109/2379 237/114/2379 1537/114/2379 1531/109/2379
f 241/118/2379 240/117/2379 1540/117/2379 1541/118/2379
f 240/117/2379 239/116/2379 1539/116/2379 1540/117/2379
f 242/120/2379 241/118/2379 1541/118/2379 1542/120/2379
f 237/114/2379 243/119/2379 1543/119/2379 1537/114/2379
f 243/119/2379 242/120/2379 1542/120/2379 1543/119/2379
f 239/116/2379 227/106/2379 1527/106/2379 1539/116/2379
f 225/102/2379 244/121/2379 1544/121/2379 1525/102/2379
f 244/121/2379 245/123/2379 1545/123/2379 1544/121/2379
f 245/123/2379 246/122/2379 1546/122/2379 1545/123/2379
f 246/122/2379 221/100/2379 1521/100/2379 1546/122/2379
f 248/127/2379 247/126/2379 1547/126/2379 1548/127/2379
f 247/126/2379 249/125/2379 1549/125/2379 1547/126/2379
f 249/125/2379 252/133/2379 1552/133/2379 1549/125/2379
f 270/144/2379 269/129/2379 1569/129/2379 1570/144/2379
f 269/129/2379 273/139/2379 1573/139/2379 1569/129/2379
f 273/139/2379 274/146/2379 1574/146/2379 1573/139/2379
f 274/146/2379 275/148/2379 1575/148/2379 1574/146/2379
f 290/148/2379 289/146/2379 1589/146/2379 1590/148/2379
f 289/146/2379 291/139/2379 1591/139/2379 1589/146/2379
f 291/139/2379 251/129/2379 1551/129/2379 1591/139/2379
f 292/156/2379 290/148/2379 1590/148/2379 1592/156/2379
f 292/156/2379 293/158/2379 1593/158/2379 1592/156/2379
f 294/161/2379 292/156/2379 1592/156/2379 1594/161/2379
f 296/163/2379 292/156/2379 1592/156/2379 1596/163/2379
f 304/158/2379 303/156/2379 1603/156/2379 1604/158/2379
f 303/156/2379 305/161/2379 1605/161/2379 1603/156/2379
f 303/156/2379 307/163/2379 1607/163/2379 1603/156/2379
f 275/148/2379 303/156/2379 1603/156/2379 1575/148/2379
f 307/163/2379 308/170/2379 1608/170/2379 1607/163/2379
f 308/170/2379 304/158/2379 1604/158/2379 1608/170/2379
f 310/172/2379 328/194/2379 1628/194/2379 1610/172/2379
f 328/194/2379 329/195/2379 1629/195/2379 1628/194/2379
f 329/195/2379 332/173/2379 1632/173/2379 1629/195/2379
f 442/269/2379 441/266/2379 1741/266/2379 1742/269/2379
f 512/309/2379 489/284/2379 1789/284/2379 1812/309/2379
f 513/285/2379 512/309/2379 1812/309/2379 1813/285/2379
f 359/210/2379 442/269/2379 1742/269/2379 1659/210/2379
f 293/158/2379 342/170/2379 1642/170/2379 1593/158/2379
f 342/170/2379 296/163/2379 1596/163/2379 1642/170/2379
f 305/161/2379 550/325/2379 1850/325/2379 1605/161/2379
f 550/325/2379 270/144/2379 1570/144/2379 1850/325/2379
f 559/325/2379 294/161/2379 1594/161/2379 1859/325/2379
f 560/144/2379 559/325/2379 1859/325/2379 1860/144/2379
f 251/129/2379 560/144/2379 1860/144/2379 1551/129/2379
f 574/127/2379 572/337/2379 1872/337/2379 1874/127/2379
f 575/126/2379 574/127/2379 1874/127/2379 1875/126/2379
f 271/125/2379 575/126/2379 1875/126/2379 1571/125/2379
f 572/337/2379 576/338/2379 1876/338/2379 1872/337/2379
f 576/338/2379 577/337/2379 1877/337/2379 1876/338/2379
f 577/337/2379 248/127/2379 1548/127/2379 1877/337/2379
f 332/173/2379 310/172/2379 1610/172/2379 1632/173/2379
f 588/133/2379 271/125/2379 1571/125/2379 1888/133/2379
f 589/132/2379 588/133/2379 1888/133/2379 1889/132/2379
f 590/135/2379 589/132/2379 1889/132/2379 1890/135/2379
f 591/344/2379 590/135/2379 1890/135/2379 1891/344/2379
f 592/135/2379 591/344/2379 1891/344/2379 1892/135/2379
f 254/132/2379 592/135/2379 1892/135/2379 1554/132/2379
f 252/133/2379 254/132/2379 1554/132/2379 1552/133/2379
f 688/458/2379 687/456/2379 1987/456/2379 1988/458/2379
f 829/581/2379 827/579/2379 2127/579/2379 2129/581/2379
f 872/456/2379 688/458/2379 1988/458/2379 2172/456/2379
f 827/579/2379 980/581/2379 2280/581/2379 2127/579/2379
f 687/456/2379 1054/669/2379 2354/669/2379 1987/456/2379
f 1183/784/2379 829/581/2379 2129/581/2379 2483/784/2379
f 1054/669/2379 872/456/2379 2172/456/2379 2354/669/2379
f 980/581/2379 1183/784/2379 2483/784/2379 2280/581/2379
