# Blender 5.2.1 LTS
# www.blender.org
mtllib nebula_records.mtl
o Handle
v -1.000000 -12.874366 2.182757
v -1.000000 4.495108 1.716587
v -1.000000 -12.874366 -2.178526
v -1.000000 4.495108 -1.687394
v 1.000000 -12.874366 2.182757
v 1.000000 4.495108 1.716587
v 1.000000 -12.874366 -2.178526
v 1.000000 4.495108 -1.687394
v -2.113209 -12.874365 -0.000250
v -1.607877 4.495107 0.016455
v 2.113209 -12.874365 -0.000250
v 1.607877 4.495107 0.016455
v 0.000000 -12.874366 -2.834990
v 0.000000 4.495108 -2.195956
v 0.000000 -12.874366 2.834359
v 0.000000 4.495108 2.228970
v -0.000000 -12.710582 4.713264
v -0.000000 -12.710582 -4.800091
v 0.000000 9.412457 12.552019
v 0.000000 9.412457 -12.638847
v 0.000000 -2.719737 11.666577
v 0.000000 -2.719737 -11.748912
v 0.000000 -7.715159 9.545222
v 0.000000 -7.715159 -9.632051
v 0.000000 7.393946 5.885842
v 0.000000 7.393946 -6.054562
v 0.000000 10.034969 11.517157
v 0.000000 10.034969 -11.644930
v 0.000000 5.944527 3.285177
v 0.000000 5.944527 -3.350615
v 0.000000 8.304996 8.701499
v 0.000000 8.304996 -8.849746
v -0.000000 -16.231945 -2.839588
v -0.000000 -16.231945 2.916545
v -0.000000 -15.576807 -4.813101
v -0.000000 -15.576807 4.890058
v -0.000000 -14.389371 -7.352238
v -0.000000 -14.389371 7.429194
v -0.000000 -16.420525 -2.380739
v -0.000000 -16.420525 2.482264
v -0.000000 -13.394153 -14.123774
v -0.000000 -13.394153 14.200729
v -0.000000 -9.545220 -15.495481
v -0.000000 -9.545220 15.572439
v 0.000000 12.020854 -15.454648
v 0.000000 12.020854 15.531999
v -0.000000 -11.469687 -15.430227
v -0.000000 -11.469687 15.507185
v -0.000000 -12.431919 15.266562
v -0.000000 -12.431919 -15.189606
v -0.000000 15.506908 -7.503376
v -0.000000 15.506908 7.583980
v 0.000000 0.549125 12.238161
v 0.000000 0.549125 -12.314778
v 0.000000 1.368048 15.632996
v 0.000000 1.368048 -15.560312
v 0.000000 -4.807987 14.568198
v 0.000000 -4.807987 -14.488303
v -0.000000 -6.727902 14.134957
v -0.000000 -6.727902 -14.058000
v -0.000000 -7.866430 15.460710
v -0.000000 -7.866430 -15.383752
v -0.000000 12.757883 -2.047306
v -0.000000 12.757883 2.124263
v -0.000000 14.150050 3.524874
v -0.000000 14.150050 -3.447916
v -0.000000 15.514327 11.265349
v -0.000000 15.514327 -11.183863
v -0.000000 12.757883 -2.047306
v -0.000000 12.757883 2.124263
v -0.000000 12.757883 -2.047306
v -0.000000 12.757883 2.124263
v 2.529272 12.757882 -2.056502
v 2.529272 12.757882 2.115067
v -2.508844 12.757883 -2.047306
v -2.508844 12.757883 2.124263
v 3.514858 12.757882 0.029282
v -3.475789 12.757883 0.038479
v 2.529272 14.331364 -3.653875
v 2.529272 14.331364 3.705412
v -2.508844 14.331365 -3.637651
v -2.508844 14.331365 3.721636
v 0.003021 -1.941761 -15.415524
v 0.003021 -1.941761 15.483764
v 2.529272 15.489132 -7.460361
v 2.529272 15.489132 7.491516
v -2.508844 15.489131 -7.427397
v -2.508844 15.489131 7.524477
v 2.529272 15.489132 -11.150863
v 2.529272 15.489132 11.163081
v -2.508844 15.489131 -11.101668
v -2.508844 15.489131 11.212274
v 2.529272 11.919606 -15.552022
v 2.529272 11.919606 15.544683
v -2.508844 11.919605 -15.483464
v -2.508844 11.919605 15.613236
v -0.000000 12.757883 0.038479
v 1.758943 5.859282 -2.056502
v 1.758943 5.859282 2.115067
v -1.764148 5.859282 -2.047306
v -1.764148 5.859282 2.124263
v 2.448150 5.859282 0.029282
v -2.632188 5.859282 0.038479
v 3.018804 12.757882 -3.665165
v 3.018804 12.757882 3.716652
v -2.998375 12.757883 -3.648891
v -2.998375 12.757883 3.732926
v 1.934162 7.333342 -3.665165
v 1.934162 7.333342 3.716652
v -1.913734 7.333343 -3.648891
v -1.913734 7.333343 3.732926
v 3.018804 12.757882 -7.611410
v 3.018804 12.757882 7.645536
v -2.998375 12.757883 -7.577775
v -2.998375 12.757883 7.679172
v 3.018804 12.757882 -11.340267
v 3.018804 12.757882 11.357988
v -2.998375 12.757883 -11.290228
v -2.998375 12.757883 11.408030
v 0.000000 5.219817 2.833796
v 0.000000 5.219817 -2.851379
v 2.028013 5.177195 0.023050
v 1.379471 5.177195 1.968999
v 1.379471 5.177195 -1.924810
v -2.120032 5.177195 0.027777
v -1.382074 5.177195 -1.920082
v -1.382074 5.177195 1.973727
v 3.018804 10.590975 -13.812687
v 3.018804 10.590975 13.819531
v -2.998375 10.590977 -13.751771
v -2.998375 10.590977 13.880451
v 0.000000 13.951848 13.726233
v 2.529272 13.888626 13.679108
v -2.508844 13.888626 13.739419
v 0.000000 13.951848 -13.646456
v 2.529272 13.888626 -13.678285
v -2.508844 13.888626 -13.617971
v 0.000000 8.282271 7.153784
v 0.000000 15.943419 9.243821
v -2.508844 15.921931 9.188614
v 2.529272 15.921932 9.148326
v 3.018804 13.190682 9.319437
v -2.998375 13.190683 9.360471
v 0.000000 8.282271 -7.308633
v 0.000000 15.943419 -9.163746
v 2.529272 15.921932 -9.126468
v -2.508844 15.921931 -9.086179
v 3.018804 13.190682 -9.293424
v -2.998375 13.190683 -9.252391
v -0.000000 5.919887 15.920364
v -0.000000 5.919887 -15.843407
v 2.117114 5.800367 -15.506603
v 2.117114 5.800367 15.499862
v -2.096685 5.800366 -15.438241
v -2.096685 5.800366 15.568216
v 2.127902 5.579171 -14.281440
v 2.127902 5.579171 14.286017
v -2.102081 5.579173 -14.218464
v -2.102081 5.579173 14.349000
v 0.000000 5.455532 12.717751
v 0.000000 5.455532 -12.804579
v 0.000000 9.003517 -13.079932
v 0.000000 11.390331 -16.013760
v -2.392232 11.287194 -15.900908
v -2.793754 10.073017 -14.117271
v 2.814183 10.073015 -14.179805
v 2.412660 11.287195 -15.971313
v 0.000000 8.931540 12.992246
v 0.000000 11.279354 16.099888
v 2.392135 11.175886 15.945359
v 2.778167 9.981850 14.169463
v -2.757739 9.981852 14.231927
v -2.371707 11.175884 16.015680
v 2.182207 10.001717 13.185776
v 1.755477 5.517351 13.059919
v 2.299398 9.456696 13.136306
v 2.182207 10.001717 -13.225767
v 1.755477 5.517351 -13.100146
v 2.329250 9.538266 -13.184164
v -2.171993 10.001717 -13.195309
v -1.750656 5.517352 -13.069689
v -2.319036 9.538267 -13.153921
v -2.171993 10.001717 13.216235
v -1.750656 5.517352 13.090380
v -2.289185 9.456696 13.166515
v 2.117114 0.968725 -15.019051
v 2.117114 0.968725 15.012785
v -2.096685 0.968724 -14.952839
v -2.096685 0.968724 15.078993
v 2.127902 0.747529 -13.832398
v 2.127902 0.747529 13.837096
v -2.102081 0.747530 -13.771402
v -2.102081 0.747530 13.898099
v 1.755477 0.685709 12.649538
v 1.755477 0.685709 -12.688237
v -1.750656 0.685710 -12.658737
v -1.750656 0.685710 12.679041
v 2.117114 -2.238720 -14.691237
v 2.117114 -2.238720 14.686594
v -2.096685 -2.238721 -14.626467
v -2.096685 -2.238721 14.751360
v 2.127902 -2.459917 -13.530427
v 2.127902 -2.459917 13.536508
v -2.102081 -2.459915 -13.470759
v -2.102081 -2.459915 13.596182
v 1.755477 -2.521737 12.374811
v 1.755477 -2.521737 -12.411182
v -1.750656 -2.521736 -12.382324
v -1.750656 -2.521736 12.403670
v 0.000000 -5.217448 11.083528
v 0.000000 -5.217448 -11.171391
v -0.000000 -10.212871 7.884358
v -0.000000 -10.212871 -7.971187
v -0.000000 -14.460458 11.890835
v -0.000000 -14.460458 -11.813877
v -0.000000 -7.268732 14.797833
v -0.000000 -7.268732 -14.720876
v -0.000000 -12.957679 8.710623
v -0.000000 -12.957679 -8.633665
v -0.000000 -14.152651 10.118309
v -0.000000 -14.152651 -10.041351
v 2.117114 -4.968462 -13.852995
v 2.117114 -4.968462 13.850827
v -2.096685 -4.968463 -13.791916
v -2.096685 -4.968463 13.911903
v 2.127902 -5.189659 -12.758331
v 2.127902 -5.189659 12.766275
v -2.102081 -5.189657 -12.702063
v -2.102081 -5.189657 12.822549
v 1.755477 -5.251478 11.670775
v 1.755477 -5.251478 -11.702862
v -1.750656 -5.251477 -11.675649
v -1.750656 -5.251477 11.697990
v 1.921905 -7.015768 -12.583904
v 1.921905 -7.015768 12.584904
v -1.901477 -7.015769 -12.528416
v -1.901477 -7.015769 12.640392
v 2.127902 -7.236965 -11.589407
v 2.127902 -7.236965 11.599594
v -2.102081 -7.236963 -11.538288
v -2.102081 -7.236963 11.650719
v 1.755477 -7.298784 10.604337
v 1.755477 -7.298784 -10.630518
v -1.750656 -7.298783 -10.605795
v -1.750656 -7.298783 10.629062
v -0.000000 -9.842791 12.118625
v -0.000000 -9.842791 -12.041667
v -1.000000 -11.908047 2.042885
v -1.000000 -11.908047 -2.037431
v 1.000000 -11.908047 -2.037431
v 1.000000 -11.908047 2.042885
v 2.113209 -11.908047 0.000760
v -2.113209 -11.908047 0.000760
v 0.000000 -11.908047 2.652762
v 0.000000 -11.908047 -2.651351
v -1.000000 -11.193740 1.715794
v -1.000000 -11.193740 -1.709612
v 1.000000 -11.193740 -1.709612
v 1.000000 -11.193740 1.715794
v 1.607877 -11.193739 0.001592
v -1.607877 -11.193739 0.001592
v 0.000000 -11.193740 2.227939
v 0.000000 -11.193740 -2.224838
v -1.000000 -16.457151 2.182757
v -1.000000 -16.457151 -2.178526
v 1.000000 -16.457151 2.182757
v 1.000000 -16.457151 -2.178526
v -2.113209 -16.457150 -0.000250
v 2.113209 -16.457150 -0.000250
v 0.000000 -16.457150 -0.000250
v -0.000000 -17.017656 -1.995209
v -0.000000 -17.017656 2.084287
v -0.000000 -17.054281 0.001746
v -1.000000 -16.997414 1.833036
v -1.000000 -16.997414 -1.825576
v 1.000000 -16.997414 1.833036
v 1.000000 -16.997414 -1.825576
v -2.113209 -16.997412 0.001746
v 2.113209 -16.997412 0.001746
v -1.109818 -15.179402 4.569831
v 1.130246 -15.179401 -4.516257
v -1.109818 -15.179402 -4.496269
v 1.130246 -15.179401 4.549844
v 2.127902 -7.236965 -11.589407
v 2.127902 -7.236965 11.599594
v -2.102081 -7.236963 -11.538288
v -2.102081 -7.236963 11.650719
v 1.755477 -7.298784 10.604337
v 1.755477 -7.298784 -10.630518
v -1.750656 -7.298783 -10.605795
v -1.750656 -7.298783 10.629062
v 1.316849 -9.916119 -11.259404
v 1.316849 -9.916119 11.263325
v -1.296421 -9.916120 -11.209749
v -1.296421 -9.916120 11.312979
v 2.127902 -10.137315 -9.679228
v 2.127902 -10.137315 9.694119
v -2.102081 -10.137313 -9.636520
v -2.102081 -10.137313 9.736832
v 1.755477 -10.199135 8.862628
v 1.755477 -10.199135 -8.878120
v -1.750656 -10.199134 -8.857466
v -1.750656 -10.199134 8.883285
v 1.632193 -12.737796 -6.173950
v 1.632193 -12.737796 6.194803
v -1.608827 -12.737794 -6.146683
v -1.608827 -12.737794 6.222072
v 1.346841 -12.785162 5.663945
v 1.346841 -12.785162 -5.662488
v -1.339565 -12.785161 -5.649302
v -1.339565 -12.785161 5.677133
v 1.130246 -12.748226 -7.795069
v 1.130246 -12.748226 7.814230
v -1.109818 -12.748227 -7.760654
v -1.109818 -12.748227 7.848642
v 2.113209 -14.665757 -0.000250
v 1.000000 -14.665758 -2.178526
v 1.000000 -14.665758 2.182757
v -2.113209 -14.665757 -0.000250
v -1.000000 -14.665758 2.182757
v -1.000000 -14.665758 -2.178526
v -0.000000 -12.895586 3.773812
v 1.173420 -13.821299 3.923351
v -1.169782 -13.821299 3.929945
v -0.000000 -12.895586 -3.817541
v 1.173420 -13.821299 -3.920507
v -1.169782 -13.821299 -3.913914
v 1.632193 -12.737796 -6.173950
v 1.632193 -12.737796 6.194803
v -1.608827 -12.737794 -6.146683
v -1.608827 -12.737794 6.222072
v 1.372791 -13.922580 -4.625540
v 1.372791 -13.922580 4.653204
v -1.349424 -13.922578 -4.605084
v -1.349424 -13.922578 4.673661
v 1.130246 -13.956705 -6.538570
v 1.130246 -13.956705 6.563260
v -1.109818 -13.956706 -6.509685
v -1.109818 -13.956706 6.592144
v 1.435766 -14.665758 -4.364727
v 1.435766 -14.665758 4.368958
v -1.435766 -14.665758 4.368958
v -1.435766 -14.665758 -4.364727
v -1.000000 -12.874366 2.182757
v -1.000000 4.495108 1.716587
v -1.000000 -12.874366 -2.178526
v -1.000000 4.495108 -1.687394
v 1.000000 -12.874366 2.182757
v 1.000000 4.495108 1.716587
v 1.000000 -12.874366 -2.178526
v 1.000000 4.495108 -1.687394
v -2.113209 -12.874365 -0.000250
v -1.607877 4.495107 0.016455
v 2.113209 -12.874365 -0.000250
v 1.607877 4.495107 0.016455
v 0.000000 -12.874366 -2.834990
v 0.000000 4.495108 -2.195956
v 0.000000 -12.874366 2.834359
v 0.000000 4.495108 2.228970
v -0.000000 -12.710582 4.713264
v -0.000000 -12.710582 -4.800091
v 0.000000 9.412457 12.552019
v 0.000000 9.412457 -12.638847
v 0.000000 -2.719737 11.666577
v 0.000000 -2.719737 -11.748912
v 0.000000 -7.715159 9.545222
v 0.000000 -7.715159 -9.632051
v 0.000000 7.393946 5.885842
v 0.000000 7.393946 -6.054562
v 0.000000 10.034969 11.517157
v 0.000000 10.034969 -11.644930
v 0.000000 5.944527 3.285177
v 0.000000 5.944527 -3.350615
v 0.000000 8.304996 8.701499
v 0.000000 8.304996 -8.849746
v -0.000000 -16.231945 -2.839588
v -0.000000 -16.231945 2.916545
v -0.000000 -15.576807 -4.813101
v -0.000000 -15.576807 4.890058
v -0.000000 -14.389371 -7.352238
v -0.000000 -14.389371 7.429194
v -0.000000 -16.420525 -2.380739
v -0.000000 -16.420525 2.482264
v -0.000000 -13.394153 -14.123774
v -0.000000 -13.394153 14.200729
v -0.000000 -9.545220 -15.495481
v -0.000000 -9.545220 15.572439
v 0.000000 12.020854 -15.454648
v 0.000000 12.020854 15.531999
v -0.000000 -11.469687 -15.430227
v -0.000000 -11.469687 15.507185
v -0.000000 -12.431919 15.266562
v -0.000000 -12.431919 -15.189606
v -0.000000 15.506908 -7.503376
v -0.000000 15.506908 7.583980
v 0.000000 0.549125 12.238161
v 0.000000 0.549125 -12.314778
v 0.000000 1.368048 15.632996
v 0.000000 1.368048 -15.560312
v 0.000000 -4.807987 14.568198
v 0.000000 -4.807987 -14.488303
v -0.000000 -6.727902 14.134957
v -0.000000 -6.727902 -14.058000
v -0.000000 -7.866430 15.460710
v -0.000000 -7.866430 -15.383752
v -0.000000 12.757883 -2.047306
v -0.000000 12.757883 2.124263
v -0.000000 14.150050 3.524874
v -0.000000 14.150050 -3.447916
v -0.000000 15.514327 11.265349
v -0.000000 15.514327 -11.183863
v -0.000000 12.757883 -2.047306
v -0.000000 12.757883 2.124263
v -0.000000 12.757883 -2.047306
v -0.000000 12.757883 2.124263
v 2.529272 12.757882 -2.056502
v 2.529272 12.757882 2.115067
v -2.508844 12.757883 -2.047306
v -2.508844 12.757883 2.124263
v 3.514858 12.757882 0.029282
v -3.475789 12.757883 0.038479
v 2.529272 14.331364 -3.653875
v 2.529272 14.331364 3.705412
v -2.508844 14.331365 -3.637651
v -2.508844 14.331365 3.721636
v 0.003021 -1.941761 -15.415524
v 0.003021 -1.941761 15.483764
v 2.529272 15.489132 -7.460361
v 2.529272 15.489132 7.491516
v -2.508844 15.489131 -7.427397
v -2.508844 15.489131 7.524477
v 2.529272 15.489132 -11.150863
v 2.529272 15.489132 11.163081
v -2.508844 15.489131 -11.101668
v -2.508844 15.489131 11.212274
v 2.529272 11.919606 -15.552022
v 2.529272 11.919606 15.544683
v -2.508844 11.919605 -15.483464
v -2.508844 11.919605 15.613236
v -0.000000 12.757883 0.038479
v 1.758943 5.859282 -2.056502
v 1.758943 5.859282 2.115067
v -1.764148 5.859282 -2.047306
v -1.764148 5.859282 2.124263
v 2.448150 5.859282 0.029282
v -2.632188 5.859282 0.038479
v 3.018804 12.757882 -3.665165
v 3.018804 12.757882 3.716652
v -2.998375 12.757883 -3.648891
v -2.998375 12.757883 3.732926
v 1.934162 7.333342 -3.665165
v 1.934162 7.333342 3.716652
v -1.913734 7.333343 -3.648891
v -1.913734 7.333343 3.732926
v 3.018804 12.757882 -7.611410
v 3.018804 12.757882 7.645536
v -2.998375 12.757883 -7.577775
v -2.998375 12.757883 7.679172
v 3.018804 12.757882 -11.340267
v 3.018804 12.757882 11.357988
v -2.998375 12.757883 -11.290228
v -2.998375 12.757883 11.408030
v 0.000000 5.219817 2.833796
v 0.000000 5.219817 -2.851379
v 2.028013 5.177195 0.023050
v 1.379471 5.177195 1.968999
v 1.379471 5.177195 -1.924810
v -2.120032 5.177195 0.027777
v -1.382074 5.177195 -1.920082
v -1.382074 5.177195 1.973727
v 3.018804 10.590975 -13.812687
v 3.018804 10.590975 13.819531
v -2.998375 10.590977 -13.751771
v -2.998375 10.590977 13.880451
v 0.000000 13.951848 13.726233
v 2.529272 13.888626 13.679108
v -2.508844 13.888626 13.739419
v 0.000000 13.951848 -13.646456
v 2.529272 13.888626 -13.678285
v -2.508844 13.888626 -13.617971
v 0.000000 8.282271 7.153784
v 0.000000 15.943419 9.243821
v -2.508844 15.921931 9.188614
v 2.529272 15.921932 9.148326
v 3.018804 13.190682 9.319437
v -2.998375 13.190683 9.360471
v 0.000000 8.282271 -7.308633
v 0.000000 15.943419 -9.163746
v 2.529272 15.921932 -9.126468
v -2.508844 15.921931 -9.086179
v 3.018804 13.190682 -9.293424
v -2.998375 13.190683 -9.252391
v -0.000000 5.919887 15.920364
v -0.000000 5.919887 -15.843407
v 2.117114 5.800367 -15.506603
v 2.117114 5.800367 15.499862
v -2.096685 5.800366 -15.438241
v -2.096685 5.800366 15.568216
v 2.127902 5.579171 -14.281440
v 2.127902 5.579171 14.286017
v -2.102081 5.579173 -14.218464
v -2.102081 5.579173 14.349000
v 0.000000 5.455532 12.717751
v 0.000000 5.455532 -12.804579
v 0.000000 9.003517 -13.079932
v 0.000000 11.390331 -16.013760
v -2.392232 11.287194 -15.900908
v -2.793754 10.073017 -14.117271
v 2.814183 10.073015 -14.179805
v 2.412660 11.287195 -15.971313
v 0.000000 8.931540 12.992246
v 0.000000 11.279354 16.099888
v 2.392135 11.175886 15.945359
v 2.778167 9.981850 14.169463
v -2.757739 9.981852 14.231927
v -2.371707 11.175884 16.015680
v 2.182207 10.001717 13.185776
v 1.755477 5.517351 13.059919
v 2.299398 9.456696 13.136306
v 2.182207 10.001717 -13.225767
v 1.755477 5.517351 -13.100146
v 2.329250 9.538266 -13.184164
v -2.171993 10.001717 -13.195309
v -1.750656 5.517352 -13.069689
v -2.319036 9.538267 -13.153921
v -2.171993 10.001717 13.216235
v -1.750656 5.517352 13.090380
v -2.289185 9.456696 13.166515
v 2.117114 0.968725 -15.019051
v 2.117114 0.968725 15.012785
v -2.096685 0.968724 -14.952839
v -2.096685 0.968724 15.078993
v 2.127902 0.747529 -13.832398
v 2.127902 0.747529 13.837096
v -2.102081 0.747530 -13.771402
v -2.102081 0.747530 13.898099
v 1.755477 0.685709 12.649538
v 1.755477 0.685709 -12.688237
v -1.750656 0.685710 -12.658737
v -1.750656 0.685710 12.679041
v 2.117114 -2.238720 -14.691237
v 2.117114 -2.238720 14.686594
v -2.096685 -2.238721 -14.626467
v -2.096685 -2.238721 14.751360
v 2.127902 -2.459917 -13.530427
v 2.127902 -2.459917 13.536508
v -2.102081 -2.459915 -13.470759
v -2.102081 -2.459915 13.596182
v 1.755477 -2.521737 12.374811
v 1.755477 -2.521737 -12.411182
v -1.750656 -2.521736 -12.382324
v -1.750656 -2.521736 12.403670
v 0.000000 -5.217448 11.083528
v 0.000000 -5.217448 -11.171391
v -0.000000 -10.212871 7.884358
v -0.000000 -10.212871 -7.971187
v -0.000000 -14.460458 11.890835
v -0.000000 -14.460458 -11.813877
v -0.000000 -7.268732 14.797833
v -0.000000 -7.268732 -14.720876
v -0.000000 -12.957679 8.710623
v -0.000000 -12.957679 -8.633665
v -0.000000 -14.152651 10.118309
v -0.000000 -14.152651 -10.041351
v 2.117114 -4.968462 -13.852995
v 2.117114 -4.968462 13.850827
v -2.096685 -4.968463 -13.791916
v -2.096685 -4.968463 13.911903
v 2.127902 -5.189659 -12.758331
v 2.127902 -5.189659 12.766275
v -2.102081 -5.189657 -12.702063
v -2.102081 -5.189657 12.822549
v 1.755477 -5.251478 11.670775
v 1.755477 -5.251478 -11.702862
v -1.750656 -5.251477 -11.675649
v -1.750656 -5.251477 11.697990
v 1.921905 -7.015768 -12.583904
v 1.921905 -7.015768 12.584904
v -1.901477 -7.015769 -12.528416
v -1.901477 -7.015769 12.640392
v 2.127902 -7.236965 -11.589407
v 2.127902 -7.236965 11.599594
v -2.102081 -7.236963 -11.538288
v -2.102081 -7.236963 11.650719
v 1.755477 -7.298784 10.604337
v 1.755477 -7.298784 -10.630518
v -1.750656 -7.298783 -10.605795
v -1.750656 -7.298783 10.629062
v -0.000000 -9.842791 12.118625
v -0.000000 -9.842791 -12.041667
v -1.000000 -11.908047 2.042885
v -1.000000 -11.908047 -2.037431
v 1.000000 -11.908047 -2.037431
v 1.000000 -11.908047 2.042885
v 2.113209 -11.908047 0.000760
v -2.113209 -11.908047 0.000760
v 0.000000 -11.908047 2.652762
v 0.000000 -11.908047 -2.651351
v -1.000000 -11.193740 1.715794
v -1.000000 -11.193740 -1.709612
v 1.000000 -11.193740 -1.709612
v 1.000000 -11.193740 1.715794
v 1.607877 -11.193739 0.001592
v -1.607877 -11.193739 0.001592
v 0.000000 -11.193740 2.227939
v 0.000000 -11.193740 -2.224838
v -1.000000 -16.457151 2.182757
v -1.000000 -16.457151 -2.178526
v 1.000000 -16.457151 2.182757
v 1.000000 -16.457151 -2.178526
v -2.113209 -16.457150 -0.000250
v 2.113209 -16.457150 -0.000250
v 0.000000 -16.457150 -0.000250
v -0.000000 -17.017656 -1.995209
v -0.000000 -17.017656 2.084287
v -0.000000 -17.054281 0.001746
v -1.000000 -16.997414 1.833036
v -1.000000 -16.997414 -1.825576
v 1.000000 -16.997414 1.833036
v 1.000000 -16.997414 -1.825576
v -2.113209 -16.997412 0.001746
v 2.113209 -16.997412 0.001746
v -1.109818 -15.179402 4.569831
v 1.130246 -15.179401 -4.516257
v -1.109818 -15.179402 -4.496269
v 1.130246 -15.179401 4.549844
v 2.127902 -7.236965 -11.589407
v 2.127902 -7.236965 11.599594
v -2.102081 -7.236963 -11.538288
v -2.102081 -7.236963 11.650719
v 1.755477 -7.298784 10.604337
v 1.755477 -7.298784 -10.630518
v -1.750656 -7.298783 -10.605795
v -1.750656 -7.298783 10.629062
v 1.316849 -9.916119 -11.259404
v 1.316849 -9.916119 11.263325
v -1.296421 -9.916120 -11.209749
v -1.296421 -9.916120 11.312979
v 2.127902 -10.137315 -9.679228
v 2.127902 -10.137315 9.694119
v -2.102081 -10.137313 -9.636520
v -2.102081 -10.137313 9.736832
v 1.755477 -10.199135 8.862628
v 1.755477 -10.199135 -8.878120
v -1.750656 -10.199134 -8.857466
v -1.750656 -10.199134 8.883285
v 1.632193 -12.737796 -6.173950
v 1.632193 -12.737796 6.194803
v -1.608827 -12.737794 -6.146683
v -1.608827 -12.737794 6.222072
v 1.346841 -12.785162 5.663945
v 1.346841 -12.785162 -5.662488
v -1.339565 -12.785161 -5.649302
v -1.339565 -12.785161 5.677133
v 1.130246 -12.748226 -7.795069
v 1.130246 -12.748226 7.814230
v -1.109818 -12.748227 -7.760654
v -1.109818 -12.748227 7.848642
v 2.113209 -14.665757 -0.000250
v 1.000000 -14.665758 -2.178526
v 1.000000 -14.665758 2.182757
v -2.113209 -14.665757 -0.000250
v -1.000000 -14.665758 2.182757
v -1.000000 -14.665758 -2.178526
v -0.000000 -12.895586 3.773812
v 1.173420 -13.821299 3.923351
v -1.169782 -13.821299 3.929945
v -0.000000 -12.895586 -3.817541
v 1.173420 -13.821299 -3.920507
v -1.169782 -13.821299 -3.913914
v 1.632193 -12.737796 -6.173950
v 1.632193 -12.737796 6.194803
v -1.608827 -12.737794 -6.146683
v -1.608827 -12.737794 6.222072
v 1.372791 -13.922580 -4.625540
v 1.372791 -13.922580 4.653204
v -1.349424 -13.922578 -4.605084
v -1.349424 -13.922578 4.673661
v 1.130246 -13.956705 -6.538570
v 1.130246 -13.956705 6.563260
v -1.109818 -13.956706 -6.509685
v -1.109818 -13.956706 6.592144
v 1.435766 -14.665758 -4.364727
v 1.435766 -14.665758 4.368958
v -1.435766 -14.665758 4.368958
v -1.435766 -14.665758 -4.364727
vn -0.9421 0.0004 -0.3354
vn 0.4557 0.0014 -0.8902
vn 0.9421 -0.0002 0.3354
vn -0.4559 -0.0001 0.8900
vn 0.9421 0.0004 -0.3354
vn -0.9421 -0.0002 0.3354
vn 0.4559 -0.0001 0.8900
vn -0.4557 0.0014 -0.8902
vn -0.0000 1.0000 -0.0000
vn -0.0016 0.7101 -0.7041
vn 0.0044 0.7109 0.7033
vn -0.0010 0.7101 0.7041
vn -0.0019 0.7109 -0.7033
vn 0.0241 0.9520 0.3051
vn 0.0227 0.9522 -0.3046
vn -0.0210 0.9523 0.3046
vn -0.0255 0.9520 -0.3051
vn -0.0136 0.9780 0.2084
vn 0.0119 0.9780 -0.2084
vn -0.0157 0.9778 -0.2088
vn 0.0172 0.9778 0.2088
vn 0.0306 0.8436 0.5361
vn -0.0191 0.8444 0.5354
vn 0.0149 0.8445 -0.5353
vn -0.0267 0.8438 -0.5360
vn 0.9210 -0.1226 0.3698
vn -0.9103 -0.1048 -0.4004
vn -0.9103 -0.1048 0.4004
vn 0.9210 -0.1226 -0.3698
vn 0.8169 -0.5091 0.2711
vn 0.8192 -0.5051 -0.2717
vn -0.7823 -0.5394 -0.3115
vn -0.7780 -0.5466 0.3099
vn 0.4730 -0.4494 0.7578
vn -0.4690 -0.4520 0.7588
vn -0.5010 -0.4620 -0.7318
vn 0.4993 -0.4631 -0.7323
vn 0.9171 0.2833 -0.2803
vn 0.9175 0.2834 0.2792
vn -0.9171 0.2833 0.2803
vn -0.9175 0.2834 -0.2792
vn -0.3672 -0.7025 0.6096
vn -0.4080 -0.6904 -0.5974
vn 0.4033 -0.6961 -0.5940
vn 0.3697 -0.7035 0.6070
vn -0.4614 -0.7750 0.4319
vn -0.4926 -0.7670 -0.4112
vn 0.4860 -0.7703 -0.4129
vn 0.4604 -0.7754 0.4322
vn -0.9810 -0.1456 -0.1282
vn -0.9809 -0.1456 0.1287
vn 0.9798 -0.1475 0.1349
vn 0.9797 -0.1475 -0.1355
vn 0.9748 0.2204 -0.0331
vn -0.9748 0.2204 -0.0329
vn -0.9748 0.2205 0.0331
vn 0.9748 0.2205 0.0329
vn 0.9838 0.1736 -0.0451
vn 0.9838 0.1737 0.0449
vn -0.9838 0.1737 0.0451
vn -0.9838 0.1736 -0.0449
vn 0.9790 0.1583 -0.1284
vn -0.9789 0.1586 0.1286
vn 0.9789 0.1586 0.1292
vn -0.9789 0.1583 -0.1290
vn 0.8802 -0.3810 0.2830
vn -0.8814 -0.3802 0.2803
vn 0.8852 -0.3762 -0.2738
vn -0.8868 -0.3740 -0.2715
vn -0.7905 -0.5590 0.2504
vn 0.7894 -0.5601 0.2515
vn -0.7979 -0.5495 -0.2479
vn 0.7951 -0.5531 -0.2489
vn 0.6228 -0.6666 0.4096
vn -0.6213 -0.6677 0.4102
vn 0.6341 -0.6575 -0.4069
vn -0.6407 -0.6529 -0.4041
vn 0.4189 -0.5644 -0.7113
vn -0.4200 -0.5633 -0.7115
vn -0.4078 -0.5550 0.7250
vn 0.4100 -0.5527 0.7255
vn -0.7746 -0.5641 0.2859
vn -0.7791 -0.5573 -0.2871
vn 0.8075 -0.5203 -0.2778
vn 0.8050 -0.5245 0.2774
vn 0.9748 0.1676 0.1475
vn 0.5404 -0.6316 -0.5560
vn 0.5219 -0.6415 0.5622
vn 0.9749 0.1673 -0.1466
vn -0.5167 -0.6426 0.5657
vn -0.9749 0.1673 -0.1472
vn -0.9748 0.1676 0.1469
vn -0.5502 -0.6280 -0.5504
vn -0.0088 0.6862 0.7273
vn 0.0272 0.6852 0.7279
vn -0.0224 0.6855 -0.7277
vn 0.0037 0.6865 -0.7271
vn 0.8525 -0.5193 -0.0594
vn -0.8543 -0.5164 -0.0589
vn -0.9832 0.1788 0.0380
vn 0.9831 0.1788 0.0382
vn -0.0019 0.9673 -0.2535
vn -0.0018 0.9675 -0.2530
vn 0.8516 -0.5208 0.0595
vn -0.8530 -0.5186 0.0594
vn -0.9832 0.1787 -0.0382
vn 0.9832 0.1787 -0.0380
vn 0.0002 0.9674 0.2534
vn 0.0035 0.9675 0.2528
vn 0.9793 -0.0986 0.1767
vn -0.9779 -0.1033 -0.1819
vn 0.9778 -0.1028 -0.1826
vn -0.9797 -0.0991 0.1744
vn 0.0467 0.5426 0.8387
vn -0.0940 -0.0604 0.9937
vn -0.0390 0.6090 -0.7922
vn 0.0804 -0.0598 -0.9950
vn 0.4970 -0.5620 -0.6612
vn 0.4809 -0.5589 0.6756
vn 0.8203 -0.2228 0.5267
vn 0.9382 -0.1358 -0.3182
vn -0.4731 -0.5663 0.6749
vn -0.5094 -0.5499 -0.6619
vn -0.8435 -0.2185 -0.4907
vn -0.9349 -0.1390 0.3264
vn -0.8160 -0.2239 0.5330
vn 0.9338 -0.1389 0.3297
vn 0.0165 0.6114 -0.7912
vn -0.1115 -0.0603 -0.9919
vn 0.9546 -0.0683 -0.2901
vn -0.9542 -0.0682 -0.2912
vn -0.9445 -0.1367 -0.2987
vn 0.8321 -0.2214 -0.5086
vn -0.0234 0.5453 0.8379
vn 0.1233 -0.0608 0.9905
vn -0.9478 -0.0951 0.3042
vn 0.9474 -0.0951 0.3055
vn 0.2390 -0.3217 -0.9162
vn 0.1135 0.0387 -0.9928
vn 0.0915 0.0403 0.9950
vn 0.2306 -0.3727 0.8988
vn -0.2203 -0.3754 0.9003
vn -0.0769 0.0416 0.9962
vn -0.1287 0.0375 -0.9910
vn -0.2515 -0.3191 -0.9138
vn -0.9614 0.0244 -0.2740
vn -1.0000 -0.0004 -0.0046
vn 1.0000 -0.0009 0.0092
vn 0.9516 0.0273 0.3062
vn -0.9542 0.0265 0.2980
vn -1.0000 -0.0004 0.0046
vn 1.0000 -0.0009 -0.0091
vn 0.9548 0.0263 -0.2960
vn -0.9518 0.0275 0.3055
vn 0.9525 0.0272 -0.3034
vn -1.0000 -0.0005 0.0047
vn 1.0000 -0.0009 -0.0094
vn -0.9594 0.0253 -0.2809
vn 0.9490 0.0283 0.3139
vn -1.0000 -0.0005 -0.0047
vn 1.0000 -0.0009 0.0095
vn 0.3066 -0.0691 0.9493
vn 0.2287 -0.0801 0.9702
vn -0.2010 -0.0808 0.9763
vn -0.2817 -0.0701 0.9569
vn 0.2907 0.1240 -0.9487
vn 0.2042 0.0891 -0.9749
vn -0.3058 0.1235 -0.9441
vn -0.2206 0.0889 -0.9713
vn 0.2754 -0.0694 -0.9588
vn 0.1930 -0.0803 -0.9779
vn -0.3047 -0.0688 -0.9500
vn -0.2247 -0.0795 -0.9712
vn -0.2557 0.1247 0.9587
vn -0.1657 0.0908 0.9820
vn 0.1815 0.0907 0.9792
vn 0.2698 0.1243 0.9549
vn -0.9527 0.0795 -0.2932
vn 0.9408 0.0887 0.3273
vn -1.0000 -0.0015 -0.0051
vn 0.9999 -0.0030 0.0103
vn -0.9439 0.0861 0.3187
vn 0.9448 0.0855 -0.3164
vn -1.0000 -0.0015 0.0051
vn 0.9999 -0.0030 -0.0102
vn 0.3279 0.2259 -0.9173
vn 0.3039 0.2276 0.9251
vn -0.2725 -0.2878 0.9181
vn 0.2642 -0.2903 -0.9198
vn -0.2917 -0.2871 -0.9124
vn -0.2912 0.2282 0.9290
vn -0.3417 0.2250 -0.9125
vn 0.2955 -0.2855 0.9117
vn 0.9222 0.1852 -0.3395
vn -0.9850 -0.1205 0.1232
vn 0.9841 -0.1233 -0.1282
vn -0.9331 0.1727 -0.3155
vn 0.9166 0.1920 0.3507
vn -0.9851 -0.1199 -0.1231
vn 0.9838 -0.1238 0.1295
vn -0.9209 0.1867 0.3422
vn 0.4220 -0.3744 0.8257
vn 0.3326 0.4689 -0.8182
vn 0.3079 0.4740 0.8249
vn -0.3440 0.4672 -0.8145
vn 0.3953 -0.3781 -0.8372
vn -0.4188 -0.3739 -0.8275
vn -0.2976 0.4753 0.8280
vn -0.4055 -0.3777 0.8324
vn -0.5309 0.1404 -0.8357
vn 0.5283 0.1393 0.8376
vn -0.8842 0.0335 0.4659
vn 0.8838 0.0343 -0.4667
vn -0.5283 0.1393 0.8376
vn 0.8842 0.0335 0.4659
vn 0.5309 0.1404 -0.8357
vn -0.8838 0.0343 -0.4667
vn -0.4467 0.4178 -0.7912
vn 0.4447 0.4172 0.7926
vn -0.8392 0.3846 0.3845
vn 0.8387 0.3852 -0.3850
vn -0.4447 0.4172 0.7926
vn 0.8392 0.3846 0.3845
vn 0.4467 0.4178 -0.7912
vn -0.8387 0.3852 -0.3850
vn -0.8909 -0.0000 0.4543
vn 0.8905 -0.0000 -0.4551
vn 0.8909 -0.0000 0.4543
vn -0.8905 -0.0000 -0.4551
vn 0.0113 -0.9999 0.0052
vn 0.0114 -0.9999 -0.0052
vn -0.0114 -0.9999 -0.0052
vn -0.0113 -0.9999 0.0052
vn 0.0854 -0.9139 0.3968
vn -0.0854 -0.9139 0.3968
vn 0.0430 -0.9241 -0.3798
vn -0.0430 -0.9241 -0.3798
vn 1.0000 -0.0000 -0.0000
vn 0.8640 -0.1542 0.4792
vn 0.8631 -0.1576 -0.4798
vn -0.8631 -0.1576 -0.4798
vn -0.8640 -0.1542 0.4792
vn -0.2201 -0.5358 0.8151
vn 0.2201 -0.5358 0.8151
vn 0.1498 -0.5384 -0.8293
vn -0.1498 -0.5384 -0.8293
vn 0.0257 -0.9995 -0.0170
vn 0.0261 -0.9995 0.0168
vn -0.0261 -0.9995 0.0168
vn -0.0257 -0.9995 -0.0170
vn 0.8632 -0.3112 0.3976
vn -0.8915 0.2413 0.3835
vn 0.8933 0.2392 -0.3804
vn -0.8658 -0.3099 0.3930
vn 0.8647 -0.3104 -0.3949
vn -0.9077 0.2239 -0.3550
vn 0.8859 0.2477 0.3923
vn -0.8661 -0.3087 -0.3933
vn 0.4962 -0.4589 0.7370
vn 0.3916 0.4907 -0.7784
vn 0.3659 0.4974 0.7866
vn 0.4709 -0.4641 -0.7503
vn -0.4936 -0.4592 -0.7386
vn -0.3581 0.4986 0.7894
vn -0.4008 0.4889 -0.7748
vn -0.8369 0.3731 -0.4006
vn 0.7953 0.4234 0.4338
vn -0.8056 0.4108 0.4269
vn 0.8099 0.4058 -0.4236
vn 0.3817 0.7103 -0.5914
vn -0.3884 0.7082 -0.5896
vn -0.3498 0.7215 0.5975
vn 0.3541 0.7205 0.5962
vn 0.4644 0.7968 0.3867
vn 0.4815 0.7854 -0.3890
vn -0.4636 0.7970 0.3871
vn -0.4853 0.7840 -0.3870
vn -0.7649 -0.5414 -0.3489
vn -0.7652 -0.5420 0.3474
vn 0.7635 -0.5435 -0.3489
vn 0.7629 -0.5436 0.3501
vn 0.4513 -0.6802 0.5776
vn -0.4829 -0.4621 0.7439
vn -0.4410 -0.6846 0.5804
vn -0.4485 -0.6812 -0.5786
vn 0.4261 -0.6898 -0.5853
vn -0.4302 0.8576 0.2818
vn 0.4304 0.8575 0.2819
vn -0.4367 0.8557 -0.2775
vn 0.4353 0.8567 -0.2767
vn 0.9951 -0.0000 -0.0991
vn 0.9951 -0.0000 0.0991
vn -0.9952 -0.0000 0.0974
vn -0.9953 -0.0000 -0.0967
vn 0.8909 0.3128 -0.3292
vn 0.8826 0.3275 0.3372
vn -0.8953 0.3055 0.3243
vn -0.9108 0.2776 -0.3057
vn 0.6047 -0.5513 0.5748
vn -0.6012 -0.5538 0.5761
vn 0.5863 -0.5614 -0.5840
vn -0.6041 -0.5516 -0.5751
vn 0.9264 -0.3244 -0.1911
vn 0.9266 -0.3237 0.1914
vn -0.9275 -0.3223 0.1892
vn -0.9271 -0.3228 -0.1905
vn 0.9614 0.1975 -0.1916
vn 0.9613 0.1979 0.1916
vn -0.9608 0.2004 0.1915
vn -0.9603 0.2030 -0.1914
vn -0.9590 0.1955 -0.2050
vn -0.9577 0.1831 0.2221
vn 0.9547 0.1672 0.2460
vn 0.9561 0.1718 -0.2373
vn -0.4980 -0.7667 0.4051
vn 0.4979 -0.7664 0.4058
vn 0.4847 -0.7734 -0.4086
vn -0.4984 -0.7662 -0.4056
vn 0.2658 -0.8836 0.3855
vn -0.2646 -0.8841 0.3852
vn -0.2538 -0.8843 -0.3918
vn 0.2471 -0.8869 -0.3902
vn -0.9865 -0.1440 0.0786
vn -0.9863 -0.1462 -0.0768
vn 0.9870 -0.1364 0.0850
vn 0.9869 -0.1374 -0.0841
vn 0.9913 0.0356 0.1265
vn 0.9912 0.0396 -0.1264
vn -0.9893 0.0743 -0.1258
vn -0.9901 0.0639 0.1248
vn -0.8413 -0.4620 -0.2806
vn -0.8576 -0.4401 0.2661
vn 0.8613 -0.4348 -0.2629
vn 0.8675 -0.4251 0.2582
vn -1.0000 -0.0000 -0.0000
vn 0.9421 -0.0004 0.3354
vn -0.4557 -0.0014 0.8902
vn -0.9421 0.0002 -0.3354
vn 0.4559 0.0001 -0.8900
vn -0.9421 -0.0004 0.3354
vn 0.9421 0.0002 -0.3354
vn -0.4559 0.0001 -0.8900
vn 0.4557 -0.0014 0.8902
vn -0.0000 -1.0000 -0.0000
vn 0.0016 -0.7101 0.7041
vn -0.0044 -0.7109 -0.7033
vn 0.0010 -0.7101 -0.7041
vn 0.0019 -0.7109 0.7033
vn -0.0241 -0.9520 -0.3051
vn -0.0227 -0.9522 0.3046
vn 0.0210 -0.9523 -0.3046
vn 0.0255 -0.9520 0.3051
vn 0.0136 -0.9780 -0.2084
vn -0.0119 -0.9780 0.2084
vn 0.0157 -0.9778 0.2088
vn -0.0172 -0.9778 -0.2088
vn -0.0306 -0.8436 -0.5361
vn 0.0191 -0.8444 -0.5354
vn -0.0149 -0.8445 0.5353
vn 0.0267 -0.8438 0.5360
vn -0.9210 0.1226 -0.3698
vn 0.9103 0.1048 0.4004
vn 0.9103 0.1048 -0.4004
vn -0.9210 0.1226 0.3698
vn -0.8169 0.5091 -0.2711
vn -0.8192 0.5051 0.2717
vn 0.7823 0.5394 0.3115
vn 0.7780 0.5466 -0.3099
vn -0.4730 0.4494 -0.7578
vn 0.4690 0.4520 -0.7588
vn 0.5010 0.4620 0.7318
vn -0.4993 0.4631 0.7323
vn -0.9171 -0.2833 0.2803
vn -0.9175 -0.2834 -0.2792
vn 0.9171 -0.2833 -0.2803
vn 0.9175 -0.2834 0.2792
vn 0.3672 0.7025 -0.6096
vn 0.4080 0.6904 0.5974
vn -0.4033 0.6961 0.5940
vn -0.3697 0.7035 -0.6070
vn 0.4614 0.7750 -0.4319
vn 0.4926 0.7670 0.4112
vn -0.4860 0.7703 0.4129
vn -0.4604 0.7754 -0.4322
vn 0.9810 0.1456 0.1282
vn 0.9809 0.1456 -0.1287
vn -0.9798 0.1475 -0.1349
vn -0.9797 0.1475 0.1355
vn -0.9748 -0.2204 0.0331
vn 0.9748 -0.2204 0.0329
vn 0.9748 -0.2205 -0.0331
vn -0.9748 -0.2205 -0.0329
vn -0.9838 -0.1736 0.0451
vn -0.9838 -0.1737 -0.0449
vn 0.9838 -0.1737 -0.0451
vn 0.9838 -0.1736 0.0449
vn -0.9790 -0.1583 0.1284
vn 0.9789 -0.1586 -0.1286
vn -0.9789 -0.1586 -0.1292
vn 0.9789 -0.1583 0.1290
vn -0.8802 0.3810 -0.2830
vn 0.8814 0.3802 -0.2803
vn -0.8852 0.3762 0.2738
vn 0.8868 0.3740 0.2715
vn 0.7905 0.5590 -0.2504
vn -0.7894 0.5601 -0.2515
vn 0.7979 0.5495 0.2479
vn -0.7951 0.5531 0.2489
vn -0.6228 0.6666 -0.4096
vn 0.6213 0.6677 -0.4102
vn -0.6341 0.6575 0.4069
vn 0.6407 0.6529 0.4041
vn -0.4189 0.5644 0.7113
vn 0.4200 0.5633 0.7115
vn 0.4078 0.5550 -0.7250
vn -0.4100 0.5527 -0.7255
vn 0.7746 0.5641 -0.2859
vn 0.7791 0.5573 0.2871
vn -0.8075 0.5203 0.2778
vn -0.8050 0.5245 -0.2774
vn -0.9748 -0.1676 -0.1475
vn -0.5404 0.6316 0.5560
vn -0.5219 0.6415 -0.5622
vn -0.9749 -0.1673 0.1466
vn 0.5167 0.6426 -0.5657
vn 0.9749 -0.1673 0.1472
vn 0.9748 -0.1676 -0.1469
vn 0.5502 0.6280 0.5504
vn 0.0088 -0.6862 -0.7273
vn -0.0272 -0.6852 -0.7279
vn 0.0224 -0.6855 0.7277
vn -0.0037 -0.6865 0.7271
vn -0.8525 0.5193 0.0594
vn 0.8543 0.5164 0.0589
vn 0.9832 -0.1788 -0.0380
vn -0.9831 -0.1788 -0.0382
vn 0.0019 -0.9673 0.2535
vn 0.0018 -0.9675 0.2530
vn -0.8516 0.5208 -0.0595
vn 0.8530 0.5186 -0.0594
vn 0.9832 -0.1787 0.0382
vn -0.9832 -0.1787 0.0380
vn -0.0002 -0.9674 -0.2534
vn -0.0035 -0.9675 -0.2528
vn -0.9793 0.0986 -0.1767
vn 0.9779 0.1033 0.1819
vn -0.9778 0.1028 0.1826
vn 0.9797 0.0991 -0.1744
vn -0.0467 -0.5426 -0.8387
vn 0.0940 0.0604 -0.9937
vn 0.0390 -0.6090 0.7922
vn -0.0804 0.0598 0.9950
vn -0.4970 0.5620 0.6612
vn -0.4809 0.5589 -0.6756
vn -0.8203 0.2228 -0.5267
vn -0.9382 0.1358 0.3182
vn 0.4731 0.5663 -0.6749
vn 0.5094 0.5499 0.6619
vn 0.8435 0.2185 0.4907
vn 0.9349 0.1390 -0.3264
vn 0.8160 0.2239 -0.5330
vn -0.9338 0.1389 -0.3297
vn -0.0165 -0.6114 0.7912
vn 0.1115 0.0603 0.9919
vn -0.9546 0.0683 0.2901
vn 0.9542 0.0682 0.2912
vn 0.9445 0.1367 0.2987
vn -0.8321 0.2214 0.5086
vn 0.0234 -0.5453 -0.8379
vn -0.1233 0.0608 -0.9905
vn 0.9478 0.0951 -0.3042
vn -0.9474 0.0951 -0.3055
vn -0.2390 0.3217 0.9162
vn -0.1135 -0.0387 0.9928
vn -0.0915 -0.0403 -0.9950
vn -0.2306 0.3727 -0.8988
vn 0.2203 0.3754 -0.9003
vn 0.0769 -0.0416 -0.9962
vn 0.1287 -0.0375 0.9910
vn 0.2515 0.3191 0.9138
vn 0.9614 -0.0244 0.2740
vn 1.0000 0.0004 0.0046
vn -1.0000 0.0009 -0.0092
vn -0.9516 -0.0273 -0.3062
vn 0.9542 -0.0265 -0.2980
vn 1.0000 0.0004 -0.0046
vn -1.0000 0.0009 0.0091
vn -0.9548 -0.0263 0.2960
vn 0.9518 -0.0275 -0.3055
vn -0.9525 -0.0272 0.3034
vn 1.0000 0.0005 -0.0047
vn -1.0000 0.0009 0.0094
vn 0.9594 -0.0253 0.2809
vn -0.9490 -0.0283 -0.3139
vn 1.0000 0.0005 0.0047
vn -1.0000 0.0009 -0.0095
vn -0.3066 0.0691 -0.9493
vn -0.2287 0.0801 -0.9702
vn 0.2010 0.0808 -0.9763
vn 0.2817 0.0701 -0.9569
vn -0.2907 -0.1240 0.9487
vn -0.2042 -0.0891 0.9749
vn 0.3058 -0.1235 0.9441
vn 0.2206 -0.0889 0.9713
vn -0.2754 0.0694 0.9588
vn -0.1930 0.0803 0.9779
vn 0.3047 0.0688 0.9500
vn 0.2247 0.0795 0.9712
vn 0.2557 -0.1247 -0.9587
vn 0.1657 -0.0908 -0.9820
vn -0.1815 -0.0907 -0.9792
vn -0.2698 -0.1243 -0.9549
vn 0.9527 -0.0795 0.2932
vn -0.9408 -0.0887 -0.3273
vn 1.0000 0.0015 0.0051
vn -0.9999 0.0030 -0.0103
vn 0.9439 -0.0861 -0.3187
vn -0.9448 -0.0855 0.3164
vn 1.0000 0.0015 -0.0051
vn -0.9999 0.0030 0.0102
vn -0.3279 -0.2259 0.9173
vn -0.3039 -0.2276 -0.9251
vn 0.2725 0.2878 -0.9181
vn -0.2642 0.2903 0.9198
vn 0.2917 0.2871 0.9124
vn 0.2912 -0.2282 -0.9290
vn 0.3417 -0.2250 0.9125
vn -0.2955 0.2855 -0.9117
vn -0.9222 -0.1852 0.3395
vn 0.9850 0.1205 -0.1232
vn -0.9841 0.1233 0.1282
vn 0.9331 -0.1727 0.3155
vn -0.9166 -0.1920 -0.3507
vn 0.9851 0.1199 0.1231
vn -0.9838 0.1238 -0.1295
vn 0.9209 -0.1867 -0.3422
vn -0.4220 0.3744 -0.8257
vn -0.3326 -0.4689 0.8182
vn -0.3079 -0.4740 -0.8249
vn 0.3440 -0.4672 0.8145
vn -0.3953 0.3781 0.8372
vn 0.4188 0.3739 0.8275
vn 0.2976 -0.4753 -0.8280
vn 0.4055 0.3777 -0.8324
vn 0.5309 -0.1404 0.8357
vn -0.5283 -0.1393 -0.8376
vn 0.8842 -0.0335 -0.4659
vn -0.8838 -0.0343 0.4667
vn 0.5283 -0.1393 -0.8376
vn -0.8842 -0.0335 -0.4659
vn -0.5309 -0.1404 0.8357
vn 0.8838 -0.0343 0.4667
vn 0.4467 -0.4178 0.7912
vn -0.4447 -0.4172 -0.7926
vn 0.8392 -0.3846 -0.3845
vn -0.8387 -0.3852 0.3850
vn 0.4447 -0.4172 -0.7926
vn -0.8392 -0.3846 -0.3845
vn -0.4467 -0.4178 0.7912
vn 0.8387 -0.3852 0.3850
vn 0.8909 -0.0000 -0.4543
vn -0.8905 -0.0000 0.4551
vn -0.8909 -0.0000 -0.4543
vn 0.8905 -0.0000 0.4551
vn -0.0113 0.9999 -0.0052
vn -0.0114 0.9999 0.0052
vn 0.0114 0.9999 0.0052
vn 0.0113 0.9999 -0.0052
vn -0.0854 0.9139 -0.3968
vn 0.0854 0.9139 -0.3968
vn -0.0430 0.9241 0.3798
vn 0.0430 0.9241 0.3798
vn -0.8640 0.1542 -0.4792
vn -0.8631 0.1576 0.4798
vn 0.8631 0.1576 0.4798
vn 0.8640 0.1542 -0.4792
vn 0.2201 0.5358 -0.8151
vn -0.2201 0.5358 -0.8151
vn -0.1498 0.5384 0.8293
vn 0.1498 0.5384 0.8293
vn -0.0257 0.9995 0.0170
vn -0.0261 0.9995 -0.0168
vn 0.0261 0.9995 -0.0168
vn 0.0257 0.9995 0.0170
vn -0.8632 0.3112 -0.3976
vn 0.8915 -0.2413 -0.3835
vn -0.8933 -0.2392 0.3804
vn 0.8658 0.3099 -0.3930
vn -0.8647 0.3104 0.3949
vn 0.9077 -0.2239 0.3550
vn -0.8859 -0.2477 -0.3923
vn 0.8661 0.3087 0.3933
vn -0.4962 0.4589 -0.7370
vn -0.3916 -0.4907 0.7784
vn -0.3659 -0.4974 -0.7866
vn -0.4709 0.4641 0.7503
vn 0.4936 0.4592 0.7386
vn 0.3581 -0.4986 -0.7894
vn 0.4008 -0.4889 0.7748
vn 0.8369 -0.3731 0.4006
vn -0.7953 -0.4234 -0.4338
vn 0.8056 -0.4108 -0.4269
vn -0.8099 -0.4058 0.4236
vn -0.3817 -0.7103 0.5914
vn 0.3884 -0.7082 0.5896
vn 0.3498 -0.7215 -0.5975
vn -0.3541 -0.7205 -0.5962
vn -0.4644 -0.7968 -0.3867
vn -0.4815 -0.7854 0.3890
vn 0.4636 -0.7970 -0.3871
vn 0.4853 -0.7840 0.3870
vn 0.7649 0.5414 0.3489
vn 0.7652 0.5420 -0.3474
vn -0.7635 0.5435 0.3489
vn -0.7629 0.5436 -0.3501
vn -0.4513 0.6802 -0.5776
vn 0.4829 0.4621 -0.7439
vn 0.4410 0.6846 -0.5804
vn 0.4485 0.6812 0.5786
vn -0.4261 0.6898 0.5853
vn 0.4302 -0.8576 -0.2818
vn -0.4304 -0.8575 -0.2819
vn 0.4367 -0.8557 0.2775
vn -0.4353 -0.8567 0.2767
vn -0.9951 -0.0000 0.0991
vn -0.9951 -0.0000 -0.0991
vn 0.9952 -0.0000 -0.0974
vn 0.9953 -0.0000 0.0967
vn -0.8909 -0.3128 0.3292
vn -0.8826 -0.3275 -0.3372
vn 0.8953 -0.3055 -0.3243
vn 0.9108 -0.2776 0.3057
vn -0.6047 0.5513 -0.5748
vn 0.6012 0.5538 -0.5761
vn -0.5863 0.5614 0.5840
vn 0.6041 0.5516 0.5751
vn -0.9264 0.3244 0.1911
vn -0.9266 0.3237 -0.1914
vn 0.9275 0.3223 -0.1892
vn 0.9271 0.3228 0.1905
vn -0.9614 -0.1975 0.1916
vn -0.9613 -0.1979 -0.1916
vn 0.9608 -0.2004 -0.1915
vn 0.9603 -0.2030 0.1914
vn 0.9590 -0.1955 0.2050
vn 0.9577 -0.1831 -0.2221
vn -0.9547 -0.1672 -0.2460
vn -0.9561 -0.1718 0.2373
vn 0.4980 0.7667 -0.4051
vn -0.4979 0.7664 -0.4058
vn -0.4847 0.7734 0.4086
vn 0.4984 0.7662 0.4056
vn -0.2658 0.8836 -0.3855
vn 0.2646 0.8841 -0.3852
vn 0.2538 0.8843 0.3918
vn -0.2472 0.8869 0.3902
vn 0.9865 0.1440 -0.0786
vn 0.9863 0.1462 0.0768
vn -0.9870 0.1364 -0.0850
vn -0.9869 0.1374 0.0841
vn -0.9913 -0.0356 -0.1265
vn -0.9912 -0.0396 0.1264
vn 0.9893 -0.0743 0.1258
vn 0.9901 -0.0639 -0.1248
vn 0.8413 0.4620 0.2806
vn 0.8576 0.4401 -0.2661
vn -0.8613 0.4348 0.2629
vn -0.8675 0.4251 -0.2582
vt 0.162298 0.741910
vt 0.162164 0.883751
vt 0.177568 0.883751
vt 0.177769 0.741910
vt 0.182427 0.741910
vt 0.182166 0.883751
vt 0.146793 0.883751
vt 0.146800 0.741910
vt 0.142170 0.741910
vt 0.142160 0.883751
vt 0.180822 0.958454
vt 0.143107 0.958454
vt 0.161964 0.958454
vt 0.143190 0.958454
vt 0.130444 0.971040
vt 0.128812 0.972679
vt 0.195347 0.972679
vt 0.193485 0.971040
vt 0.180905 0.958454
vt 0.195200 0.972679
vt 0.128665 0.972679
vt 0.230150 0.983307
vt 0.229463 0.983147
vt 0.094284 0.983147
vt 0.093746 0.983307
vt 0.229761 0.983147
vt 0.094582 0.983147
vt 0.078740 0.987254
vt 0.079239 0.987060
vt 0.060943 0.983147
vt 0.060464 0.983374
vt 0.245161 0.987254
vt 0.244824 0.987060
vt 0.263126 0.983147
vt 0.263424 0.983374
vt 0.244459 0.987060
vt 0.262681 0.983147
vt 0.079603 0.987060
vt 0.061388 0.983147
vt 0.038641 0.968677
vt 0.038215 0.969248
vt 0.038096 0.968677
vt 0.285976 0.968677
vt 0.285688 0.969248
vt 0.285431 0.968677
vt 0.162048 0.958454
vt 0.143190 0.896084
vt 0.162048 0.896084
vt 0.180822 0.896084
vt 0.161964 0.896084
vt 0.143107 0.896084
vt 0.180905 0.896084
vt 0.144511 0.889918
vt 0.162104 0.889918
vt 0.179714 0.889918
vt 0.162061 0.889918
vt 0.179672 0.889918
vt 0.144468 0.889918
vt 0.132611 0.896855
vt 0.136692 0.890303
vt 0.192605 0.896855
vt 0.188091 0.890303
vt 0.128710 0.958454
vt 0.195449 0.958454
vt 0.195302 0.958454
vt 0.128563 0.958454
vt 0.128563 0.909411
vt 0.195302 0.909411
vt 0.195449 0.909411
vt 0.128710 0.909411
vt 0.109099 0.909959
vt 0.217051 0.909959
vt 0.093190 0.958454
vt 0.092886 0.958454
vt 0.230822 0.958454
vt 0.231126 0.958454
vt 0.078056 0.962367
vt 0.246333 0.962367
vt 0.245962 0.962367
vt 0.077685 0.962367
vt 0.302916 0.950875
vt 0.264838 0.958454
vt 0.021155 0.950875
vt 0.059174 0.958454
vt 0.021775 0.950875
vt 0.059626 0.958454
vt 0.302297 0.950875
vt 0.264386 0.958454
vt 0.097636 0.917990
vt 0.228389 0.917990
vt 0.083643 0.918196
vt 0.058187 0.933836
vt 0.242322 0.918196
vt 0.267593 0.933836
vt 0.037371 0.938863
vt 0.287191 0.938863
vt 0.286641 0.938863
vt 0.036821 0.938863
vt 0.021889 0.951790
vt 0.302036 0.951790
vt 0.034208 0.933356
vt 0.018152 0.944151
vt 0.022180 0.895552
vt 0.033154 0.893552
vt 0.289945 0.934180
vt 0.306071 0.945157
vt 0.301888 0.895552
vt 0.290860 0.893552
vt 0.306707 0.945157
vt 0.290510 0.934180
vt 0.291429 0.893552
vt 0.302506 0.895552
vt 0.017516 0.944151
vt 0.033643 0.933356
vt 0.032585 0.893552
vt 0.021562 0.895552
vt 0.016755 0.945087
vt 0.018378 0.896632
vt 0.307091 0.946090
vt 0.305551 0.896632
vt 0.043101 0.933536
vt 0.048831 0.928208
vt 0.276579 0.928208
vt 0.281885 0.933536
vt 0.281509 0.929346
vt 0.043548 0.928608
vt 0.044239 0.892993
vt 0.281610 0.933536
vt 0.042826 0.933536
vt 0.043275 0.928608
vt 0.281235 0.929346
vt 0.280474 0.892993
vt 0.280749 0.892993
vt 0.043964 0.892993
vt 0.044851 0.923860
vt 0.047332 0.892434
vt 0.278077 0.892434
vt 0.280567 0.924511
vt 0.047683 0.849311
vt 0.036661 0.849870
vt 0.297499 0.851869
vt 0.286818 0.849870
vt 0.026583 0.851869
vt 0.037213 0.849869
vt 0.277025 0.849311
vt 0.287370 0.849869
vt 0.276759 0.849311
vt 0.025985 0.851869
vt 0.298098 0.851869
vt 0.047949 0.849311
vt 0.284100 0.820871
vt 0.274259 0.820312
vt 0.039930 0.820871
vt 0.050433 0.820312
vt 0.039391 0.820871
vt 0.028947 0.822871
vt 0.284639 0.820871
vt 0.295134 0.822871
vt 0.050172 0.820312
vt 0.274520 0.820312
vt 0.294549 0.822871
vt 0.029532 0.822871
vt 0.022325 0.825556
vt 0.020976 0.855480
vt 0.051668 0.848076
vt 0.056836 0.818522
vt 0.302991 0.855480
vt 0.301682 0.825556
vt 0.273649 0.848076
vt 0.268533 0.818522
vt 0.056552 0.795633
vt 0.046385 0.796192
vt 0.268117 0.795633
vt 0.277659 0.796192
vt 0.287003 0.798192
vt 0.277150 0.796192
vt 0.037089 0.798192
vt 0.046894 0.796192
vt 0.267871 0.795633
vt 0.056798 0.795633
vt 0.036536 0.798192
vt 0.287556 0.798192
vt 0.062107 0.795941
vt 0.263312 0.795941
vt 0.030603 0.799643
vt 0.293299 0.799643
vt 0.057442 0.777683
vt 0.066440 0.777124
vt 0.056979 0.777683
vt 0.048032 0.779682
vt 0.267091 0.777683
vt 0.276082 0.779682
vt 0.066216 0.777124
vt 0.258422 0.777124
vt 0.275580 0.779682
vt 0.266629 0.777683
vt 0.048534 0.779682
vt 0.258198 0.777124
vt 0.034520 0.782285
vt 0.076015 0.773359
vt 0.249395 0.773359
vt 0.289409 0.782285
vt 0.182008 0.726715
vt 0.180733 0.735452
vt 0.186283 0.735452
vt 0.187943 0.726715
vt 0.142578 0.726715
vt 0.143843 0.735452
vt 0.138329 0.735452
vt 0.136687 0.726715
vt 0.162305 0.735452
vt 0.162315 0.726716
vt 0.142578 0.710520
vt 0.162315 0.710520
vt 0.162315 0.694324
vt 0.142578 0.694324
vt 0.182008 0.710520
vt 0.182008 0.694324
vt 0.139870 0.694655
vt 0.183836 0.694655
vt 0.135944 0.696360
vt 0.187985 0.696360
vt 0.162297 0.688925
vt 0.180351 0.689256
vt 0.143469 0.689256
vt 0.145740 0.689439
vt 0.162297 0.689439
vt 0.178817 0.689439
vt 0.060482 0.753461
vt 0.074669 0.751461
vt 0.249435 0.751461
vt 0.242392 0.750902
vt 0.082186 0.750902
vt 0.074283 0.751461
vt 0.060033 0.753461
vt 0.249821 0.751461
vt 0.264107 0.753461
vt 0.082000 0.750902
vt 0.242578 0.750902
vt 0.263658 0.753461
vt 0.052749 0.754124
vt 0.091031 0.750778
vt 0.234379 0.750778
vt 0.271180 0.754124
vt 0.110986 0.727522
vt 0.106059 0.727950
vt 0.213506 0.727522
vt 0.218130 0.727950
vt 0.217884 0.727950
vt 0.213387 0.727522
vt 0.106306 0.727950
vt 0.111105 0.727522
vt 0.119700 0.728196
vt 0.205709 0.728196
vt 0.197757 0.718154
vt 0.196826 0.726524
vt 0.126842 0.718154
vt 0.128194 0.726524
vt 0.197698 0.718154
vt 0.126782 0.718154
vt 0.232476 0.727856
vt 0.091354 0.727856
vt 0.232787 0.727856
vt 0.091665 0.727856
vt 0.083561 0.725962
vt 0.240368 0.725962
vt 0.120243 0.717239
vt 0.204131 0.717239
vt 0.203946 0.717239
vt 0.120058 0.717239
vt 0.102975 0.716930
vt 0.095146 0.713018
vt 0.102713 0.716930
vt 0.221427 0.716930
vt 0.228783 0.713018
vt 0.221166 0.716930
vt 0.122813 0.710520
vt 0.201773 0.710520
vt 0.120997 0.705876
vt 0.118102 0.702283
vt 0.121178 0.705876
vt 0.203143 0.705876
vt 0.205827 0.702283
vt 0.202963 0.705876
vt 0.028527 0.777395
vt 0.022534 0.771992
vt 0.021524 0.756814
vt 0.022114 0.739415
vt 0.024289 0.730716
vt 0.033925 0.722016
vt 0.054809 0.712376
vt 0.070834 0.715159
vt 0.253095 0.715159
vt 0.299640 0.730716
vt 0.290004 0.722016
vt 0.301815 0.739415
vt 0.295402 0.777395
vt 0.301395 0.771992
vt 0.302405 0.756814
vt 0.269120 0.712376
s 0
usemtl Material
f 261/1/1 10/2/1 4/3/1 257/4/1
f 263/5/2 14/6/2 8/3/2 258/4/2
f 260/1/3 12/2/3 6/7/3 259/8/3
f 262/9/4 16/10/4 2/7/4 256/8/4
f 258/4/5 8/3/5 12/2/5 260/1/5
f 256/8/6 2/7/6 10/2/6 261/1/6
f 259/8/7 6/7/7 16/10/7 262/9/7
f 257/4/8 4/3/8 14/6/8 263/5/8
f 63/11/9 64/12/9 70/12/9 69/11/9
f 69/11/9 70/12/9 72/12/9 97/13/9 71/11/9
f 72/12/9 97/13/9 78/13/9 76/12/9
f 71/11/9 75/11/9 78/13/9 97/13/9
f 74/14/10 72/12/10 65/15/10 80/16/10
f 79/17/11 66/18/11 71/11/11 73/19/11
f 81/20/12 75/11/12 71/11/12 66/18/12
f 65/15/13 72/12/13 76/12/13 82/21/13
f 81/20/14 66/18/14 51/22/14 87/23/14
f 65/15/15 82/21/15 88/24/15 52/25/15
f 66/18/16 79/17/16 85/26/16 51/22/16
f 80/16/17 65/15/17 52/25/17 86/27/17
f 139/28/18 140/29/18 92/30/18 67/31/18
f 145/32/19 146/33/19 89/34/19 68/35/19
f 147/36/20 145/32/20 68/35/20 91/37/20
f 141/38/21 139/28/21 67/31/21 90/39/21
f 133/40/22 90/39/22 67/31/22 132/41/22
f 134/42/23 132/41/23 67/31/23 92/30/23
f 136/43/24 135/44/24 68/35/24 89/34/24
f 137/45/25 91/37/25 68/35/25 135/44/25
f 77/46/9 97/13/9 72/12/9 74/14/9
f 77/46/9 73/19/9 71/11/9 97/13/9
f 77/46/26 74/14/26 99/47/26 102/48/26
f 78/13/27 75/11/27 100/49/27 103/50/27
f 78/13/28 103/50/28 101/51/28 76/12/28
f 73/19/29 77/46/29 102/48/29 98/52/29
f 123/53/30 122/54/30 102/48/30 99/47/30
f 122/54/31 124/55/31 98/52/31 102/48/31
f 125/56/32 103/50/32 100/49/32 126/57/32
f 127/58/33 101/51/33 103/50/33 125/56/33
f 123/53/34 99/47/34 29/59/34 120/60/34
f 127/58/35 120/60/35 29/59/35 101/51/35
f 126/57/36 100/49/36 30/61/36 121/62/36
f 124/55/37 121/62/37 30/61/37 98/52/37
f 80/16/38 105/63/38 74/14/38
f 79/17/39 73/19/39 104/64/39
f 81/20/40 106/65/40 75/11/40
f 82/21/41 76/12/41 107/66/41
f 111/67/42 101/51/42 29/59/42
f 100/49/43 110/68/43 30/61/43
f 98/52/44 30/61/44 108/69/44
f 99/47/45 109/70/45 29/59/45
f 29/59/46 25/71/46 111/67/46
f 26/72/47 30/61/47 110/68/47
f 26/72/48 108/69/48 30/61/48
f 25/71/49 29/59/49 109/70/49
f 101/51/50 111/67/50 107/66/50 76/12/50
f 100/49/51 75/11/51 106/65/51 110/68/51
f 98/52/52 108/69/52 104/64/52 73/19/52
f 99/47/53 74/14/53 105/63/53 109/70/53
f 113/73/54 105/63/54 80/16/54 86/27/54
f 88/24/55 82/21/55 107/66/55 115/74/55
f 114/75/56 106/65/56 81/20/56 87/23/56
f 85/26/57 79/17/57 104/64/57 112/76/57
f 142/77/58 113/73/58 86/27/58 141/38/58
f 146/33/59 85/26/59 112/76/59 148/78/59
f 149/79/60 114/75/60 87/23/60 147/36/60
f 140/29/61 88/24/61 115/74/61 143/80/61
f 93/81/62 136/43/62 89/34/62 116/82/62
f 96/83/63 134/42/63 92/30/63 119/84/63
f 94/85/64 117/86/64 90/39/64 133/40/64
f 95/87/65 118/88/65 91/37/65 137/45/65
f 105/63/66 113/73/66 25/71/66 109/70/66
f 107/66/67 111/67/67 25/71/67 115/74/67
f 104/64/68 108/69/68 26/72/68 112/76/68
f 106/65/69 114/75/69 26/72/69 110/68/69
f 138/89/70 143/80/70 115/74/70 25/71/70
f 138/89/71 25/71/71 113/73/71 142/77/71
f 144/90/72 26/72/72 114/75/72 149/79/72
f 144/90/73 148/78/73 112/76/73 26/72/73
f 31/91/74 117/86/74 27/92/74
f 31/91/75 27/92/75 119/84/75
f 32/93/76 28/94/76 116/82/76
f 32/93/77 118/88/77 28/94/77
f 8/3/78 14/6/78 121/62/78 124/55/78
f 4/3/79 126/57/79 121/62/79 14/6/79
f 2/7/80 16/10/80 120/60/80 127/58/80
f 6/7/81 123/53/81 120/60/81 16/10/81
f 2/7/82 127/58/82 125/56/82 10/2/82
f 10/2/83 125/56/83 126/57/83 4/3/83
f 12/2/84 8/3/84 124/55/84 122/54/84
f 6/7/85 12/2/85 122/54/85 123/53/85
f 117/86/86 94/85/86 129/95/86
f 117/86/87 129/95/87 27/92/87
f 116/82/88 28/94/88 128/96/88
f 116/82/89 128/96/89 93/81/89
f 118/88/90 130/97/90 28/94/90
f 118/88/91 95/87/91 130/97/91
f 119/84/92 131/98/92 96/83/92
f 119/84/93 27/92/93 131/98/93
f 96/83/94 46/99/94 132/41/94 134/42/94
f 94/85/95 133/40/95 132/41/95 46/99/95
f 95/87/96 137/45/96 135/44/96 45/100/96
f 93/81/97 45/100/97 135/44/97 136/43/97
f 31/91/98 138/89/98 142/77/98 117/86/98
f 31/91/99 119/84/99 143/80/99 138/89/99
f 92/30/100 140/29/100 143/80/100 119/84/100
f 117/86/101 142/77/101 141/38/101 90/39/101
f 86/27/102 52/25/102 139/28/102 141/38/102
f 52/25/103 88/24/103 140/29/103 139/28/103
f 32/93/104 116/82/104 148/78/104 144/90/104
f 32/93/105 144/90/105 149/79/105 118/88/105
f 118/88/106 149/79/106 147/36/106 91/37/106
f 89/34/107 146/33/107 148/78/107 116/82/107
f 87/23/108 51/22/108 145/32/108 147/36/108
f 51/22/109 85/26/109 146/33/109 145/32/109
f 171/101/110 170/102/110 153/103/110 157/104/110
f 165/105/111 164/106/111 154/107/111 158/108/111
f 167/109/112 166/110/112 156/111/112 152/112/112
f 173/113/113 172/114/113 159/115/113 155/116/113
f 169/117/114 170/102/114 94/85/114 46/99/114
f 169/117/115 173/113/115 155/116/115 150/118/115
f 163/119/116 164/106/116 95/87/116 45/100/116
f 163/119/117 167/109/117 152/112/117 151/120/117
f 27/92/118 129/95/118 174/121/118 19/122/118
f 28/94/119 20/123/119 177/124/119 128/96/119
f 179/125/120 166/110/120 128/96/120 177/124/120
f 176/126/121 171/101/121 157/104/121 175/127/121
f 28/94/122 130/97/122 180/128/122 20/123/122
f 27/92/123 19/122/123 183/129/123 131/98/123
f 185/130/124 172/114/124 131/98/124 183/129/124
f 182/131/125 165/105/125 158/108/125 181/132/125
f 180/128/126 130/97/126 165/105/126 182/131/126
f 178/133/127 156/111/127 166/110/127 179/125/127
f 45/100/128 93/81/128 167/109/128 163/119/128
f 151/120/129 154/107/129 164/106/129 163/119/129
f 93/81/130 128/96/130 166/110/130 167/109/130
f 130/97/131 95/87/131 164/106/131 165/105/131
f 184/134/132 159/115/132 172/114/132 185/130/132
f 174/121/133 129/95/133 171/101/133 176/126/133
f 46/99/134 96/83/134 173/113/134 169/117/134
f 150/118/135 153/103/135 170/102/135 169/117/135
f 96/83/136 131/98/136 172/114/136 173/113/136
f 129/95/137 94/85/137 170/102/137 171/101/137
f 19/122/138 174/121/138 176/126/138 168/135/138
f 168/135/139 176/126/139 175/127/139 160/136/139
f 161/137/140 178/133/140 179/125/140 162/138/140
f 162/138/141 179/125/141 177/124/141 20/123/141
f 20/123/142 180/128/142 182/131/142 162/138/142
f 162/138/143 182/131/143 181/132/143 161/137/143
f 160/136/144 184/134/144 185/130/144 168/135/144
f 168/135/145 185/130/145 183/129/145 19/122/145
f 159/115/146 184/134/146 197/139/146 193/140/146
f 158/108/147 154/107/147 188/141/147 192/142/147
f 157/104/148 153/103/148 187/143/148 191/144/148
f 156/111/149 178/133/149 195/145/149 190/146/149
f 181/132/150 158/108/150 192/142/150 196/147/150
f 155/116/151 159/115/151 193/140/151 189/148/151
f 152/112/152 156/111/152 190/146/152 186/149/152
f 175/127/153 157/104/153 191/144/153 194/150/153
f 196/147/154 192/142/154 204/151/154 208/152/154
f 194/150/155 191/144/155 203/153/155 206/154/155
f 189/148/156 193/140/156 205/155/156 201/156/156
f 186/149/157 190/146/157 202/157/157 198/158/157
f 193/140/158 197/139/158 209/159/158 205/155/158
f 190/146/159 195/145/159 207/160/159 202/157/159
f 192/142/160 188/141/160 200/161/160 204/151/160
f 191/144/161 187/143/161 199/162/161 203/153/161
f 84/163/162 199/162/162 187/143/162 55/164/162
f 55/164/163 187/143/163 153/103/163 150/118/163
f 150/118/164 155/116/164 189/148/164 55/164/164
f 55/164/165 189/148/165 201/156/165 84/163/165
f 53/165/166 194/150/166 206/154/166 21/166/166
f 160/136/167 175/127/167 194/150/167 53/165/167
f 21/166/168 209/159/168 197/139/168 53/165/168
f 53/165/169 197/139/169 184/134/169 160/136/169
f 56/167/170 186/149/170 198/158/170 83/168/170
f 151/120/171 152/112/171 186/149/171 56/167/171
f 83/168/172 200/161/172 188/141/172 56/167/172
f 56/167/173 188/141/173 154/107/173 151/120/173
f 54/169/174 196/147/174 208/152/174 22/170/174
f 161/137/175 181/132/175 196/147/175 54/169/175
f 54/169/176 195/145/176 178/133/176 161/137/176
f 22/170/177 207/160/177 195/145/177 54/169/177
f 205/155/178 209/159/178 233/171/178 229/172/178
f 202/157/179 207/160/179 231/173/179 226/174/179
f 204/151/180 200/161/180 224/175/180 228/176/180
f 203/153/181 199/162/181 223/177/181 227/178/181
f 208/152/182 204/151/182 228/176/182 232/179/182
f 206/154/183 203/153/183 227/178/183 230/180/183
f 201/156/184 205/155/184 229/172/184 225/181/184
f 198/158/185 202/157/185 226/174/185 222/182/185
f 21/166/186 206/154/186 230/180/186 210/183/186
f 211/184/187 231/173/187 207/160/187 22/170/187
f 84/163/188 201/156/188 225/181/188 57/185/188
f 83/168/189 198/158/189 222/182/189 58/186/189
f 58/186/190 224/175/190 200/161/190 83/168/190
f 22/170/191 208/152/191 232/179/191 211/184/191
f 210/183/192 233/171/192 209/159/192 21/166/192
f 57/185/193 223/177/193 199/162/193 84/163/193
f 230/180/194 227/178/194 239/187/194 242/188/194
f 225/181/195 229/172/195 241/189/195 237/190/195
f 222/182/196 226/174/196 238/191/196 234/192/196
f 229/172/197 233/171/197 245/193/197 241/189/197
f 226/174/198 231/173/198 243/194/198 238/191/198
f 228/176/199 224/175/199 236/195/199 240/196/199
f 227/178/200 223/177/200 235/197/200 239/187/200
f 232/179/201 228/176/201 240/196/201 244/198/201
f 59/199/202 235/197/202 223/177/202 57/185/202
f 210/183/203 230/180/203 242/188/203 23/200/203
f 24/201/204 243/194/204 231/173/204 211/184/204
f 23/200/205 245/193/205 233/171/205 210/183/205
f 58/186/206 222/182/206 234/192/206 60/202/206
f 60/202/207 236/195/207 224/175/207 58/186/207
f 211/184/208 232/179/208 244/198/208 24/201/208
f 57/185/209 225/181/209 237/190/209 59/199/209
f 3/203/210 249/204/210 255/205/210 13/206/210
f 5/207/211 251/208/211 254/209/211 15/210/211
f 1/207/212 248/208/212 253/211/212 9/212/212
f 7/203/213 250/204/213 252/211/213 11/212/213
f 15/210/214 254/209/214 248/208/214 1/207/214
f 11/212/215 252/211/215 251/208/215 5/207/215
f 13/206/216 255/205/216 250/204/216 7/203/216
f 9/212/217 253/211/217 249/204/217 3/203/217
f 249/204/218 257/4/218 263/5/218 255/205/218
f 251/208/219 259/8/219 262/9/219 254/209/219
f 248/208/220 256/8/220 261/1/220 253/211/220
f 250/204/221 258/4/221 260/1/221 252/211/221
f 254/209/222 262/9/222 256/8/222 248/208/222
f 252/211/223 260/1/223 259/8/223 251/208/223
f 255/205/224 263/5/224 258/4/224 250/204/224
f 253/211/225 261/1/225 257/4/225 249/204/225
f 320/213/226 319/214/226 268/215/226 264/216/226
f 317/217/227 316/214/227 269/215/227 267/218/227
f 316/214/228 318/213/228 266/216/228 269/215/228
f 319/214/229 321/217/229 265/218/229 268/215/229
f 268/215/230 270/215/230 40/219/230 264/216/230
f 268/215/231 265/218/231 39/220/231 270/215/231
f 269/215/232 270/215/232 39/220/232 267/218/232
f 269/215/233 266/216/233 40/219/233 270/215/233
f 34/221/234 40/219/234 266/216/234
f 34/221/235 264/216/235 40/219/235
f 33/222/236 267/218/236 39/220/236
f 33/222/237 39/220/237 265/218/237
f 39/220/238 270/215/238 273/223/238 271/224/238
f 270/215/238 40/219/238 272/225/238 273/223/238
f 266/216/239 276/226/239 279/227/239 269/215/239
f 269/215/240 279/227/240 277/228/240 267/218/240
f 265/218/241 275/228/241 278/227/241 268/215/241
f 268/215/242 278/227/242 274/226/242 264/216/242
f 272/225/243 40/219/243 264/216/243 274/226/243
f 40/219/244 272/225/244 276/226/244 266/216/244
f 39/220/245 267/218/245 277/228/245 271/224/245
f 271/224/246 275/228/246 265/218/246 39/220/246
f 271/224/247 277/228/247 279/227/247 273/223/247
f 273/223/248 279/227/248 276/226/248 272/225/248
f 274/226/249 278/227/249 273/223/249 272/225/249
f 271/224/250 273/223/250 278/227/250 275/228/250
f 241/189/9 245/193/9 291/193/9 287/189/9
f 238/191/9 243/194/9 289/194/9 284/191/9
f 240/196/9 236/195/9 286/196/9
f 239/187/9 235/197/9 285/187/9
f 244/198/9 240/196/9 286/196/9 290/198/9
f 242/188/9 239/187/9 285/187/9 288/188/9
f 237/190/9 241/189/9 287/189/9
f 234/192/9 238/191/9 284/191/9
f 285/187/251 235/197/251 293/229/251 297/230/251
f 290/198/252 286/196/252 298/231/252 302/232/252
f 288/188/253 285/187/253 297/230/253 300/233/253
f 237/190/254 287/189/254 299/234/254 295/235/254
f 234/192/255 284/191/255 296/236/255 292/237/255
f 287/189/256 291/193/256 303/238/256 299/234/256
f 284/191/257 289/194/257 301/239/257 296/236/257
f 286/196/258 236/195/258 294/240/258 298/231/258
f 246/241/259 293/229/259 235/197/259 59/199/259
f 23/200/260 288/188/260 300/233/260 212/242/260
f 213/243/261 301/239/261 289/194/261 24/201/261
f 60/202/262 234/192/262 292/237/262 247/244/262
f 247/244/263 294/240/263 236/195/263 60/202/263
f 24/201/264 290/198/264 302/232/264 213/243/264
f 212/242/265 303/238/265 291/193/265 23/200/265
f 299/234/266 303/238/266 311/245/266 307/246/266
f 296/236/267 301/239/267 309/247/267 304/248/267
f 302/232/268 298/231/268 306/249/268 310/250/268
f 300/233/269 297/230/269 305/251/269 308/252/269
f 212/242/270 300/233/270 308/252/270 17/253/270
f 17/253/271 311/245/271 303/238/271 212/242/271
f 213/243/272 302/232/272 310/250/272 18/254/272
f 18/254/273 309/247/273 301/239/273 213/243/273
f 326/255/274 309/247/274 18/254/274 325/256/274
f 323/257/275 322/258/275 17/253/275 308/252/275
f 327/259/276 325/256/276 18/254/276 310/250/276
f 324/260/277 311/245/277 17/253/277 322/258/277
f 314/261/278 306/249/278 298/231/278 294/240/278
f 315/262/279 295/235/279 299/234/279 307/246/279
f 312/263/280 292/237/280 296/236/280 304/248/280
f 313/264/281 305/251/281 297/230/281 293/229/281
f 11/212/228 5/207/228 318/213/228 316/214/228
f 7/203/227 11/212/227 316/214/227 317/217/227
f 9/212/229 3/203/229 321/217/229 319/214/229
f 1/207/226 9/212/226 319/214/226 320/213/226
f 218/265/282 313/264/282 293/229/282 246/241/282
f 59/199/283 237/190/283 295/235/283 246/241/283
f 218/265/284 246/241/284 295/235/284 315/262/284
f 219/266/285 314/261/285 294/240/285 247/244/285
f 219/266/286 247/244/286 292/237/286 312/263/286
f 1/207/287 324/260/287 322/258/287 15/210/287
f 5/207/288 15/210/288 322/258/288 323/257/288
f 3/203/289 13/206/289 325/256/289 327/259/289
f 7/203/290 326/255/290 325/256/290 13/206/290
f 318/213/291 5/207/291 323/257/291
f 7/203/292 317/217/292 326/255/292
f 321/217/293 3/203/293 327/259/293
f 1/207/294 320/213/294 324/260/294
f 315/262/9 307/246/9 331/246/9
f 306/249/9 314/261/9 330/249/9
f 333/267/295 323/257/295 308/252/295 329/251/295
f 332/268/296 328/248/296 309/247/296 326/255/296
f 334/269/297 327/259/297 310/250/297 330/249/297
f 335/270/298 331/246/298 311/245/298 324/260/298
f 337/271/299 313/264/299 218/265/299 38/272/299
f 339/273/300 38/272/300 218/265/300 315/262/300
f 336/274/301 37/275/301 219/266/301 312/263/301
f 338/276/302 314/261/302 219/266/302 37/275/302
f 332/268/303 336/274/303 312/263/303 328/248/303
f 333/267/304 329/251/304 313/264/304 337/271/304
f 335/270/305 339/273/305 315/262/305 331/246/305
f 314/261/306 338/276/306 334/269/306 330/249/306
f 323/257/307 341/277/307 318/213/307
f 326/255/308 317/217/308 340/278/308
f 327/259/309 343/278/309 321/217/309
f 324/260/310 320/213/310 342/277/310
f 335/270/311 324/260/311 342/277/311
f 334/269/312 343/278/312 327/259/312
f 332/268/313 326/255/313 340/278/313
f 333/267/314 341/277/314 323/257/314
f 280/279/315 36/280/315 38/272/315 339/273/315
f 283/281/316 337/271/316 38/272/316 36/280/316
f 281/282/317 35/283/317 37/275/317 336/274/317
f 282/284/318 338/276/318 37/275/318 35/283/318
f 36/280/319 34/221/319 266/216/319 283/281/319
f 36/280/320 280/279/320 264/216/320 34/221/320
f 35/283/321 33/222/321 265/218/321 282/284/321
f 35/283/322 281/282/322 267/218/322 33/222/322
f 265/218/323 321/217/323 343/278/323 282/284/323
f 280/279/324 342/277/324 320/213/324 264/216/324
f 267/218/325 281/282/325 340/278/325 317/217/325
f 318/213/326 341/277/326 283/281/326 266/216/326
f 337/271/327 341/277/327 333/267/327
f 336/274/328 332/268/328 340/278/328
f 338/276/329 343/278/329 334/269/329
f 339/273/330 335/270/330 342/277/330
f 282/284/331 343/278/331 338/276/331
f 280/279/332 339/273/332 342/277/332
f 281/282/333 336/274/333 340/278/333
f 283/281/334 341/277/334 337/271/334
f 246/241/335 216/285/335 59/199/335
f 216/285/335 246/241/335 61/286/335
f 61/286/335 246/241/335 44/287/335
f 44/287/335 246/241/335 48/288/335
f 48/288/335 246/241/335 49/289/335
f 49/289/335 246/241/335 42/290/335
f 42/290/335 246/241/335 214/291/335
f 214/291/335 246/241/335 220/292/335
f 246/241/335 218/265/335 220/292/335
f 247/244/335 221/293/335 219/266/335
f 50/294/335 41/295/335 247/244/335
f 47/296/335 50/294/335 247/244/335
f 247/244/335 60/202/335 217/297/335
f 217/297/335 62/298/335 247/244/335
f 62/298/335 43/299/335 247/244/335
f 43/299/335 47/296/335 247/244/335
f 41/295/335 215/300/335 247/244/335
f 215/300/335 221/293/335 247/244/335
f 604/1/336 600/4/336 347/3/336 353/2/336
f 606/5/337 601/4/337 351/3/337 357/6/337
f 603/1/338 602/8/338 349/7/338 355/2/338
f 605/9/339 599/8/339 345/7/339 359/10/339
f 601/4/340 603/1/340 355/2/340 351/3/340
f 599/8/341 604/1/341 353/2/341 345/7/341
f 602/8/342 605/9/342 359/10/342 349/7/342
f 600/4/343 606/5/343 357/6/343 347/3/343
f 406/11/9 412/11/9 413/12/9 407/12/9
f 412/11/9 414/11/9 440/13/9 415/12/9 413/12/9
f 415/12/344 419/12/344 421/13/344 440/13/344
f 414/11/344 440/13/344 421/13/344 418/11/344
f 417/14/345 423/16/345 408/15/345 415/12/345
f 422/17/346 416/19/346 414/11/346 409/18/346
f 424/20/347 409/18/347 414/11/347 418/11/347
f 408/15/348 425/21/348 419/12/348 415/12/348
f 424/20/349 430/23/349 394/22/349 409/18/349
f 408/15/350 395/25/350 431/24/350 425/21/350
f 409/18/351 394/22/351 428/26/351 422/17/351
f 423/16/352 429/27/352 395/25/352 408/15/352
f 482/28/353 410/31/353 435/30/353 483/29/353
f 488/32/354 411/35/354 432/34/354 489/33/354
f 490/36/355 434/37/355 411/35/355 488/32/355
f 484/38/356 433/39/356 410/31/356 482/28/356
f 476/40/357 475/41/357 410/31/357 433/39/357
f 477/42/358 435/30/358 410/31/358 475/41/358
f 479/43/359 432/34/359 411/35/359 478/44/359
f 480/45/360 478/44/360 411/35/360 434/37/360
f 420/46/344 417/14/344 415/12/344 440/13/344
f 420/46/344 440/13/344 414/11/344 416/19/344
f 420/46/361 445/48/361 442/47/361 417/14/361
f 421/13/362 446/50/362 443/49/362 418/11/362
f 421/13/363 419/12/363 444/51/363 446/50/363
f 416/19/364 441/52/364 445/48/364 420/46/364
f 466/53/365 442/47/365 445/48/365 465/54/365
f 465/54/366 445/48/366 441/52/366 467/55/366
f 468/56/367 469/57/367 443/49/367 446/50/367
f 470/58/368 468/56/368 446/50/368 444/51/368
f 466/53/369 463/60/369 372/59/369 442/47/369
f 470/58/370 444/51/370 372/59/370 463/60/370
f 469/57/371 464/62/371 373/61/371 443/49/371
f 467/55/372 441/52/372 373/61/372 464/62/372
f 423/16/373 417/14/373 448/63/373
f 422/17/374 447/64/374 416/19/374
f 424/20/375 418/11/375 449/65/375
f 425/21/376 450/66/376 419/12/376
f 454/67/377 372/59/377 444/51/377
f 443/49/378 373/61/378 453/68/378
f 441/52/379 451/69/379 373/61/379
f 442/47/380 372/59/380 452/70/380
f 372/59/381 454/67/381 368/71/381
f 369/72/382 453/68/382 373/61/382
f 369/72/383 373/61/383 451/69/383
f 368/71/384 452/70/384 372/59/384
f 444/51/385 419/12/385 450/66/385 454/67/385
f 443/49/386 453/68/386 449/65/386 418/11/386
f 441/52/387 416/19/387 447/64/387 451/69/387
f 442/47/388 452/70/388 448/63/388 417/14/388
f 456/73/389 429/27/389 423/16/389 448/63/389
f 431/24/390 458/74/390 450/66/390 425/21/390
f 457/75/391 430/23/391 424/20/391 449/65/391
f 428/26/392 455/76/392 447/64/392 422/17/392
f 485/77/393 484/38/393 429/27/393 456/73/393
f 489/33/394 491/78/394 455/76/394 428/26/394
f 492/79/395 490/36/395 430/23/395 457/75/395
f 483/29/396 486/80/396 458/74/396 431/24/396
f 436/81/397 459/82/397 432/34/397 479/43/397
f 439/83/398 462/84/398 435/30/398 477/42/398
f 437/85/399 476/40/399 433/39/399 460/86/399
f 438/87/400 480/45/400 434/37/400 461/88/400
f 448/63/401 452/70/401 368/71/401 456/73/401
f 450/66/402 458/74/402 368/71/402 454/67/402
f 447/64/403 455/76/403 369/72/403 451/69/403
f 449/65/404 453/68/404 369/72/404 457/75/404
f 481/89/405 368/71/405 458/74/405 486/80/405
f 481/89/406 485/77/406 456/73/406 368/71/406
f 487/90/407 492/79/407 457/75/407 369/72/407
f 487/90/408 369/72/408 455/76/408 491/78/408
f 374/91/409 370/92/409 460/86/409
f 374/91/410 462/84/410 370/92/410
f 375/93/411 459/82/411 371/94/411
f 375/93/412 371/94/412 461/88/412
f 351/3/413 467/55/413 464/62/413 357/6/413
f 347/3/414 357/6/414 464/62/414 469/57/414
f 345/7/415 470/58/415 463/60/415 359/10/415
f 349/7/416 359/10/416 463/60/416 466/53/416
f 345/7/417 353/2/417 468/56/417 470/58/417
f 353/2/418 347/3/418 469/57/418 468/56/418
f 355/2/419 465/54/419 467/55/419 351/3/419
f 349/7/420 466/53/420 465/54/420 355/2/420
f 460/86/421 472/95/421 437/85/421
f 460/86/422 370/92/422 472/95/422
f 459/82/423 471/96/423 371/94/423
f 459/82/424 436/81/424 471/96/424
f 461/88/425 371/94/425 473/97/425
f 461/88/426 473/97/426 438/87/426
f 462/84/427 439/83/427 474/98/427
f 462/84/428 474/98/428 370/92/428
f 439/83/429 477/42/429 475/41/429 389/99/429
f 437/85/430 389/99/430 475/41/430 476/40/430
f 438/87/431 388/100/431 478/44/431 480/45/431
f 436/81/432 479/43/432 478/44/432 388/100/432
f 374/91/433 460/86/433 485/77/433 481/89/433
f 374/91/434 481/89/434 486/80/434 462/84/434
f 435/30/435 462/84/435 486/80/435 483/29/435
f 460/86/436 433/39/436 484/38/436 485/77/436
f 429/27/437 484/38/437 482/28/437 395/25/437
f 395/25/438 482/28/438 483/29/438 431/24/438
f 375/93/439 487/90/439 491/78/439 459/82/439
f 375/93/440 461/88/440 492/79/440 487/90/440
f 461/88/441 434/37/441 490/36/441 492/79/441
f 432/34/442 459/82/442 491/78/442 489/33/442
f 430/23/443 490/36/443 488/32/443 394/22/443
f 394/22/444 488/32/444 489/33/444 428/26/444
f 514/101/445 500/104/445 496/103/445 513/102/445
f 508/105/446 501/108/446 497/107/446 507/106/446
f 510/109/447 495/112/447 499/111/447 509/110/447
f 516/113/448 498/116/448 502/115/448 515/114/448
f 512/117/449 389/99/449 437/85/449 513/102/449
f 512/117/450 493/118/450 498/116/450 516/113/450
f 506/119/451 388/100/451 438/87/451 507/106/451
f 506/119/452 494/120/452 495/112/452 510/109/452
f 370/92/453 362/122/453 517/121/453 472/95/453
f 371/94/454 471/96/454 520/124/454 363/123/454
f 522/125/455 520/124/455 471/96/455 509/110/455
f 519/126/456 518/127/456 500/104/456 514/101/456
f 371/94/457 363/123/457 523/128/457 473/97/457
f 370/92/458 474/98/458 526/129/458 362/122/458
f 528/130/459 526/129/459 474/98/459 515/114/459
f 525/131/460 524/132/460 501/108/460 508/105/460
f 523/128/461 525/131/461 508/105/461 473/97/461
f 521/133/462 522/125/462 509/110/462 499/111/462
f 388/100/463 506/119/463 510/109/463 436/81/463
f 494/120/464 506/119/464 507/106/464 497/107/464
f 436/81/465 510/109/465 509/110/465 471/96/465
f 473/97/466 508/105/466 507/106/466 438/87/466
f 527/134/467 528/130/467 515/114/467 502/115/467
f 517/121/468 519/126/468 514/101/468 472/95/468
f 389/99/469 512/117/469 516/113/469 439/83/469
f 493/118/470 512/117/470 513/102/470 496/103/470
f 439/83/471 516/113/471 515/114/471 474/98/471
f 472/95/472 514/101/472 513/102/472 437/85/472
f 362/122/473 511/135/473 519/126/473 517/121/473
f 511/135/474 503/136/474 518/127/474 519/126/474
f 504/137/475 505/138/475 522/125/475 521/133/475
f 505/138/476 363/123/476 520/124/476 522/125/476
f 363/123/477 505/138/477 525/131/477 523/128/477
f 505/138/478 504/137/478 524/132/478 525/131/478
f 503/136/479 511/135/479 528/130/479 527/134/479
f 511/135/480 362/122/480 526/129/480 528/130/480
f 502/115/481 536/140/481 540/139/481 527/134/481
f 501/108/482 535/142/482 531/141/482 497/107/482
f 500/104/483 534/144/483 530/143/483 496/103/483
f 499/111/484 533/146/484 538/145/484 521/133/484
f 524/132/485 539/147/485 535/142/485 501/108/485
f 498/116/486 532/148/486 536/140/486 502/115/486
f 495/112/487 529/149/487 533/146/487 499/111/487
f 518/127/488 537/150/488 534/144/488 500/104/488
f 539/147/489 551/152/489 547/151/489 535/142/489
f 537/150/490 549/154/490 546/153/490 534/144/490
f 532/148/491 544/156/491 548/155/491 536/140/491
f 529/149/492 541/158/492 545/157/492 533/146/492
f 536/140/493 548/155/493 552/159/493 540/139/493
f 533/146/494 545/157/494 550/160/494 538/145/494
f 535/142/495 547/151/495 543/161/495 531/141/495
f 534/144/496 546/153/496 542/162/496 530/143/496
f 427/163/497 398/164/497 530/143/497 542/162/497
f 398/164/498 493/118/498 496/103/498 530/143/498
f 493/118/499 398/164/499 532/148/499 498/116/499
f 398/164/500 427/163/500 544/156/500 532/148/500
f 396/165/501 364/166/501 549/154/501 537/150/501
f 503/136/502 396/165/502 537/150/502 518/127/502
f 364/166/503 396/165/503 540/139/503 552/159/503
f 396/165/504 503/136/504 527/134/504 540/139/504
f 399/167/505 426/168/505 541/158/505 529/149/505
f 494/120/506 399/167/506 529/149/506 495/112/506
f 426/168/507 399/167/507 531/141/507 543/161/507
f 399/167/508 494/120/508 497/107/508 531/141/508
f 397/169/509 365/170/509 551/152/509 539/147/509
f 504/137/510 397/169/510 539/147/510 524/132/510
f 397/169/511 504/137/511 521/133/511 538/145/511
f 365/170/512 397/169/512 538/145/512 550/160/512
f 548/155/513 572/172/513 576/171/513 552/159/513
f 545/157/514 569/174/514 574/173/514 550/160/514
f 547/151/515 571/176/515 567/175/515 543/161/515
f 546/153/516 570/178/516 566/177/516 542/162/516
f 551/152/517 575/179/517 571/176/517 547/151/517
f 549/154/518 573/180/518 570/178/518 546/153/518
f 544/156/519 568/181/519 572/172/519 548/155/519
f 541/158/520 565/182/520 569/174/520 545/157/520
f 364/166/521 553/183/521 573/180/521 549/154/521
f 554/184/522 365/170/522 550/160/522 574/173/522
f 427/163/523 400/185/523 568/181/523 544/156/523
f 426/168/524 401/186/524 565/182/524 541/158/524
f 401/186/525 426/168/525 543/161/525 567/175/525
f 365/170/526 554/184/526 575/179/526 551/152/526
f 553/183/527 364/166/527 552/159/527 576/171/527
f 400/185/528 427/163/528 542/162/528 566/177/528
f 573/180/529 585/188/529 582/187/529 570/178/529
f 568/181/530 580/190/530 584/189/530 572/172/530
f 565/182/531 577/192/531 581/191/531 569/174/531
f 572/172/532 584/189/532 588/193/532 576/171/532
f 569/174/533 581/191/533 586/194/533 574/173/533
f 571/176/534 583/196/534 579/195/534 567/175/534
f 570/178/535 582/187/535 578/197/535 566/177/535
f 575/179/536 587/198/536 583/196/536 571/176/536
f 402/199/537 400/185/537 566/177/537 578/197/537
f 553/183/538 366/200/538 585/188/538 573/180/538
f 367/201/539 554/184/539 574/173/539 586/194/539
f 366/200/540 553/183/540 576/171/540 588/193/540
f 401/186/541 403/202/541 577/192/541 565/182/541
f 403/202/542 401/186/542 567/175/542 579/195/542
f 554/184/543 367/201/543 587/198/543 575/179/543
f 400/185/544 402/199/544 580/190/544 568/181/544
f 346/203/545 356/206/545 598/205/545 592/204/545
f 348/207/546 358/210/546 597/209/546 594/208/546
f 344/207/547 352/212/547 596/211/547 591/208/547
f 350/203/548 354/212/548 595/211/548 593/204/548
f 358/210/549 344/207/549 591/208/549 597/209/549
f 354/212/550 348/207/550 594/208/550 595/211/550
f 356/206/551 350/203/551 593/204/551 598/205/551
f 352/212/552 346/203/552 592/204/552 596/211/552
f 592/204/553 598/205/553 606/5/553 600/4/553
f 594/208/554 597/209/554 605/9/554 602/8/554
f 591/208/555 596/211/555 604/1/555 599/8/555
f 593/204/556 595/211/556 603/1/556 601/4/556
f 597/209/557 591/208/557 599/8/557 605/9/557
f 595/211/558 594/208/558 602/8/558 603/1/558
f 598/205/559 593/204/559 601/4/559 606/5/559
f 596/211/560 592/204/560 600/4/560 604/1/560
f 663/213/561 607/216/561 611/215/561 662/214/561
f 660/217/562 610/218/562 612/215/562 659/214/562
f 659/214/563 612/215/563 609/216/563 661/213/563
f 662/214/564 611/215/564 608/218/564 664/217/564
f 611/215/565 607/216/565 383/219/565 613/215/565
f 611/215/566 613/215/566 382/220/566 608/218/566
f 612/215/567 610/218/567 382/220/567 613/215/567
f 612/215/568 613/215/568 383/219/568 609/216/568
f 377/221/569 609/216/569 383/219/569
f 377/221/570 383/219/570 607/216/570
f 376/222/571 382/220/571 610/218/571
f 376/222/572 608/218/572 382/220/572
f 382/220/335 614/224/335 616/223/335 613/215/335
f 613/215/335 616/223/335 615/225/335 383/219/335
f 609/216/573 612/215/573 622/227/573 619/226/573
f 612/215/574 610/218/574 620/228/574 622/227/574
f 608/218/575 611/215/575 621/227/575 618/228/575
f 611/215/576 607/216/576 617/226/576 621/227/576
f 615/225/577 617/226/577 607/216/577 383/219/577
f 383/219/578 609/216/578 619/226/578 615/225/578
f 382/220/579 614/224/579 620/228/579 610/218/579
f 614/224/580 382/220/580 608/218/580 618/228/580
f 614/224/581 616/223/581 622/227/581 620/228/581
f 616/223/582 615/225/582 619/226/582 622/227/582
f 617/226/583 615/225/583 616/223/583 621/227/583
f 614/224/584 618/228/584 621/227/584 616/223/584
f 584/189/9 630/189/9 634/193/9 588/193/9
f 581/191/9 627/191/9 632/194/9 586/194/9
f 583/196/9 629/196/9 579/195/9
f 582/187/9 628/187/9 578/197/9
f 587/198/9 633/198/9 629/196/9 583/196/9
f 585/188/9 631/188/9 628/187/9 582/187/9
f 580/190/9 630/189/9 584/189/9
f 577/192/9 627/191/9 581/191/9
f 628/187/585 640/230/585 636/229/585 578/197/585
f 633/198/586 645/232/586 641/231/586 629/196/586
f 631/188/587 643/233/587 640/230/587 628/187/587
f 580/190/588 638/235/588 642/234/588 630/189/588
f 577/192/589 635/237/589 639/236/589 627/191/589
f 630/189/590 642/234/590 646/238/590 634/193/590
f 627/191/591 639/236/591 644/239/591 632/194/591
f 629/196/592 641/231/592 637/240/592 579/195/592
f 589/241/593 402/199/593 578/197/593 636/229/593
f 366/200/594 555/242/594 643/233/594 631/188/594
f 556/243/595 367/201/595 632/194/595 644/239/595
f 403/202/596 590/244/596 635/237/596 577/192/596
f 590/244/597 403/202/597 579/195/597 637/240/597
f 367/201/598 556/243/598 645/232/598 633/198/598
f 555/242/599 366/200/599 634/193/599 646/238/599
f 642/234/600 650/246/600 654/245/600 646/238/600
f 639/236/601 647/248/601 652/247/601 644/239/601
f 645/232/602 653/250/602 649/249/602 641/231/602
f 643/233/603 651/252/603 648/251/603 640/230/603
f 555/242/604 360/253/604 651/252/604 643/233/604
f 360/253/605 555/242/605 646/238/605 654/245/605
f 556/243/606 361/254/606 653/250/606 645/232/606
f 361/254/607 556/243/607 644/239/607 652/247/607
f 669/255/608 668/256/608 361/254/608 652/247/608
f 666/257/609 651/252/609 360/253/609 665/258/609
f 670/259/610 653/250/610 361/254/610 668/256/610
f 667/260/611 665/258/611 360/253/611 654/245/611
f 657/261/612 637/240/612 641/231/612 649/249/612
f 658/262/613 650/246/613 642/234/613 638/235/613
f 655/263/614 647/248/614 639/236/614 635/237/614
f 656/264/615 636/229/615 640/230/615 648/251/615
f 354/212/563 659/214/563 661/213/563 348/207/563
f 350/203/562 660/217/562 659/214/562 354/212/562
f 352/212/564 662/214/564 664/217/564 346/203/564
f 344/207/561 663/213/561 662/214/561 352/212/561
f 561/265/616 589/241/616 636/229/616 656/264/616
f 402/199/617 589/241/617 638/235/617 580/190/617
f 561/265/618 658/262/618 638/235/618 589/241/618
f 562/266/619 590/244/619 637/240/619 657/261/619
f 562/266/620 655/263/620 635/237/620 590/244/620
f 344/207/621 358/210/621 665/258/621 667/260/621
f 348/207/622 666/257/622 665/258/622 358/210/622
f 346/203/623 670/259/623 668/256/623 356/206/623
f 350/203/624 356/206/624 668/256/624 669/255/624
f 661/213/625 666/257/625 348/207/625
f 350/203/626 669/255/626 660/217/626
f 664/217/627 670/259/627 346/203/627
f 344/207/628 667/260/628 663/213/628
f 658/262/9 674/246/9 650/246/9
f 649/249/9 673/249/9 657/261/9
f 676/267/629 672/251/629 651/252/629 666/257/629
f 675/268/630 669/255/630 652/247/630 671/248/630
f 677/269/631 673/249/631 653/250/631 670/259/631
f 678/270/632 667/260/632 654/245/632 674/246/632
f 680/271/633 381/272/633 561/265/633 656/264/633
f 682/273/634 658/262/634 561/265/634 381/272/634
f 679/274/635 655/263/635 562/266/635 380/275/635
f 681/276/636 380/275/636 562/266/636 657/261/636
f 675/268/637 671/248/637 655/263/637 679/274/637
f 676/267/638 680/271/638 656/264/638 672/251/638
f 678/270/639 674/246/639 658/262/639 682/273/639
f 657/261/640 673/249/640 677/269/640 681/276/640
f 666/257/641 661/213/641 684/277/641
f 669/255/642 683/278/642 660/217/642
f 670/259/643 664/217/643 686/278/643
f 667/260/644 685/277/644 663/213/644
f 678/270/645 685/277/645 667/260/645
f 677/269/646 670/259/646 686/278/646
f 675/268/647 683/278/647 669/255/647
f 676/267/648 666/257/648 684/277/648
f 623/279/649 682/273/649 381/272/649 379/280/649
f 626/281/650 379/280/650 381/272/650 680/271/650
f 624/282/651 679/274/651 380/275/651 378/283/651
f 625/284/652 378/283/652 380/275/652 681/276/652
f 379/280/653 626/281/653 609/216/653 377/221/653
f 379/280/654 377/221/654 607/216/654 623/279/654
f 378/283/655 625/284/655 608/218/655 376/222/655
f 378/283/656 376/222/656 610/218/656 624/282/656
f 608/218/657 625/284/657 686/278/657 664/217/657
f 623/279/658 607/216/658 663/213/658 685/277/658
f 610/218/659 660/217/659 683/278/659 624/282/659
f 661/213/660 609/216/660 626/281/660 684/277/660
f 680/271/661 676/267/661 684/277/661
f 679/274/662 683/278/662 675/268/662
f 681/276/663 677/269/663 686/278/663
f 682/273/664 685/277/664 678/270/664
f 625/284/665 681/276/665 686/278/665
f 623/279/666 685/277/666 682/273/666
f 624/282/667 683/278/667 679/274/667
f 626/281/668 680/271/668 684/277/668
f 589/241/238 402/199/238 559/285/238
f 559/285/238 404/286/238 589/241/238
f 404/286/238 387/287/238 589/241/238
f 387/287/238 391/288/238 589/241/238
f 391/288/238 392/289/238 589/241/238
f 392/289/238 385/290/238 589/241/238
f 385/290/238 557/291/238 589/241/238
f 557/291/238 563/292/238 589/241/238
f 589/241/238 563/292/238 561/265/238
f 590/244/238 562/266/238 564/293/238
f 393/294/238 590/244/238 384/295/238
f 390/296/238 590/244/238 393/294/238
f 590/244/238 560/297/238 403/202/238
f 560/297/238 590/244/238 405/298/238
f 405/298/238 590/244/238 386/299/238
f 386/299/238 590/244/238 390/296/238
f 384/295/238 590/244/238 558/300/238
f 558/300/238 590/244/238 564/293/238
f 215/300/9 41/295/9 384/295/9 558/300/9
f 42/290/9 214/291/9 557/291/9 385/290/9
f 47/296/9 43/299/9 386/299/9 390/296/9
f 44/287/9 48/288/9 391/288/9 387/287/9
f 50/294/9 47/296/9 390/296/9 393/294/9
f 48/288/9 49/289/9 392/289/9 391/288/9
f 49/289/9 42/290/9 385/290/9 392/289/9
f 41/295/9 50/294/9 393/294/9 384/295/9
f 59/199/9 216/285/9 559/285/9 402/199/9
f 217/297/9 60/202/9 403/202/9 560/297/9
f 61/286/9 44/287/9 387/287/9 404/286/9
f 43/299/9 62/298/9 405/298/9 386/299/9
f 64/12/9 63/11/9 406/11/9 407/12/9
f 70/12/9 64/12/9 407/12/9 413/12/9
f 63/11/9 69/11/9 412/11/9 406/11/9
f 72/12/9 70/12/9 413/12/9 415/12/9
f 69/11/9 71/11/9 414/11/9 412/11/9
f 214/291/9 220/292/9 563/292/9 557/291/9
f 221/293/9 215/300/9 558/300/9 564/293/9
f 216/285/9 61/286/9 404/286/9 559/285/9
f 62/298/9 217/297/9 560/297/9 405/298/9
f 220/292/9 218/265/9 561/265/9 563/292/9
f 219/266/9 221/293/9 564/293/9 562/266/9
f 23/200/9 242/188/9 585/188/9 366/200/9
f 243/194/9 24/201/9 367/201/9 586/194/9
f 245/193/9 23/200/9 366/200/9 588/193/9
f 24/201/9 244/198/9 587/198/9 367/201/9
f 291/193/9 245/193/9 588/193/9 634/193/9
f 289/194/9 243/194/9 586/194/9 632/194/9
f 244/198/9 290/198/9 633/198/9 587/198/9
f 242/188/9 288/188/9 631/188/9 585/188/9
f 288/188/9 23/200/9 366/200/9 631/188/9
f 24/201/9 289/194/9 632/194/9 367/201/9
f 290/198/9 24/201/9 367/201/9 633/198/9
f 23/200/9 291/193/9 634/193/9 366/200/9
f 304/248/9 309/247/9 652/247/9 647/248/9
f 308/252/9 305/251/9 648/251/9 651/252/9
f 307/246/9 311/245/9 654/245/9 650/246/9
f 310/250/9 306/249/9 649/249/9 653/250/9
f 312/263/9 304/248/9 647/248/9 655/263/9
f 305/251/9 313/264/9 656/264/9 648/251/9
f 331/246/9 307/246/9 650/246/9 674/246/9
f 306/249/9 330/249/9 673/249/9 649/249/9
f 329/251/9 308/252/9 651/252/9 672/251/9
f 309/247/9 328/248/9 671/248/9 652/247/9
f 330/249/9 310/250/9 653/250/9 673/249/9
f 311/245/9 331/246/9 674/246/9 654/245/9
f 328/248/9 312/263/9 655/263/9 671/248/9
f 313/264/9 329/251/9 672/251/9 656/264/9
l 66 63
l 65 64
l 304 328
l 305 329
l 409 406
l 408 407
l 647 671
l 648 672
o Blade
v 0.000000 18.055450 10.074532
v 0.000000 18.055450 -10.025709
v 0.000000 19.448362 10.074532
v 0.000000 19.448362 -10.025709
v 0.000000 20.780714 8.886708
v 0.000000 20.780714 -8.837886
v 0.000000 16.609051 8.818178
v 0.000000 16.646042 -8.769356
v 0.592740 15.406569 7.548165
v 0.603852 15.406569 -7.499343
v 2.099258 12.585926 0.024411
v 0.000000 12.712559 -8.769356
v 2.099258 12.585926 4.672720
v 2.099258 12.585926 -4.623898
v 0.000000 12.675568 8.818178
v 1.745505 12.610478 -7.499343
v -0.022224 52.966537 8.886708
v -0.022224 52.966537 -8.837886
v -0.022224 36.873627 6.341121
v -0.022224 36.873627 -6.292299
v -0.022224 44.920082 8.017536
v -0.022224 44.920082 -7.968714
v 0.000000 31.743687 6.044887
v 0.000000 31.743687 -5.996064
v 0.000000 30.180302 10.241351
v 0.000000 30.180302 -10.192529
v 0.000000 31.564779 8.742656
v 0.000000 31.564779 -8.693833
v 0.000000 28.695360 10.154658
v 0.000000 28.695360 -10.105836
v 0.000000 27.402740 8.909606
v 0.000000 27.402740 -8.860784
v 0.000000 24.419567 10.179303
v 0.000000 24.419567 -10.130481
v 0.000000 25.936186 8.857498
v 0.000000 25.936186 -8.808676
v 0.000000 27.338062 7.496302
v 0.000000 27.338062 -7.447479
v 0.000000 23.351910 10.112870
v 0.000000 23.351910 -10.064048
v 0.000000 22.066311 8.795336
v 0.000000 22.066311 -8.746513
v 0.000000 20.777521 7.574880
v 0.000000 20.777521 -7.526057
v -0.022224 81.297432 8.886708
v -0.022224 81.297432 -8.837886
v -0.022224 85.275810 3.307858
v -0.022224 85.275810 -3.259036
v -0.022224 83.286621 -6.878059
v -0.022224 83.286621 6.926881
v -0.022224 86.240265 0.024411
v -0.022224 85.938873 1.666135
v -0.022224 85.938873 -1.617312
v -0.022224 63.696114 -10.227505
v -0.022224 63.696114 10.276327
v -0.022224 78.584900 10.324828
v -0.022224 78.584900 -10.276006
v 1.837878 63.696114 -8.593695
v 1.837878 63.696114 8.642517
v 1.837878 78.640167 -8.593695
v 1.837878 78.640167 8.642517
v 1.837878 81.319214 -6.824186
v 1.837878 81.319214 6.873009
v 1.837878 83.454079 -4.823932
v 1.837878 83.454079 4.872754
v 1.837878 84.919182 -2.342587
v 1.837878 84.919182 2.391409
v 1.837878 85.463364 -0.772754
v 1.837878 85.463364 0.821577
v 1.837878 53.046902 -7.073860
v 1.837878 53.046902 7.122682
v 1.324680 44.859062 -6.483719
v 1.324680 44.859062 6.532541
v 1.178375 36.872154 -5.196870
v 1.178375 36.872154 5.245693
v 1.318598 31.698246 -4.641333
v 1.318598 31.698246 4.690156
v 0.000000 63.696114 0.024411
v 0.000000 78.640167 0.024411
v 0.000000 80.778725 0.024411
v 0.000000 82.248978 0.024411
v 0.000000 83.537422 0.024411
v 1.837878 85.463364 0.024411
v 0.000000 53.046902 0.024411
v 0.000000 44.859062 0.024411
v 0.000000 36.872154 0.024411
v 0.000000 31.698246 0.024411
v 0.000000 63.696114 6.576694
v 0.000000 78.640167 6.576694
v 0.000000 80.809776 5.231350
v 0.000000 82.291740 3.710571
v 0.000000 83.537422 1.824023
v 1.837878 85.463364 0.630490
v 0.000000 53.046902 5.421175
v 0.000000 44.859062 4.972496
v 0.000000 36.872154 3.994114
v 0.000000 31.698246 3.571743
v 0.000000 63.696114 -6.395369
v 0.000000 78.640167 -6.395369
v 0.000000 80.809776 -5.077230
v 0.000000 82.291740 -3.587205
v 0.000000 83.537422 -1.738807
v 1.837878 85.463364 -0.569412
v 0.000000 53.046902 -5.263216
v 0.000000 44.859062 -4.823610
v 0.000000 36.872154 -3.865014
v 0.000000 31.698246 -3.451184
v 1.877384 30.237133 -4.641333
v 1.877384 30.237133 4.690156
v 1.877384 30.195272 -8.752577
v 1.877384 30.195272 8.801399
v 1.877384 30.237133 0.024411
v 1.318598 31.698246 0.024411
v 1.597991 30.967690 -4.641333
v 1.597991 30.967690 4.690156
v 1.597991 30.967690 0.024411
v 1.161273 30.967690 -8.708396
v 1.161273 30.967690 8.757218
v 0.000000 26.264065 7.482475
v 0.000000 26.264065 -7.433652
v 1.877384 28.783657 -4.641333
v 1.877384 28.783657 4.690156
v 1.877384 28.741796 -8.752577
v 1.877384 28.741796 8.801399
v 1.877384 28.783657 0.024411
v 0.000000 27.354406 -4.641333
v 0.000000 27.354406 4.690156
v 0.000000 31.628313 7.493903
v 0.000000 27.354406 0.024411
v 1.406708 28.069031 -4.641333
v 1.406708 28.027172 -8.752577
v 1.406708 28.069031 0.024411
v 1.406708 28.027172 8.801399
v 1.406708 28.069031 4.690156
v 1.877384 30.210138 7.545685
v 1.316364 30.967690 7.514006
v 1.877384 28.756662 7.545685
v 1.406708 28.042038 7.545685
v 0.000000 31.654232 -7.344949
v 1.877384 30.216202 -7.482476
v 1.379632 30.967690 -7.457914
v 1.877384 28.762726 -7.482476
v 1.406708 28.048101 -7.482476
v 0.503740 26.801064 -7.440566
v 0.503740 26.801064 7.489388
v 0.503740 26.801064 0.024411
v 0.503740 26.801064 4.701659
v 0.503740 26.801064 -4.652837
v 0.000000 26.264065 0.024411
v 0.000000 26.264065 4.682053
v 0.000000 26.264065 -4.653417
v 1.980183 24.490824 7.482475
v 1.980183 24.490824 -7.433652
v 1.980183 24.490824 0.024411
v 1.980183 24.490824 4.682053
v 1.980183 24.490824 -4.653417
v 1.495606 25.453796 -4.653417
v 1.495606 25.453796 -7.433652
v 1.495606 25.453796 0.024411
v 1.495606 25.453796 4.682053
v 1.495606 25.453796 7.482475
v 1.265642 25.453796 -8.625467
v 1.265642 25.453796 8.674290
v 1.588670 24.455196 -8.651419
v 1.588670 24.455196 8.700241
v 1.980183 23.279594 7.482475
v 1.980183 23.279594 -7.433652
v 1.980183 23.279594 0.024411
v 1.980183 23.279594 4.682053
v 1.980183 23.279594 -4.653417
v 1.588670 23.243967 -8.651419
v 1.588670 23.243967 8.700241
v 0.000000 22.709110 9.797285
v 0.723077 16.626040 7.574880
v 0.000000 22.709110 -9.595198
v 0.000000 21.987616 7.589202
v 0.000000 21.987616 -7.540380
v 0.000000 21.987616 0.024411
v 0.000000 21.987616 4.682053
v 0.000000 21.987616 -4.653417
v 1.617843 22.633606 0.024411
v 1.617843 22.633606 -4.653417
v 1.617843 22.633606 4.682053
v 1.617843 22.633606 7.482475
v 1.617843 22.633606 -7.433652
v 1.510809 22.655140 8.747788
v 1.510809 22.655140 -8.698966
v 0.524866 21.382568 7.582041
v 0.524866 21.382568 -7.533218
v 0.000000 20.777521 0.024411
v 0.524866 21.382568 0.024411
v 0.000000 20.777521 -4.623898
v 0.000000 20.777521 4.672720
v 0.524866 21.382568 4.708245
v 0.524866 21.382568 -4.659422
v 0.723077 16.626040 -7.526057
v 0.723077 16.626040 0.024411
v 0.723077 16.626040 -4.623898
v 0.723077 16.626040 4.672720
v 1.960368 19.611694 -4.623898
v 1.960368 19.611694 0.024411
v 1.960368 19.611694 4.672720
v 1.960368 19.611694 -7.526057
v 1.960368 19.611694 7.574880
v 1.960368 18.005127 -4.623898
v 1.960368 18.005127 0.024411
v 1.960368 18.005127 4.672720
v 1.960368 18.005127 -7.526057
v 1.960368 18.005127 7.574880
v 1.207662 20.450520 0.024411
v 1.207662 20.450520 4.672720
v 1.207662 20.450520 -7.526057
v 1.207662 20.450520 7.574880
v 1.207662 20.450520 -4.623898
v 1.328802 17.262541 -4.623898
v 1.328802 17.262541 0.024411
v 1.328802 17.262541 4.672720
v 1.328802 17.262541 -7.526057
v 1.328802 17.262541 7.574880
v 0.000000 20.342016 9.480619
v 0.000000 20.342016 -9.431797
v 0.000000 17.293877 9.547532
v 0.000000 17.293877 -9.498710
v 1.960368 19.611694 9.018446
v 1.960368 19.611694 -8.969624
v 1.960368 18.005127 9.018446
v 1.960368 18.005127 -8.969624
v 1.207662 20.450520 9.018446
v 1.207662 20.450520 -8.969624
v 1.328802 17.262541 9.018446
v 1.328802 17.262541 -8.969624
v 0.000000 15.471659 8.818178
v 0.000000 15.508650 -8.769356
v 1.734393 12.610478 7.548165
v 0.957604 15.382017 0.024411
v 0.957604 15.382017 -4.623898
v 0.957604 15.382017 4.672720
v -0.592740 15.406569 7.548165
v -0.603852 15.406569 -7.499343
v -2.099258 12.585926 0.024411
v -2.099258 12.585926 4.672720
v -2.099258 12.585926 -4.623898
v -1.745505 12.610478 -7.499343
v 0.022224 52.966537 8.886708
v 0.022224 52.966537 -8.837886
v 0.022224 36.873627 6.341121
v 0.022224 36.873627 -6.292299
v 0.022224 44.920082 8.017536
v 0.022224 44.920082 -7.968714
v 0.022224 81.297432 8.886708
v 0.022224 81.297432 -8.837886
v 0.022224 85.275810 3.307858
v 0.022224 85.275810 -3.259036
v 0.022224 83.286621 -6.878059
v 0.022224 83.286621 6.926881
v 0.022224 86.240265 0.024411
v 0.022224 85.938873 1.666135
v 0.022224 85.938873 -1.617312
v 0.022224 63.696114 -10.227505
v 0.022224 63.696114 10.276327
v 0.022224 78.584900 10.324828
v 0.022224 78.584900 -10.276006
v -1.837878 63.696114 -8.593695
v -1.837878 63.696114 8.642517
v -1.837878 78.640167 -8.593695
v -1.837878 78.640167 8.642517
v -1.837878 81.319214 -6.824186
v -1.837878 81.319214 6.873009
v -1.837878 83.454079 -4.823932
v -1.837878 83.454079 4.872754
v -1.837878 84.919182 -2.342587
v -1.837878 84.919182 2.391409
v -1.837878 85.463364 -0.772754
v -1.837878 85.463364 0.821577
v -1.837878 53.046902 -7.073860
v -1.837878 53.046902 7.122682
v -1.324680 44.859062 -6.483719
v -1.324680 44.859062 6.532541
v -1.178375 36.872154 -5.196870
v -1.178375 36.872154 5.245693
v -1.318598 31.698246 -4.641333
v -1.318598 31.698246 4.690156
v -1.837878 85.463364 0.024411
v -1.837878 85.463364 0.630490
v -1.837878 85.463364 -0.569412
v -1.877384 30.237133 -4.641333
v -1.877384 30.237133 4.690156
v -1.877384 30.195272 -8.752577
v -1.877384 30.195272 8.801399
v -1.877384 30.237133 0.024411
v -1.318598 31.698246 0.024411
v -1.597991 30.967690 -4.641333
v -1.597991 30.967690 4.690156
v -1.597991 30.967690 0.024411
v -1.161273 30.967690 -8.708396
v -1.161273 30.967690 8.757218
v -1.877384 28.783657 -4.641333
v -1.877384 28.783657 4.690156
v -1.877384 28.741796 -8.752577
v -1.877384 28.741796 8.801399
v -1.877384 28.783657 0.024411
v -1.406708 28.069031 -4.641333
v -1.406708 28.027172 -8.752577
v -1.406708 28.069031 0.024411
v -1.406708 28.027172 8.801399
v -1.406708 28.069031 4.690156
v -1.877384 30.210138 7.545685
v -1.316364 30.967690 7.514006
v -1.877384 28.756662 7.545685
v -1.406708 28.042038 7.545685
v -1.877384 30.216202 -7.482476
v -1.379632 30.967690 -7.457914
v -1.877384 28.762726 -7.482476
v -1.406708 28.048101 -7.482476
v -0.503740 26.801064 -7.440566
v -0.503740 26.801064 7.489388
v -0.503740 26.801064 0.024411
v -0.503740 26.801064 4.701659
v -0.503740 26.801064 -4.652837
v -1.980183 24.490824 7.482475
v -1.980183 24.490824 -7.433652
v -1.980183 24.490824 0.024411
v -1.980183 24.490824 4.682053
v -1.980183 24.490824 -4.653417
v -1.495606 25.453796 -4.653417
v -1.495606 25.453796 -7.433652
v -1.495606 25.453796 0.024411
v -1.495606 25.453796 4.682053
v -1.495606 25.453796 7.482475
v -1.265642 25.453796 -8.625467
v -1.265642 25.453796 8.674290
v -1.588670 24.455196 -8.651419
v -1.588670 24.455196 8.700241
v -1.980183 23.279594 7.482475
v -1.980183 23.279594 -7.433652
v -1.980183 23.279594 0.024411
v -1.980183 23.279594 4.682053
v -1.980183 23.279594 -4.653417
v -1.588670 23.243967 -8.651419
v -1.588670 23.243967 8.700241
v -0.723077 16.626040 7.574880
v -1.617843 22.633606 0.024411
v -1.617843 22.633606 -4.653417
v -1.617843 22.633606 4.682053
v -1.617843 22.633606 7.482475
v -1.617843 22.633606 -7.433652
v -1.510809 22.655140 8.747788
v -1.510809 22.655140 -8.698966
v -0.524866 21.382568 7.582041
v -0.524866 21.382568 -7.533218
v -0.524866 21.382568 0.024411
v -0.524866 21.382568 4.708245
v -0.524866 21.382568 -4.659422
v -0.723077 16.626040 -7.526057
v -0.723077 16.626040 0.024411
v -0.723077 16.626040 -4.623898
v -0.723077 16.626040 4.672720
v -1.960368 19.611694 -4.623898
v -1.960368 19.611694 0.024411
v -1.960368 19.611694 4.672720
v -1.960368 19.611694 -7.526057
v -1.960368 19.611694 7.574880
v -1.960368 18.005127 -4.623898
v -1.960368 18.005127 0.024411
v -1.960368 18.005127 4.672720
v -1.960368 18.005127 -7.526057
v -1.960368 18.005127 7.574880
v -1.207662 20.450520 0.024411
v -1.207662 20.450520 4.672720
v -1.207662 20.450520 -7.526057
v -1.207662 20.450520 7.574880
v -1.207662 20.450520 -4.623898
v -1.328802 17.262541 -4.623898
v -1.328802 17.262541 0.024411
v -1.328802 17.262541 4.672720
v -1.328802 17.262541 -7.526057
v -1.328802 17.262541 7.574880
v -1.960368 19.611694 9.018446
v -1.960368 19.611694 -8.969624
v -1.960368 18.005127 9.018446
v -1.960368 18.005127 -8.969624
v -1.207662 20.450520 9.018446
v -1.207662 20.450520 -8.969624
v -1.328802 17.262541 9.018446
v -1.328802 17.262541 -8.969624
v -1.734393 12.610478 7.548165
v -0.957604 15.382017 0.024411
v -0.957604 15.382017 -4.623898
v -0.957604 15.382017 4.672720
v 0.000000 18.055450 10.074532
v 0.000000 18.055450 -10.025709
v 0.000000 19.448362 10.074532
v 0.000000 19.448362 -10.025709
v 0.000000 20.780714 8.886708
v 0.000000 20.780714 -8.837886
v 0.000000 16.609051 8.818178
v 0.000000 16.646042 -8.769356
v 0.592740 15.406569 7.548165
v 0.603852 15.406569 -7.499343
v 2.099258 12.585926 0.024411
v 0.000000 12.712559 -8.769356
v 2.099258 12.585926 4.672720
v 2.099258 12.585926 -4.623898
v 0.000000 12.675568 8.818178
v 1.745505 12.610478 -7.499343
v -0.022224 52.966537 8.886708
v -0.022224 52.966537 -8.837886
v -0.022224 36.873627 6.341121
v -0.022224 36.873627 -6.292299
v -0.022224 44.920082 8.017536
v -0.022224 44.920082 -7.968714
v 0.000000 31.743687 6.044887
v 0.000000 31.743687 -5.996064
v 0.000000 30.180302 10.241351
v 0.000000 30.180302 -10.192529
v 0.000000 31.564779 8.742656
v 0.000000 31.564779 -8.693833
v 0.000000 28.695360 10.154658
v 0.000000 28.695360 -10.105836
v 0.000000 27.402740 8.909606
v 0.000000 27.402740 -8.860784
v 0.000000 24.419567 10.179303
v 0.000000 24.419567 -10.130481
v 0.000000 25.936186 8.857498
v 0.000000 25.936186 -8.808676
v 0.000000 27.338062 7.496302
v 0.000000 27.338062 -7.447479
v 0.000000 23.351910 10.112870
v 0.000000 23.351910 -10.064048
v 0.000000 22.066311 8.795336
v 0.000000 22.066311 -8.746513
v 0.000000 20.777521 7.574880
v 0.000000 20.777521 -7.526057
v -0.022224 81.297432 8.886708
v -0.022224 81.297432 -8.837886
v -0.022224 85.275810 3.307858
v -0.022224 85.275810 -3.259036
v -0.022224 83.286621 -6.878059
v -0.022224 83.286621 6.926881
v -0.022224 86.240265 0.024411
v -0.022224 85.938873 1.666135
v -0.022224 85.938873 -1.617312
v -0.022224 63.696114 -10.227505
v -0.022224 63.696114 10.276327
v -0.022224 78.584900 10.324828
v -0.022224 78.584900 -10.276006
v 1.837878 63.696114 -8.593695
v 1.837878 63.696114 8.642517
v 1.837878 78.640167 -8.593695
v 1.837878 78.640167 8.642517
v 1.837878 81.319214 -6.824186
v 1.837878 81.319214 6.873009
v 1.837878 83.454079 -4.823932
v 1.837878 83.454079 4.872754
v 1.837878 84.919182 -2.342587
v 1.837878 84.919182 2.391409
v 1.837878 85.463364 -0.772754
v 1.837878 85.463364 0.821577
v 1.837878 53.046902 -7.073860
v 1.837878 53.046902 7.122682
v 1.324680 44.859062 -6.483719
v 1.324680 44.859062 6.532541
v 1.178375 36.872154 -5.196870
v 1.178375 36.872154 5.245693
v 1.318598 31.698246 -4.641333
v 1.318598 31.698246 4.690156
v 0.000000 63.696114 0.024411
v 0.000000 78.640167 0.024411
v 0.000000 80.778725 0.024411
v 0.000000 82.248978 0.024411
v 0.000000 83.537422 0.024411
v 1.837878 85.463364 0.024411
v 0.000000 53.046902 0.024411
v 0.000000 44.859062 0.024411
v 0.000000 36.872154 0.024411
v 0.000000 31.698246 0.024411
v 0.000000 63.696114 6.576694
v 0.000000 78.640167 6.576694
v 0.000000 80.809776 5.231350
v 0.000000 82.291740 3.710571
v 0.000000 83.537422 1.824023
v 1.837878 85.463364 0.630490
v 0.000000 53.046902 5.421175
v 0.000000 44.859062 4.972496
v 0.000000 36.872154 3.994114
v 0.000000 31.698246 3.571743
v 0.000000 63.696114 -6.395369
v 0.000000 78.640167 -6.395369
v 0.000000 80.809776 -5.077230
v 0.000000 82.291740 -3.587205
v 0.000000 83.537422 -1.738807
v 1.837878 85.463364 -0.569412
v 0.000000 53.046902 -5.263216
v 0.000000 44.859062 -4.823610
v 0.000000 36.872154 -3.865014
v 0.000000 31.698246 -3.451184
v 1.877384 30.237133 -4.641333
v 1.877384 30.237133 4.690156
v 1.877384 30.195272 -8.752577
v 1.877384 30.195272 8.801399
v 1.877384 30.237133 0.024411
v 1.318598 31.698246 0.024411
v 1.597991 30.967690 -4.641333
v 1.597991 30.967690 4.690156
v 1.597991 30.967690 0.024411
v 1.161273 30.967690 -8.708396
v 1.161273 30.967690 8.757218
v 0.000000 26.264065 7.482475
v 0.000000 26.264065 -7.433652
v 1.877384 28.783657 -4.641333
v 1.877384 28.783657 4.690156
v 1.877384 28.741796 -8.752577
v 1.877384 28.741796 8.801399
v 1.877384 28.783657 0.024411
v 0.000000 27.354406 -4.641333
v 0.000000 27.354406 4.690156
v 0.000000 31.628313 7.493903
v 0.000000 27.354406 0.024411
v 1.406708 28.069031 -4.641333
v 1.406708 28.027172 -8.752577
v 1.406708 28.069031 0.024411
v 1.406708 28.027172 8.801399
v 1.406708 28.069031 4.690156
v 1.877384 30.210138 7.545685
v 1.316364 30.967690 7.514006
v 1.877384 28.756662 7.545685
v 1.406708 28.042038 7.545685
v 0.000000 31.654232 -7.344949
v 1.877384 30.216202 -7.482476
v 1.379632 30.967690 -7.457914
v 1.877384 28.762726 -7.482476
v 1.406708 28.048101 -7.482476
v 0.503740 26.801064 -7.440566
v 0.503740 26.801064 7.489388
v 0.503740 26.801064 0.024411
v 0.503740 26.801064 4.701659
v 0.503740 26.801064 -4.652837
v 0.000000 26.264065 0.024411
v 0.000000 26.264065 4.682053
v 0.000000 26.264065 -4.653417
v 1.980183 24.490824 7.482475
v 1.980183 24.490824 -7.433652
v 1.980183 24.490824 0.024411
v 1.980183 24.490824 4.682053
v 1.980183 24.490824 -4.653417
v 1.495606 25.453796 -4.653417
v 1.495606 25.453796 -7.433652
v 1.495606 25.453796 0.024411
v 1.495606 25.453796 4.682053
v 1.495606 25.453796 7.482475
v 1.265642 25.453796 -8.625467
v 1.265642 25.453796 8.674290
v 1.588670 24.455196 -8.651419
v 1.588670 24.455196 8.700241
v 1.980183 23.279594 7.482475
v 1.980183 23.279594 -7.433652
v 1.980183 23.279594 0.024411
v 1.980183 23.279594 4.682053
v 1.980183 23.279594 -4.653417
v 1.588670 23.243967 -8.651419
v 1.588670 23.243967 8.700241
v 0.000000 22.709110 9.797285
v 0.723077 16.626040 7.574880
v 0.000000 22.709110 -9.595198
v 0.000000 21.987616 7.589202
v 0.000000 21.987616 -7.540380
v 0.000000 21.987616 0.024411
v 0.000000 21.987616 4.682053
v 0.000000 21.987616 -4.653417
v 1.617843 22.633606 0.024411
v 1.617843 22.633606 -4.653417
v 1.617843 22.633606 4.682053
v 1.617843 22.633606 7.482475
v 1.617843 22.633606 -7.433652
v 1.510809 22.655140 8.747788
v 1.510809 22.655140 -8.698966
v 0.524866 21.382568 7.582041
v 0.524866 21.382568 -7.533218
v 0.000000 20.777521 0.024411
v 0.524866 21.382568 0.024411
v 0.000000 20.777521 -4.623898
v 0.000000 20.777521 4.672720
v 0.524866 21.382568 4.708245
v 0.524866 21.382568 -4.659422
v 0.723077 16.626040 -7.526057
v 0.723077 16.626040 0.024411
v 0.723077 16.626040 -4.623898
v 0.723077 16.626040 4.672720
v 1.960368 19.611694 -4.623898
v 1.960368 19.611694 0.024411
v 1.960368 19.611694 4.672720
v 1.960368 19.611694 -7.526057
v 1.960368 19.611694 7.574880
v 1.960368 18.005127 -4.623898
v 1.960368 18.005127 0.024411
v 1.960368 18.005127 4.672720
v 1.960368 18.005127 -7.526057
v 1.960368 18.005127 7.574880
v 1.207662 20.450520 0.024411
v 1.207662 20.450520 4.672720
v 1.207662 20.450520 -7.526057
v 1.207662 20.450520 7.574880
v 1.207662 20.450520 -4.623898
v 1.328802 17.262541 -4.623898
v 1.328802 17.262541 0.024411
v 1.328802 17.262541 4.672720
v 1.328802 17.262541 -7.526057
v 1.328802 17.262541 7.574880
v 0.000000 20.342016 9.480619
v 0.000000 20.342016 -9.431797
v 0.000000 17.293877 9.547532
v 0.000000 17.293877 -9.498710
v 1.960368 19.611694 9.018446
v 1.960368 19.611694 -8.969624
v 1.960368 18.005127 9.018446
v 1.960368 18.005127 -8.969624
v 1.207662 20.450520 9.018446
v 1.207662 20.450520 -8.969624
v 1.328802 17.262541 9.018446
v 1.328802 17.262541 -8.969624
v 0.000000 15.471659 8.818178
v 0.000000 15.508650 -8.769356
v 1.734393 12.610478 7.548165
v 0.957604 15.382017 0.024411
v 0.957604 15.382017 -4.623898
v 0.957604 15.382017 4.672720
v -0.592740 15.406569 7.548165
v -0.603852 15.406569 -7.499343
v -2.099258 12.585926 0.024411
v -2.099258 12.585926 4.672720
v -2.099258 12.585926 -4.623898
v -1.745505 12.610478 -7.499343
v 0.022224 52.966537 8.886708
v 0.022224 52.966537 -8.837886
v 0.022224 36.873627 6.341121
v 0.022224 36.873627 -6.292299
v 0.022224 44.920082 8.017536
v 0.022224 44.920082 -7.968714
v 0.022224 81.297432 8.886708
v 0.022224 81.297432 -8.837886
v 0.022224 85.275810 3.307858
v 0.022224 85.275810 -3.259036
v 0.022224 83.286621 -6.878059
v 0.022224 83.286621 6.926881
v 0.022224 86.240265 0.024411
v 0.022224 85.938873 1.666135
v 0.022224 85.938873 -1.617312
v 0.022224 63.696114 -10.227505
v 0.022224 63.696114 10.276327
v 0.022224 78.584900 10.324828
v 0.022224 78.584900 -10.276006
v -1.837878 63.696114 -8.593695
v -1.837878 63.696114 8.642517
v -1.837878 78.640167 -8.593695
v -1.837878 78.640167 8.642517
v -1.837878 81.319214 -6.824186
v -1.837878 81.319214 6.873009
v -1.837878 83.454079 -4.823932
v -1.837878 83.454079 4.872754
v -1.837878 84.919182 -2.342587
v -1.837878 84.919182 2.391409
v -1.837878 85.463364 -0.772754
v -1.837878 85.463364 0.821577
v -1.837878 53.046902 -7.073860
v -1.837878 53.046902 7.122682
v -1.324680 44.859062 -6.483719
v -1.324680 44.859062 6.532541
v -1.178375 36.872154 -5.196870
v -1.178375 36.872154 5.245693
v -1.318598 31.698246 -4.641333
v -1.318598 31.698246 4.690156
v -1.837878 85.463364 0.024411
v -1.837878 85.463364 0.630490
v -1.837878 85.463364 -0.569412
v -1.877384 30.237133 -4.641333
v -1.877384 30.237133 4.690156
v -1.877384 30.195272 -8.752577
v -1.877384 30.195272 8.801399
v -1.877384 30.237133 0.024411
v -1.318598 31.698246 0.024411
v -1.597991 30.967690 -4.641333
v -1.597991 30.967690 4.690156
v -1.597991 30.967690 0.024411
v -1.161273 30.967690 -8.708396
v -1.161273 30.967690 8.757218
v -1.877384 28.783657 -4.641333
v -1.877384 28.783657 4.690156
v -1.877384 28.741796 -8.752577
v -1.877384 28.741796 8.801399
v -1.877384 28.783657 0.024411
v -1.406708 28.069031 -4.641333
v -1.406708 28.027172 -8.752577
v -1.406708 28.069031 0.024411
v -1.406708 28.027172 8.801399
v -1.406708 28.069031 4.690156
v -1.877384 30.210138 7.545685
v -1.316364 30.967690 7.514006
v -1.877384 28.756662 7.545685
v -1.406708 28.042038 7.545685
v -1.877384 30.216202 -7.482476
v -1.379632 30.967690 -7.457914
v -1.877384 28.762726 -7.482476
v -1.406708 28.048101 -7.482476
v -0.503740 26.801064 -7.440566
v -0.503740 26.801064 7.489388
v -0.503740 26.801064 0.024411
v -0.503740 26.801064 4.701659
v -0.503740 26.801064 -4.652837
v -1.980183 24.490824 7.482475
v -1.980183 24.490824 -7.433652
v -1.980183 24.490824 0.024411
v -1.980183 24.490824 4.682053
v -1.980183 24.490824 -4.653417
v -1.495606 25.453796 -4.653417
v -1.495606 25.453796 -7.433652
v -1.495606 25.453796 0.024411
v -1.495606 25.453796 4.682053
v -1.495606 25.453796 7.482475
v -1.265642 25.453796 -8.625467
v -1.265642 25.453796 8.674290
v -1.588670 24.455196 -8.651419
v -1.588670 24.455196 8.700241
v -1.980183 23.279594 7.482475
v -1.980183 23.279594 -7.433652
v -1.980183 23.279594 0.024411
v -1.980183 23.279594 4.682053
v -1.980183 23.279594 -4.653417
v -1.588670 23.243967 -8.651419
v -1.588670 23.243967 8.700241
v -0.723077 16.626040 7.574880
v -1.617843 22.633606 0.024411
v -1.617843 22.633606 -4.653417
v -1.617843 22.633606 4.682053
v -1.617843 22.633606 7.482475
v -1.617843 22.633606 -7.433652
v -1.510809 22.655140 8.747788
v -1.510809 22.655140 -8.698966
v -0.524866 21.382568 7.582041
v -0.524866 21.382568 -7.533218
v -0.524866 21.382568 0.024411
v -0.524866 21.382568 4.708245
v -0.524866 21.382568 -4.659422
v -0.723077 16.626040 -7.526057
v -0.723077 16.626040 0.024411
v -0.723077 16.626040 -4.623898
v -0.723077 16.626040 4.672720
v -1.960368 19.611694 -4.623898
v -1.960368 19.611694 0.024411
v -1.960368 19.611694 4.672720
v -1.960368 19.611694 -7.526057
v -1.960368 19.611694 7.574880
v -1.960368 18.005127 -4.623898
v -1.960368 18.005127 0.024411
v -1.960368 18.005127 4.672720
v -1.960368 18.005127 -7.526057
v -1.960368 18.005127 7.574880
v -1.207662 20.450520 0.024411
v -1.207662 20.450520 4.672720
v -1.207662 20.450520 -7.526057
v -1.207662 20.450520 7.574880
v -1.207662 20.450520 -4.623898
v -1.328802 17.262541 -4.623898
v -1.328802 17.262541 0.024411
v -1.328802 17.262541 4.672720
v -1.328802 17.262541 -7.526057
v -1.328802 17.262541 7.574880
v -1.960368 19.611694 9.018446
v -1.960368 19.611694 -8.969624
v -1.960368 18.005127 9.018446
v -1.960368 18.005127 -8.969624
v -1.207662 20.450520 9.018446
v -1.207662 20.450520 -8.969624
v -1.328802 17.262541 9.018446
v -1.328802 17.262541 -8.969624
v -1.734393 12.610478 7.548165
v -0.957604 15.382017 0.024411
v -0.957604 15.382017 -4.623898
v -0.957604 15.382017 4.672720
vn 0.7471 -0.0000 -0.6647
vn 0.6654 -0.0012 0.7465
vn 0.6654 -0.0012 -0.7465
vn 0.6785 -0.3971 -0.6181
vn 0.6446 0.3909 0.6570
vn 0.6446 0.3909 -0.6570
vn 0.6537 -0.5279 -0.5422
vn 0.6018 0.5532 0.5761
vn 0.6018 0.5532 -0.5761
vn 0.6415 -0.6518 -0.4045
vn 0.4010 0.7972 0.4514
vn 0.4010 0.7972 -0.4514
vn 0.6433 -0.7315 -0.2261
vn 0.3519 0.8762 0.3294
vn 0.3519 0.8762 -0.3294
vn 0.3163 0.9331 -0.1713
vn 0.3163 0.9331 0.1713
vn 1.0000 -0.0000 -0.0000
vn 0.7345 0.0839 0.6734
vn 0.6722 -0.0998 0.7336
vn 0.6722 -0.0998 -0.7336
vn 0.7390 0.0192 0.6734
vn 0.7094 -0.0853 0.6997
vn 0.7094 -0.0853 -0.6997
vn 0.7644 0.0829 0.6395
vn 0.7034 -0.1354 0.6977
vn 0.7034 -0.1354 -0.6977
vn 0.7086 0.0753 0.7016
vn 0.6959 -0.0483 0.7165
vn 0.6959 -0.0483 -0.7165
vn 0.7235 -0.6904 -0.0000
vn 0.3854 0.9227 -0.0000
vn 0.7130 0.0874 -0.6957
vn 0.7177 0.0217 -0.6960
vn 0.7441 0.0871 -0.6624
vn 0.6863 0.0776 -0.7231
vn 0.7672 -0.0000 0.6414
vn 0.6999 -0.3837 0.6025
vn 0.6689 -0.5162 0.5349
vn 0.6487 -0.6451 0.4039
vn 0.6466 -0.7293 0.2238
vn 0.9340 0.3572 -0.0000
vn 0.6952 0.2659 -0.6678
vn 0.6952 0.2659 0.6678
vn 0.3463 0.6891 0.6366
vn 0.5177 0.5188 0.6803
vn 0.7654 0.6415 0.0513
vn 0.4614 0.8855 0.0543
vn 0.4548 0.8895 -0.0429
vn 0.7785 0.6234 -0.0726
vn 0.5177 0.5188 -0.6803
vn 0.3463 0.6891 -0.6366
vn 0.5970 -0.0237 0.8019
vn 0.5970 -0.0237 -0.8019
vn 0.4518 -0.8921 0.0059
vn 0.4529 -0.8916 -0.0000
vn 0.4272 -0.9040 0.0169
vn 0.8351 -0.5500 -0.0000
vn 0.8351 -0.5500 -0.0065
vn 0.8351 -0.5500 0.0041
vn 0.8351 -0.5500 -0.0052
vn 0.4503 -0.8928 -0.0068
vn 0.4515 0.8908 0.0508
vn 0.8694 0.4920 0.0455
vn 0.8351 -0.5500 0.0091
vn 0.4288 -0.9033 -0.0147
vn 0.8848 0.4646 -0.0359
vn 0.4471 0.8919 -0.0683
vn -0.0000 1.0000 -0.0000
vn 0.5508 -0.3628 -0.7517
vn 0.3415 -0.6520 -0.6769
vn 0.3415 -0.6520 0.6769
vn 0.5508 -0.3628 0.7517
vn -0.0000 -0.0129 0.9999
vn 0.7345 0.6787 -0.0020
vn 0.7395 0.6732 -0.0000
vn 0.7345 0.6787 0.0020
vn 0.7293 -0.6842 -0.0000
vn -0.0000 -0.0129 -0.9999
vn 0.8933 0.4495 -0.0000
vn 0.4763 0.8793 -0.0000
vn 0.4764 0.8793 -0.0000
vn 0.4273 0.8912 0.1521
vn 0.4273 0.8912 -0.1521
vn 0.8973 0.3725 0.2369
vn 0.8973 0.3725 -0.2369
vn 0.6600 0.2321 0.7145
vn 0.3383 0.6183 0.7094
vn 0.6600 0.2321 -0.7145
vn 0.3383 0.6183 -0.7094
vn 0.9520 -0.0000 -0.3061
vn 0.9520 -0.0000 0.3061
vn 0.6727 -0.0216 0.7396
vn 0.6727 -0.0216 -0.7396
vn 0.6092 -0.3495 0.7118
vn 0.4581 -0.5624 0.6884
vn 0.5614 -0.4877 -0.6686
vn 0.4245 -0.5124 -0.7465
vn 0.3708 -0.9287 -0.0000
vn 0.8722 -0.4892 -0.0000
vn 0.9280 -0.3237 0.1845
vn 0.9280 -0.3237 -0.1845
vn 0.3689 -0.9279 0.0536
vn 0.3689 -0.9279 -0.0536
vn 0.7554 0.6553 -0.0000
vn 0.7554 -0.6553 -0.0000
vn -0.0000 -0.0118 0.9999
vn -0.0000 -0.0118 -0.9999
vn 0.7244 -0.6894 -0.0000
vn 0.7443 0.6679 -0.0000
vn -1.0000 -0.0000 -0.0000
vn 0.2614 0.9652 -0.0000
vn 0.7618 -0.6479 -0.0000
vn 0.2626 0.9649 -0.0011
vn 0.2626 0.9649 0.0011
vn 0.5393 -0.8304 0.1399
vn 0.5268 -0.8370 -0.1480
vn 0.1533 0.7949 0.5871
vn 0.3576 0.4381 0.8247
vn 0.4743 -0.0000 0.8804
vn 0.3801 -0.4439 0.8115
vn 0.2474 -0.7063 0.6632
vn 0.1533 0.7949 -0.5871
vn 0.3576 0.4381 -0.8247
vn 0.4743 -0.0000 -0.8804
vn 0.3801 -0.4439 -0.8115
vn 0.2396 -0.7259 -0.6447
vn 0.8599 -0.0951 -0.5016
vn 0.8605 -0.1029 0.4990
vn 0.9062 -0.0000 0.4229
vn 0.9031 -0.0000 -0.4294
vn 0.9972 0.0415 0.0628
vn 0.9971 0.0460 -0.0609
vn 0.9827 0.1853 -0.0000
vn 0.9258 0.3780 -0.0000
vn 0.9198 0.3756 0.1135
vn 0.7328 0.1496 0.6637
vn 0.9202 0.3757 -0.1100
vn 0.7318 0.1494 -0.6649
vn -0.7471 -0.0000 -0.6647
vn -0.6654 -0.0012 0.7465
vn -0.6654 -0.0012 -0.7465
vn -0.6785 -0.3971 -0.6181
vn -0.6446 0.3909 0.6570
vn -0.6446 0.3909 -0.6570
vn -0.6537 -0.5279 -0.5422
vn -0.6018 0.5532 0.5761
vn -0.6018 0.5532 -0.5761
vn -0.6415 -0.6518 -0.4045
vn -0.4010 0.7972 0.4514
vn -0.4010 0.7972 -0.4514
vn -0.6433 -0.7315 -0.2261
vn -0.3519 0.8762 0.3294
vn -0.3519 0.8762 -0.3294
vn -0.3163 0.9331 -0.1713
vn -0.3163 0.9331 0.1713
vn -0.7345 0.0839 0.6734
vn -0.6722 -0.0998 0.7336
vn -0.6722 -0.0998 -0.7336
vn -0.7390 0.0192 0.6734
vn -0.7094 -0.0853 0.6997
vn -0.7094 -0.0853 -0.6997
vn -0.7644 0.0829 0.6395
vn -0.7034 -0.1354 0.6977
vn -0.7034 -0.1354 -0.6977
vn -0.7086 0.0753 0.7016
vn -0.6959 -0.0483 0.7165
vn -0.6959 -0.0483 -0.7165
vn -0.7235 -0.6904 -0.0000
vn -0.3854 0.9227 -0.0000
vn -0.7130 0.0874 -0.6957
vn -0.7177 0.0217 -0.6960
vn -0.7441 0.0871 -0.6624
vn -0.6863 0.0776 -0.7231
vn -0.7672 -0.0000 0.6414
vn -0.6999 -0.3837 0.6025
vn -0.6689 -0.5162 0.5349
vn -0.6487 -0.6451 0.4039
vn -0.6466 -0.7293 0.2238
vn -0.9340 0.3572 -0.0000
vn -0.6952 0.2659 -0.6678
vn -0.6952 0.2659 0.6678
vn -0.3463 0.6891 0.6366
vn -0.5177 0.5188 0.6803
vn -0.7654 0.6415 0.0513
vn -0.4614 0.8855 0.0543
vn -0.4548 0.8895 -0.0429
vn -0.7785 0.6234 -0.0726
vn -0.5177 0.5188 -0.6803
vn -0.3463 0.6891 -0.6366
vn -0.5970 -0.0237 0.8019
vn -0.5970 -0.0237 -0.8019
vn -0.4518 -0.8921 0.0059
vn -0.4529 -0.8916 -0.0000
vn -0.4272 -0.9040 0.0169
vn -0.8351 -0.5500 -0.0000
vn -0.8351 -0.5500 -0.0065
vn -0.8351 -0.5500 0.0041
vn -0.8351 -0.5500 -0.0052
vn -0.4503 -0.8928 -0.0068
vn -0.4515 0.8908 0.0508
vn -0.8694 0.4920 0.0455
vn -0.8351 -0.5500 0.0091
vn -0.4288 -0.9033 -0.0147
vn -0.8848 0.4646 -0.0359
vn -0.4471 0.8919 -0.0683
vn -0.5508 -0.3628 -0.7517
vn -0.3415 -0.6520 -0.6769
vn -0.3415 -0.6520 0.6769
vn -0.5508 -0.3628 0.7517
vn -0.7345 0.6787 -0.0020
vn -0.7395 0.6732 -0.0000
vn -0.7345 0.6787 0.0020
vn -0.7293 -0.6842 -0.0000
vn -0.8933 0.4495 -0.0000
vn -0.4763 0.8793 -0.0000
vn -0.4764 0.8793 -0.0000
vn -0.4273 0.8912 0.1521
vn -0.4273 0.8912 -0.1521
vn -0.8973 0.3725 0.2369
vn -0.8973 0.3725 -0.2369
vn -0.6600 0.2321 0.7145
vn -0.3383 0.6183 0.7094
vn -0.6600 0.2321 -0.7145
vn -0.3383 0.6183 -0.7094
vn -0.9520 -0.0000 -0.3061
vn -0.9520 -0.0000 0.3061
vn -0.6727 -0.0216 0.7396
vn -0.6727 -0.0216 -0.7396
vn -0.6092 -0.3495 0.7118
vn -0.4581 -0.5624 0.6884
vn -0.5614 -0.4877 -0.6686
vn -0.4245 -0.5124 -0.7465
vn -0.3708 -0.9287 -0.0000
vn -0.8722 -0.4892 -0.0000
vn -0.9280 -0.3237 0.1845
vn -0.9280 -0.3237 -0.1845
vn -0.3689 -0.9279 0.0536
vn -0.3689 -0.9279 -0.0536
vn -0.7554 0.6553 -0.0000
vn -0.7554 -0.6553 -0.0000
vn -0.7244 -0.6894 -0.0000
vn -0.7443 0.6679 -0.0000
vn -0.2614 0.9652 -0.0000
vn -0.7618 -0.6479 -0.0000
vn -0.2626 0.9649 -0.0011
vn -0.2626 0.9649 0.0011
vn -0.5393 -0.8304 0.1399
vn -0.5268 -0.8370 -0.1480
vn -0.1533 0.7949 0.5871
vn -0.3576 0.4381 0.8247
vn -0.4743 -0.0000 0.8804
vn -0.3801 -0.4439 0.8115
vn -0.2474 -0.7063 0.6632
vn -0.1533 0.7949 -0.5871
vn -0.3576 0.4381 -0.8247
vn -0.4743 -0.0000 -0.8804
vn -0.3801 -0.4439 -0.8115
vn -0.2396 -0.7259 -0.6447
vn -0.8599 -0.0951 -0.5016
vn -0.8605 -0.1029 0.4990
vn -0.9062 -0.0000 0.4229
vn -0.9031 -0.0000 -0.4294
vn -0.9972 0.0415 0.0628
vn -0.9971 0.0460 -0.0609
vn -0.9827 0.1853 -0.0000
vn -0.9258 0.3780 -0.0000
vn -0.9198 0.3756 0.1135
vn -0.7328 0.1496 0.6637
vn -0.9202 0.3757 -0.1100
vn -0.7318 0.1494 -0.6649
vn -0.7471 -0.0000 0.6647
vn -0.6654 0.0012 -0.7465
vn -0.6654 0.0012 0.7465
vn -0.6785 0.3971 0.6181
vn -0.6446 -0.3909 -0.6570
vn -0.6446 -0.3909 0.6570
vn -0.6537 0.5279 0.5422
vn -0.6018 -0.5532 -0.5761
vn -0.6018 -0.5532 0.5761
vn -0.6415 0.6518 0.4045
vn -0.4010 -0.7972 -0.4514
vn -0.4010 -0.7972 0.4514
vn -0.6433 0.7315 0.2261
vn -0.3519 -0.8762 -0.3294
vn -0.3519 -0.8762 0.3294
vn -0.3163 -0.9331 0.1713
vn -0.3163 -0.9331 -0.1713
vn -0.7345 -0.0839 -0.6734
vn -0.6722 0.0998 -0.7336
vn -0.6722 0.0998 0.7336
vn -0.7390 -0.0192 -0.6734
vn -0.7094 0.0853 -0.6997
vn -0.7094 0.0853 0.6997
vn -0.7644 -0.0829 -0.6395
vn -0.7034 0.1354 -0.6977
vn -0.7034 0.1354 0.6977
vn -0.7086 -0.0753 -0.7016
vn -0.6959 0.0483 -0.7165
vn -0.6959 0.0483 0.7165
vn -0.7235 0.6904 -0.0000
vn -0.3854 -0.9227 -0.0000
vn -0.7130 -0.0874 0.6957
vn -0.7177 -0.0217 0.6960
vn -0.7441 -0.0871 0.6624
vn -0.6863 -0.0776 0.7231
vn -0.7672 -0.0000 -0.6414
vn -0.6999 0.3837 -0.6025
vn -0.6689 0.5162 -0.5349
vn -0.6487 0.6451 -0.4039
vn -0.6466 0.7293 -0.2238
vn -0.9340 -0.3572 -0.0000
vn -0.6952 -0.2659 0.6678
vn -0.6952 -0.2659 -0.6678
vn -0.3463 -0.6891 -0.6366
vn -0.5177 -0.5188 -0.6803
vn -0.7654 -0.6415 -0.0513
vn -0.4614 -0.8855 -0.0543
vn -0.4548 -0.8895 0.0429
vn -0.7785 -0.6234 0.0726
vn -0.5177 -0.5188 0.6803
vn -0.3463 -0.6891 0.6366
vn -0.5970 0.0237 -0.8019
vn -0.5970 0.0237 0.8019
vn -0.4518 0.8921 -0.0059
vn -0.4529 0.8916 -0.0000
vn -0.4272 0.9040 -0.0169
vn -0.8351 0.5500 -0.0000
vn -0.8351 0.5500 0.0065
vn -0.8351 0.5500 -0.0041
vn -0.8351 0.5500 0.0052
vn -0.4503 0.8928 0.0068
vn -0.4515 -0.8908 -0.0508
vn -0.8694 -0.4920 -0.0455
vn -0.8351 0.5500 -0.0091
vn -0.4288 0.9033 0.0147
vn -0.8848 -0.4646 0.0359
vn -0.4471 -0.8919 0.0683
vn -0.0000 -1.0000 -0.0000
vn -0.5508 0.3628 0.7517
vn -0.3415 0.6520 0.6769
vn -0.3415 0.6520 -0.6769
vn -0.5508 0.3628 -0.7517
vn -0.0000 0.0129 -0.9999
vn -0.7345 -0.6787 0.0020
vn -0.7395 -0.6732 -0.0000
vn -0.7345 -0.6787 -0.0020
vn -0.7293 0.6842 -0.0000
vn -0.0000 0.0129 0.9999
vn -0.8933 -0.4495 -0.0000
vn -0.4763 -0.8793 -0.0000
vn -0.4764 -0.8793 -0.0000
vn -0.4273 -0.8912 -0.1521
vn -0.4273 -0.8912 0.1521
vn -0.8973 -0.3725 -0.2369
vn -0.8973 -0.3725 0.2369
vn -0.6600 -0.2321 -0.7145
vn -0.3383 -0.6183 -0.7094
vn -0.6600 -0.2321 0.7145
vn -0.3383 -0.6183 0.7094
vn -0.6727 0.0216 -0.7396
vn -0.6727 0.0216 0.7396
vn -0.6092 0.3495 -0.7118
vn -0.4581 0.5624 -0.6884
vn -0.5614 0.4877 0.6686
vn -0.4245 0.5124 0.7465
vn -0.3708 0.9287 -0.0000
vn -0.8722 0.4892 -0.0000
vn -0.9280 0.3237 -0.1845
vn -0.9280 0.3237 0.1845
vn -0.3689 0.9279 -0.0536
vn -0.3689 0.9279 0.0536
vn -0.0000 0.0118 -0.9999
vn -0.0000 0.0118 0.9999
vn -0.7244 0.6894 -0.0000
vn -0.7443 -0.6679 -0.0000
vn -0.2614 -0.9652 -0.0000
vn -0.7618 0.6479 -0.0000
vn -0.2626 -0.9649 0.0011
vn -0.2626 -0.9649 -0.0011
vn -0.5393 0.8304 -0.1399
vn -0.5268 0.8370 0.1480
vn -0.1533 -0.7949 -0.5871
vn -0.3576 -0.4381 -0.8247
vn -0.3801 0.4439 -0.8115
vn -0.2474 0.7063 -0.6632
vn -0.1533 -0.7949 0.5871
vn -0.3576 -0.4381 0.8247
vn -0.3801 0.4439 0.8115
vn -0.2396 0.7259 0.6447
vn -0.8599 0.0951 0.5016
vn -0.8605 0.1029 -0.4990
vn -0.9062 -0.0000 -0.4229
vn -0.9031 -0.0000 0.4294
vn -0.9972 -0.0415 -0.0628
vn -0.9971 -0.0460 0.0609
vn -0.9827 -0.1853 -0.0000
vn -0.9258 -0.3780 -0.0000
vn -0.9198 -0.3756 -0.1135
vn -0.7328 -0.1496 -0.6637
vn -0.9202 -0.3757 0.1100
vn -0.7318 -0.1494 0.6649
vn 0.7471 -0.0000 0.6647
vn 0.6654 0.0012 -0.7465
vn 0.6654 0.0012 0.7465
vn 0.6785 0.3971 0.6181
vn 0.6446 -0.3909 -0.6570
vn 0.6446 -0.3909 0.6570
vn 0.6537 0.5279 0.5422
vn 0.6018 -0.5532 -0.5761
vn 0.6018 -0.5532 0.5761
vn 0.6415 0.6518 0.4045
vn 0.4010 -0.7972 -0.4514
vn 0.4010 -0.7972 0.4514
vn 0.6433 0.7315 0.2261
vn 0.3519 -0.8762 -0.3294
vn 0.3519 -0.8762 0.3294
vn 0.3163 -0.9331 0.1713
vn 0.3163 -0.9331 -0.1713
vn 0.7345 -0.0839 -0.6734
vn 0.6722 0.0998 -0.7336
vn 0.6722 0.0998 0.7336
vn 0.7390 -0.0192 -0.6734
vn 0.7094 0.0853 -0.6997
vn 0.7094 0.0853 0.6997
vn 0.7644 -0.0829 -0.6395
vn 0.7034 0.1354 -0.6977
vn 0.7034 0.1354 0.6977
vn 0.7086 -0.0753 -0.7016
vn 0.6959 0.0483 -0.7165
vn 0.6959 0.0483 0.7165
vn 0.7235 0.6904 -0.0000
vn 0.3854 -0.9227 -0.0000
vn 0.7130 -0.0874 0.6957
vn 0.7177 -0.0217 0.6960
vn 0.7441 -0.0871 0.6624
vn 0.6863 -0.0776 0.7231
vn 0.7672 -0.0000 -0.6414
vn 0.6999 0.3837 -0.6025
vn 0.6689 0.5162 -0.5349
vn 0.6487 0.6451 -0.4039
vn 0.6466 0.7293 -0.2238
vn 0.9340 -0.3572 -0.0000
vn 0.6952 -0.2659 0.6678
vn 0.6952 -0.2659 -0.6678
vn 0.3463 -0.6891 -0.6366
vn 0.5177 -0.5188 -0.6803
vn 0.7654 -0.6415 -0.0513
vn 0.4614 -0.8855 -0.0543
vn 0.4548 -0.8895 0.0429
vn 0.7785 -0.6234 0.0726
vn 0.5177 -0.5188 0.6803
vn 0.3463 -0.6891 0.6366
vn 0.5970 0.0237 -0.8019
vn 0.5970 0.0237 0.8019
vn 0.4518 0.8921 -0.0059
vn 0.4529 0.8916 -0.0000
vn 0.4272 0.9040 -0.0169
vn 0.8351 0.5500 -0.0000
vn 0.8351 0.5500 0.0065
vn 0.8351 0.5500 -0.0041
vn 0.8351 0.5500 0.0052
vn 0.4503 0.8928 0.0068
vn 0.4515 -0.8908 -0.0508
vn 0.8694 -0.4920 -0.0455
vn 0.8351 0.5500 -0.0091
vn 0.4288 0.9033 0.0147
vn 0.8848 -0.4646 0.0359
vn 0.4471 -0.8919 0.0683
vn 0.5508 0.3628 0.7517
vn 0.3415 0.6520 0.6769
vn 0.3415 0.6520 -0.6769
vn 0.5508 0.3628 -0.7517
vn 0.7345 -0.6787 0.0020
vn 0.7395 -0.6732 -0.0000
vn 0.7345 -0.6787 -0.0020
vn 0.7293 0.6842 -0.0000
vn 0.8933 -0.4495 -0.0000
vn 0.4763 -0.8793 -0.0000
vn 0.4764 -0.8793 -0.0000
vn 0.4273 -0.8912 -0.1521
vn 0.4273 -0.8912 0.1521
vn 0.8973 -0.3725 -0.2369
vn 0.8973 -0.3725 0.2369
vn 0.6600 -0.2321 -0.7145
vn 0.3383 -0.6183 -0.7094
vn 0.6600 -0.2321 0.7145
vn 0.3383 -0.6183 0.7094
vn 0.6727 0.0216 -0.7396
vn 0.6727 0.0216 0.7396
vn 0.6092 0.3495 -0.7118
vn 0.4581 0.5624 -0.6884
vn 0.5614 0.4877 0.6686
vn 0.4245 0.5124 0.7465
vn 0.3708 0.9287 -0.0000
vn 0.8722 0.4892 -0.0000
vn 0.9280 0.3237 -0.1845
vn 0.9280 0.3237 0.1845
vn 0.3689 0.9279 -0.0536
vn 0.3689 0.9279 0.0536
vn 0.7244 0.6894 -0.0000
vn 0.7443 -0.6679 -0.0000
vn 0.2614 -0.9652 -0.0000
vn 0.7618 0.6479 -0.0000
vn 0.2626 -0.9649 0.0011
vn 0.2626 -0.9649 -0.0011
vn 0.5393 0.8304 -0.1399
vn 0.5268 0.8370 0.1480
vn 0.1533 -0.7949 -0.5871
vn 0.3576 -0.4381 -0.8247
vn 0.3801 0.4439 -0.8115
vn 0.2474 0.7063 -0.6632
vn 0.1533 -0.7949 0.5871
vn 0.3576 -0.4381 0.8247
vn 0.3801 0.4439 0.8115
vn 0.2396 0.7259 0.6447
vn 0.8599 0.0951 0.5016
vn 0.8605 0.1029 -0.4990
vn 0.9062 -0.0000 -0.4229
vn 0.9031 -0.0000 0.4294
vn 0.9972 -0.0415 -0.0628
vn 0.9971 -0.0460 0.0609
vn 0.9827 -0.1853 -0.0000
vn 0.9258 -0.3780 -0.0000
vn 0.9198 -0.3756 -0.1135
vn 0.7328 -0.1496 -0.6637
vn 0.9202 -0.3757 0.1100
vn 0.7318 -0.1494 0.6649
vt 0.860706 0.815043
vt 0.860706 0.931751
vt 0.844573 0.931751
vt 0.844573 0.815043
vt 0.831435 0.931320
vt 0.831813 0.815043
vt 0.991941 0.815043
vt 0.992320 0.931320
vt 0.979182 0.931751
vt 0.979182 0.815043
vt 0.871213 0.952674
vt 0.858392 0.952674
vt 0.842666 0.952504
vt 0.981089 0.952504
vt 0.965363 0.952674
vt 0.883090 0.969346
vt 0.874013 0.969346
vt 0.857971 0.968038
vt 0.965783 0.968038
vt 0.949741 0.969346
vt 0.897823 0.977373
vt 0.893392 0.980788
vt 0.886235 0.983573
vt 0.937520 0.983573
vt 0.930363 0.980788
vt 0.907144 0.985038
vt 0.905652 0.985038
vt 0.899056 0.988752
vt 0.924699 0.988752
vt 0.918103 0.985038
vt 0.911877 0.991105
vt 0.880875 0.605557
vt 0.884174 0.565150
vt 0.911877 0.565150
vt 0.911877 0.605557
vt 0.962014 0.815043
vt 0.953172 0.731876
vt 0.967313 0.731876
vt 0.842666 0.731249
vt 0.856442 0.731876
vt 0.981089 0.731249
vt 0.949739 0.667932
vt 0.962704 0.667932
vt 0.849454 0.668409
vt 0.861051 0.667932
vt 0.974301 0.668409
vt 0.942253 0.605557
vt 0.952654 0.605557
vt 0.862546 0.605568
vt 0.871101 0.605557
vt 0.961209 0.605568
vt 0.939021 0.565150
vt 0.948315 0.565150
vt 0.864859 0.565505
vt 0.875440 0.565150
vt 0.958895 0.565505
vt 0.873234 0.667932
vt 0.911877 0.667932
vt 0.869730 0.731876
vt 0.911877 0.731876
vt 0.911877 0.815043
vt 0.925647 0.977373
vt 0.916515 0.985038
vt 0.911877 0.985038
vt 0.911877 0.977373
vt 0.940083 0.969346
vt 0.911877 0.969346
vt 0.951719 0.952674
vt 0.911877 0.952674
vt 0.962014 0.931751
vt 0.911877 0.931751
vt 0.875440 0.559445
vt 0.875440 0.553740
vt 0.911877 0.553740
vt 0.911877 0.559445
vt 0.948315 0.559445
vt 0.948315 0.553740
vt 0.832086 0.553296
vt 0.843677 0.559445
vt 0.843791 0.564108
vt 0.843332 0.553413
vt 0.853386 0.559445
vt 0.853139 0.553529
vt 0.853543 0.564604
vt 0.969430 0.564807
vt 0.970312 0.559445
vt 0.970504 0.553576
vt 0.980423 0.553413
vt 0.980078 0.559445
vt 0.991668 0.553296
vt 0.979964 0.564108
vt 0.911877 0.542388
vt 0.948315 0.542388
vt 0.843332 0.542061
vt 0.853139 0.542178
vt 0.875440 0.542388
vt 0.970504 0.542225
vt 0.832764 0.541699
vt 0.980423 0.542061
vt 0.990991 0.541699
vt 0.970504 0.536644
vt 0.948315 0.536807
vt 0.948315 0.531226
vt 0.970230 0.531099
vt 0.911877 0.536807
vt 0.911877 0.531226
vt 0.853139 0.536597
vt 0.843332 0.536481
vt 0.842487 0.531604
vt 0.853524 0.531099
vt 0.875440 0.536807
vt 0.875440 0.531226
vt 0.980423 0.536481
vt 0.981268 0.531604
vt 0.853578 0.526905
vt 0.853632 0.522711
vt 0.970176 0.526905
vt 0.948405 0.526905
vt 0.911877 0.526905
vt 0.875350 0.526905
vt 0.875503 0.522711
vt 0.911877 0.522711
vt 0.948410 0.522711
vt 0.970122 0.522711
vt 0.970122 0.516383
vt 0.948410 0.516383
vt 0.948410 0.508863
vt 0.970122 0.508863
vt 0.911877 0.516383
vt 0.911877 0.508863
vt 0.875503 0.516383
vt 0.875503 0.508863
vt 0.853632 0.516383
vt 0.853632 0.508863
vt 0.842894 0.520151
vt 0.844325 0.516383
vt 0.979430 0.516383
vt 0.980861 0.520151
vt 0.844122 0.508585
vt 0.979633 0.508585
vt 0.832571 0.508306
vt 0.991184 0.508306
vt 0.853632 0.499404
vt 0.875503 0.499404
vt 0.948410 0.499404
vt 0.970122 0.499404
vt 0.979633 0.499125
vt 0.911877 0.499404
vt 0.844122 0.499125
vt 0.833090 0.499968
vt 0.990665 0.499968
vt 0.835554 0.494948
vt 0.843379 0.489928
vt 0.843751 0.494527
vt 0.987003 0.494948
vt 0.980004 0.494527
vt 0.980375 0.489928
vt 0.948410 0.494358
vt 0.911877 0.494358
vt 0.911877 0.489313
vt 0.948410 0.489313
vt 0.875503 0.494358
vt 0.875503 0.489313
vt 0.853632 0.494358
vt 0.852799 0.489313
vt 0.970122 0.494358
vt 0.970956 0.489313
vt 0.852855 0.484588
vt 0.875298 0.484588
vt 0.970844 0.479863
vt 0.970900 0.484588
vt 0.948457 0.484588
vt 0.948179 0.479863
vt 0.852911 0.479863
vt 0.875576 0.479863
vt 0.911877 0.484588
vt 0.911877 0.479863
vt 0.911877 0.452412
vt 0.911877 0.447441
vt 0.948179 0.447441
vt 0.948179 0.452412
vt 0.875576 0.452412
vt 0.875576 0.447441
vt 0.970844 0.452412
vt 0.970844 0.447441
vt 0.852911 0.452412
vt 0.852911 0.447441
vt 0.852911 0.477309
vt 0.852911 0.470758
vt 0.875576 0.470758
vt 0.875576 0.477309
vt 0.970844 0.477309
vt 0.948179 0.477309
vt 0.948179 0.470758
vt 0.970844 0.470758
vt 0.911877 0.470758
vt 0.911877 0.477309
vt 0.852911 0.458212
vt 0.875576 0.458212
vt 0.970844 0.458212
vt 0.948179 0.458212
vt 0.911877 0.458212
vt 0.841637 0.477309
vt 0.841637 0.470758
vt 0.841637 0.458212
vt 0.841637 0.452412
vt 0.982118 0.470758
vt 0.982118 0.477309
vt 0.982118 0.458212
vt 0.982118 0.452412
vt 0.842666 0.479888
vt 0.981089 0.479888
vt 0.843201 0.447309
vt 0.980554 0.447598
vt 0.838027 0.476462
vt 0.833389 0.469483
vt 0.833389 0.458605
vt 0.837505 0.452657
vt 0.985727 0.476462
vt 0.990366 0.469483
vt 0.990366 0.458605
vt 0.986250 0.452657
vt 0.970635 0.437918
vt 0.853119 0.437918
vt 0.843201 0.438426
vt 0.980554 0.438715
vt 0.875576 0.437726
vt 0.948179 0.437726
vt 0.911877 0.437726
vt 0.911877 0.415889
vt 0.948179 0.415889
vt 0.853119 0.416081
vt 0.875576 0.415889
vt 0.843201 0.416589
vt 0.970635 0.416081
vt 0.980554 0.416878
s 0
usemtl Material
f 774/301/669 775/302/669 747/303/669 745/304/669
f 742/305/670 741/306/670 745/304/670 747/303/670
f 740/307/671 743/308/671 746/309/671 744/310/671
f 775/302/672 776/311/672 749/312/672 747/303/672
f 731/313/673 742/305/673 747/303/673 749/312/673
f 743/308/674 732/314/674 748/315/674 746/309/674
f 776/311/675 777/316/675 751/317/675 749/312/675
f 736/318/676 731/313/676 749/312/676 751/317/676
f 732/314/677 735/319/677 750/320/677 748/315/677
f 777/316/678 778/321/678 753/322/678 751/317/678
f 733/323/679 736/318/679 751/317/679 753/322/679
f 735/319/680 734/324/680 752/325/680 750/320/680
f 778/321/681 779/326/681 755/327/681 753/322/681
f 738/328/682 733/323/682 753/322/682 755/327/682
f 734/324/683 739/329/683 754/330/683 752/325/683
f 739/329/684 737/331/684 754/330/684
f 737/331/685 738/328/685 755/327/685
f 782/332/686 783/333/686 773/334/686 772/335/686
f 784/336/687 790/337/687 756/338/687 744/310/687
f 741/306/688 703/339/688 757/340/688 745/304/688
f 704/341/689 740/307/689 744/310/689 756/338/689
f 790/337/690 791/342/690 758/343/690 756/338/690
f 703/339/691 707/344/691 759/345/691 757/340/691
f 708/346/692 704/341/692 756/338/692 758/343/692
f 791/342/693 792/347/693 760/348/693 758/343/693
f 707/344/694 705/349/694 761/350/694 759/345/694
f 706/351/695 708/346/695 758/343/695 760/348/695
f 792/347/696 793/352/696 762/353/696 760/348/696
f 705/349/697 709/354/697 763/355/697 761/350/697
f 710/356/698 706/351/698 760/348/698 762/353/698
f 781/357/686 782/332/686 772/335/686 771/358/686
f 780/359/686 781/357/686 771/358/686 770/360/686
f 774/301/686 780/359/686 770/360/686 764/361/686
f 788/362/699 789/363/699 769/364/699 768/365/699
f 787/366/686 788/362/686 768/365/686 767/367/686
f 786/368/686 787/366/686 767/367/686 766/369/686
f 785/370/686 786/368/686 766/369/686 765/371/686
f 784/336/686 785/370/686 765/371/686 764/361/686
f 755/327/700 779/326/700 769/364/700 737/331/700
f 737/331/700 769/364/700 789/363/700 754/330/700
f 745/304/701 757/340/701 780/359/701 774/301/701
f 757/340/702 759/345/702 781/357/702 780/359/702
f 759/345/703 761/350/703 782/332/703 781/357/703
f 761/350/704 763/355/704 783/333/704 782/332/704
f 768/365/699 769/364/699 779/326/699 778/321/699
f 767/367/686 768/365/686 778/321/686 777/316/686
f 766/369/686 767/367/686 777/316/686 776/311/686
f 765/371/686 766/369/686 776/311/686 775/302/686
f 764/361/686 765/371/686 775/302/686 774/301/686
f 744/310/705 746/309/705 785/370/705 784/336/705
f 746/309/706 748/315/706 786/368/706 785/370/706
f 748/315/707 750/320/707 787/366/707 786/368/707
f 750/320/708 752/325/708 788/362/708 787/366/708
f 752/325/709 754/330/709 789/363/709 788/362/709
f 772/335/686 773/334/686 793/352/686 792/347/686
f 771/358/686 772/335/686 792/347/686 791/342/686
f 770/360/686 771/358/686 791/342/686 790/337/686
f 764/361/686 770/360/686 790/337/686 784/336/686
f 801/372/710 795/373/710 798/374/710 802/375/710
f 800/376/710 802/375/710 798/374/710 794/377/710
f 762/353/710 799/334/710 802/375/710 800/376/710
f 763/355/710 801/372/710 802/375/710 799/334/710
f 762/353/711 800/376/711 710/356/711
f 763/355/712 709/354/712 801/372/712
f 711/378/713 804/379/713 713/380/713
f 797/381/714 804/379/714 711/378/714
f 822/382/715 804/379/715 797/381/715 821/383/715
f 814/384/716 822/382/716 801/372/716 709/354/716
f 825/385/717 710/356/717 800/376/717 827/386/717
f 827/386/718 826/387/718 796/388/718 803/389/718
f 796/388/719 712/390/719 803/389/719
f 714/391/720 803/389/720 712/390/720
f 794/377/686 798/374/686 811/392/686 807/393/686
f 821/383/686 797/381/686 810/394/686 823/395/686
f 798/374/686 795/373/686 808/396/686 811/392/686
f 826/387/686 794/377/686 807/393/686 828/397/686
f 715/398/721 810/394/721 797/381/721 711/378/721
f 712/390/722 796/388/722 809/399/722 716/400/722
f 829/401/723 816/402/723 812/403/723 724/404/723
f 816/402/724 818/405/724 815/406/724 812/403/724
f 824/407/725 819/408/725 717/409/725 723/410/725
f 818/405/724 820/411/724 813/412/724 815/406/724
f 811/392/726 808/396/726 820/411/726 818/405/726
f 823/395/727 810/394/727 819/408/727 824/407/727
f 807/393/726 811/392/726 818/405/726 816/402/726
f 828/397/728 807/393/728 816/402/728 829/401/728
f 808/396/729 823/395/729 824/407/729 820/411/729
f 820/411/730 824/407/730 723/410/730 813/412/730
f 795/373/686 821/383/686 823/395/686 808/396/686
f 713/380/731 804/379/731 822/382/731 814/384/731
f 801/372/732 822/382/732 821/383/732 795/373/732
f 809/399/733 828/397/733 829/401/733 817/413/733
f 817/413/734 829/401/734 724/404/734 718/414/734
f 796/388/686 826/387/686 828/397/686 809/399/686
f 800/376/735 794/377/735 826/387/735 827/386/735
f 714/391/736 825/385/736 827/386/736 803/389/736
f 783/333/737 799/334/737 773/334/737
f 763/355/737 799/334/737 783/333/737
f 773/334/737 799/334/737 793/352/737
f 793/352/737 799/334/737 762/353/737
f 809/399/738 817/413/738 716/400/738
f 716/400/739 817/413/739 718/414/739
f 717/409/740 819/408/740 715/398/740
f 810/394/741 715/398/741 819/408/741
f 831/415/742 723/410/742 805/416/742
f 830/417/743 724/404/743 812/403/743 834/418/743
f 815/406/744 832/419/744 834/418/744 812/403/744
f 813/412/744 833/420/744 832/419/744 815/406/744
f 723/410/745 831/415/745 833/420/745 813/412/745
f 805/416/746 836/421/746 833/420/746 831/415/746
f 832/419/746 833/420/746 836/421/746 835/422/746
f 834/418/746 832/419/746 835/422/746 837/423/746
f 806/424/746 830/417/746 834/418/746 837/423/746
f 830/417/747 806/424/747 724/404/747
f 844/425/748 843/426/748 842/427/748 839/428/748
f 843/426/748 845/429/748 840/430/748 842/427/748
f 845/429/748 846/431/748 841/432/748 840/430/748
f 846/431/748 847/433/748 838/434/748 841/432/748
f 836/421/749 805/416/749 847/433/749 846/431/749
f 835/422/750 836/421/750 846/431/750 845/429/750
f 837/423/750 835/422/750 845/429/750 843/426/750
f 806/424/750 837/423/750 843/426/750 844/425/750
f 721/435/751 849/436/751 847/433/751 805/416/751
f 848/437/752 722/438/752 806/424/752 844/425/752
f 847/433/753 849/436/753 851/439/753 838/434/753
f 844/425/754 839/428/754 850/440/754 848/437/754
f 851/439/755 849/436/755 719/441/755
f 849/436/756 721/435/756 719/441/756
f 848/437/757 850/440/757 720/442/757
f 722/438/758 848/437/758 720/442/758
f 841/432/686 838/434/686 852/443/686 855/444/686
f 839/428/686 842/427/686 856/445/686 853/446/686
f 850/440/759 839/428/759 853/446/759 857/447/759
f 842/427/686 840/430/686 854/448/686 856/445/686
f 840/430/686 841/432/686 855/444/686 854/448/686
f 838/434/760 851/439/760 858/449/760 852/443/760
f 725/450/761 858/449/761 851/439/761 719/441/761
f 720/442/762 850/440/762 857/447/762 726/451/762
f 858/449/763 725/450/763 859/452/763
f 859/452/764 727/453/764 872/454/764 858/449/764
f 726/451/765 857/447/765 861/455/765
f 861/455/766 857/447/766 873/456/766 728/457/766
f 868/458/767 867/459/767 864/460/767 866/461/767
f 867/459/767 869/462/767 865/463/767 864/460/767
f 869/462/767 870/464/767 862/465/767 865/463/767
f 871/466/767 868/458/767 866/461/767 863/467/767
f 853/446/768 856/445/768 868/458/768 871/466/768
f 855/444/768 852/443/768 870/464/768 869/462/768
f 854/448/768 855/444/768 869/462/768 867/459/768
f 856/445/768 854/448/768 867/459/768 868/458/768
f 852/443/769 858/449/769 872/454/769 870/464/769
f 853/446/770 871/466/770 873/456/770 857/447/770
f 870/464/771 872/454/771 727/453/771 862/465/771
f 863/467/772 728/457/772 873/456/772 871/466/772
f 865/463/773 862/465/773 874/468/773 880/469/773
f 730/470/774 875/471/774 881/472/774 878/473/774
f 874/468/774 729/474/774 879/475/774 880/469/774
f 874/468/775 862/465/775 729/474/775
f 875/471/776 730/470/776 863/467/776
f 863/467/773 866/461/773 881/472/773 875/471/773
f 864/460/773 865/463/773 880/469/773 877/476/773
f 876/477/774 877/476/774 880/469/774 879/475/774
f 877/476/774 876/477/774 878/473/774 881/472/774
f 866/461/773 864/460/773 877/476/773 881/472/773
f 902/478/777 883/479/777 884/480/777 901/481/777
f 903/482/777 885/483/777 883/479/777 902/478/777
f 904/484/777 901/481/777 884/480/777 882/485/777
f 905/486/777 860/487/777 885/483/777 903/482/777
f 899/488/778 890/489/778 888/490/778 897/491/778
f 898/492/778 900/493/778 886/494/778 889/495/778
f 897/491/778 888/490/778 887/496/778 896/497/778
f 896/497/778 887/496/778 886/494/778 900/493/778
f 890/489/686 895/498/686 893/499/686 888/490/686
f 889/495/779 894/500/779 891/501/779 886/494/779
f 888/490/686 893/499/686 892/502/686 887/496/686
f 887/496/686 892/502/686 891/501/686 886/494/686
f 876/477/780 896/497/780 900/493/780 878/473/780
f 879/475/780 897/491/780 896/497/780 876/477/780
f 730/470/780 878/473/780 900/493/780 898/492/780
f 729/474/780 899/488/780 897/491/780 879/475/780
f 895/498/781 905/486/781 903/482/781 893/499/781
f 894/500/781 891/501/781 901/481/781 904/484/781
f 893/499/781 903/482/781 902/478/781 892/502/781
f 892/502/781 902/478/781 901/481/781 891/501/781
f 898/492/778 914/503/778 910/504/778 889/495/778
f 889/495/686 910/504/686 912/505/686 894/500/686
f 894/500/781 912/505/781 916/506/781 904/484/781
f 899/488/778 890/489/778 911/507/778 915/508/778
f 890/489/686 895/498/686 913/509/686 911/507/686
f 895/498/781 905/486/781 917/510/781 913/509/781
f 729/474/782 691/511/782 914/503/782 899/488/782
f 730/470/783 898/492/783 915/508/783 692/512/783
f 860/487/784 905/486/784 916/506/784 693/513/784
f 882/485/785 694/514/785 917/510/785 904/484/785
f 691/511/786 906/515/786 914/503/786
f 906/515/787 689/516/787 910/504/787 914/503/787
f 689/516/788 687/517/788 912/505/788 910/504/788
f 687/517/789 908/518/789 916/506/789 912/505/789
f 693/513/790 916/506/790 908/518/790
f 692/512/791 915/508/791 907/519/791
f 907/519/792 915/508/792 911/507/792 690/520/792
f 690/520/793 911/507/793 913/509/793 688/521/793
f 688/521/794 913/509/794 917/510/794 909/522/794
f 694/514/795 909/522/795 917/510/795
f 882/485/796 696/523/796 694/514/796
f 860/487/797 693/513/797 695/524/797
f 695/524/798 693/513/798 918/525/798
f 696/523/799 919/526/799 694/514/799
f 860/487/800 695/524/800 923/527/800 885/483/800
f 882/485/801 884/480/801 922/528/801 696/523/801
f 885/483/802 923/527/802 921/529/802 883/479/802
f 883/479/802 921/529/802 922/528/802 884/480/802
f 921/529/803 697/530/803 700/531/803 922/528/803
f 695/524/804 920/532/804 699/533/804 923/527/804
f 918/525/805 701/534/805 920/532/805 695/524/805
f 696/523/806 922/528/806 700/531/806 702/535/806
f 923/527/803 699/533/803 697/530/803 921/529/803
f 919/526/807 696/523/807 702/535/807 698/536/807
f 774/301/808 950/304/808 952/303/808 775/302/808
f 947/305/809 952/303/809 950/304/809 946/306/809
f 945/307/810 949/310/810 951/309/810 948/308/810
f 775/302/811 952/303/811 954/312/811 776/311/811
f 936/313/812 954/312/812 952/303/812 947/305/812
f 948/308/813 951/309/813 953/315/813 937/314/813
f 776/311/814 954/312/814 956/317/814 777/316/814
f 941/318/815 956/317/815 954/312/815 936/313/815
f 937/314/816 953/315/816 955/320/816 940/319/816
f 777/316/817 956/317/817 958/322/817 778/321/817
f 938/323/818 958/322/818 956/317/818 941/318/818
f 940/319/819 955/320/819 957/325/819 939/324/819
f 778/321/820 958/322/820 960/327/820 970/326/820
f 943/328/821 960/327/821 958/322/821 938/323/821
f 939/324/822 957/325/822 959/330/822 944/329/822
f 944/329/823 959/330/823 942/331/823
f 942/331/824 960/327/824 943/328/824
f 784/336/825 949/310/825 961/338/825 790/337/825
f 946/306/826 950/304/826 962/340/826 930/339/826
f 931/341/827 961/338/827 949/310/827 945/307/827
f 790/337/828 961/338/828 963/343/828 791/342/828
f 930/339/829 962/340/829 964/345/829 934/344/829
f 935/346/830 963/343/830 961/338/830 931/341/830
f 791/342/831 963/343/831 965/348/831 792/347/831
f 934/344/832 964/345/832 966/350/832 932/349/832
f 933/351/833 965/348/833 963/343/833 935/346/833
f 792/347/834 965/348/834 967/353/834 793/352/834
f 932/349/835 966/350/835 968/355/835 709/354/835
f 710/356/836 967/353/836 965/348/836 933/351/836
f 788/362/837 768/365/837 969/364/837 971/363/837
f 960/327/838 942/331/838 969/364/838 970/326/838
f 942/331/838 959/330/838 971/363/838 969/364/838
f 950/304/839 774/301/839 780/359/839 962/340/839
f 962/340/840 780/359/840 781/357/840 964/345/840
f 964/345/841 781/357/841 782/332/841 966/350/841
f 966/350/842 782/332/842 783/333/842 968/355/842
f 768/365/837 778/321/837 970/326/837 969/364/837
f 949/310/843 784/336/843 785/370/843 951/309/843
f 951/309/844 785/370/844 786/368/844 953/315/844
f 953/315/845 786/368/845 787/366/845 955/320/845
f 955/320/846 787/366/846 788/362/846 957/325/846
f 957/325/847 788/362/847 971/363/847 959/330/847
f 979/372/848 980/375/848 976/374/848 973/373/848
f 978/376/848 972/377/848 976/374/848 980/375/848
f 967/353/848 978/376/848 980/375/848 977/334/848
f 968/355/848 977/334/848 980/375/848 979/372/848
f 967/353/849 710/356/849 978/376/849
f 968/355/850 979/372/850 709/354/850
f 711/378/851 713/380/851 982/379/851
f 975/381/852 711/378/852 982/379/852
f 994/382/853 993/383/853 975/381/853 982/379/853
f 814/384/854 709/354/854 979/372/854 994/382/854
f 825/385/855 998/386/855 978/376/855 710/356/855
f 998/386/856 981/389/856 974/388/856 997/387/856
f 974/388/857 981/389/857 712/390/857
f 714/391/858 712/390/858 981/389/858
f 972/377/779 983/393/779 987/392/779 976/374/779
f 993/383/779 995/395/779 986/394/779 975/381/779
f 976/374/779 987/392/779 984/396/779 973/373/779
f 997/387/779 999/397/779 983/393/779 972/377/779
f 715/398/859 711/378/859 975/381/859 986/394/859
f 712/390/860 716/400/860 985/399/860 974/388/860
f 1000/401/861 724/404/861 812/403/861 988/402/861
f 988/402/862 812/403/862 815/406/862 990/405/862
f 996/407/863 723/410/863 717/409/863 991/408/863
f 990/405/862 815/406/862 813/412/862 992/411/862
f 987/392/864 990/405/864 992/411/864 984/396/864
f 995/395/865 996/407/865 991/408/865 986/394/865
f 983/393/864 988/402/864 990/405/864 987/392/864
f 999/397/866 1000/401/866 988/402/866 983/393/866
f 984/396/867 992/411/867 996/407/867 995/395/867
f 992/411/868 813/412/868 723/410/868 996/407/868
f 973/373/779 984/396/779 995/395/779 993/383/779
f 713/380/869 814/384/869 994/382/869 982/379/869
f 979/372/870 973/373/870 993/383/870 994/382/870
f 985/399/871 989/413/871 1000/401/871 999/397/871
f 989/413/872 718/414/872 724/404/872 1000/401/872
f 974/388/779 985/399/779 999/397/779 997/387/779
f 978/376/873 998/386/873 997/387/873 972/377/873
f 714/391/874 981/389/874 998/386/874 825/385/874
f 783/333/737 773/334/737 977/334/737
f 968/355/737 783/333/737 977/334/737
f 773/334/737 793/352/737 977/334/737
f 793/352/737 967/353/737 977/334/737
f 985/399/875 716/400/875 989/413/875
f 716/400/876 718/414/876 989/413/876
f 717/409/877 715/398/877 991/408/877
f 986/394/878 991/408/878 715/398/878
f 1002/415/742 805/416/742 723/410/742
f 1001/417/879 1005/418/879 812/403/879 724/404/879
f 815/406/880 812/403/880 1005/418/880 1003/419/880
f 813/412/880 815/406/880 1003/419/880 1004/420/880
f 723/410/881 813/412/881 1004/420/881 1002/415/881
f 805/416/882 1002/415/882 1004/420/882 836/421/882
f 1003/419/882 835/422/882 836/421/882 1004/420/882
f 1005/418/882 837/423/882 835/422/882 1003/419/882
f 806/424/882 837/423/882 1005/418/882 1001/417/882
f 1001/417/747 724/404/747 806/424/747
f 1012/425/883 1007/428/883 1010/427/883 1011/426/883
f 1011/426/883 1010/427/883 1008/430/883 1013/429/883
f 1013/429/883 1008/430/883 1009/432/883 1014/431/883
f 1014/431/883 1009/432/883 1006/434/883 1015/433/883
f 836/421/884 1014/431/884 1015/433/884 805/416/884
f 835/422/885 1013/429/885 1014/431/885 836/421/885
f 837/423/885 1011/426/885 1013/429/885 835/422/885
f 806/424/885 1012/425/885 1011/426/885 837/423/885
f 721/435/886 805/416/886 1015/433/886 1017/436/886
f 1016/437/887 1012/425/887 806/424/887 722/438/887
f 1015/433/888 1006/434/888 1019/439/888 1017/436/888
f 1012/425/889 1016/437/889 1018/440/889 1007/428/889
f 1019/439/890 719/441/890 1017/436/890
f 1017/436/891 719/441/891 721/435/891
f 1016/437/892 720/442/892 1018/440/892
f 722/438/893 720/442/893 1016/437/893
f 1009/432/779 1023/444/779 1020/443/779 1006/434/779
f 1007/428/779 1021/446/779 1024/445/779 1010/427/779
f 1018/440/894 1025/447/894 1021/446/894 1007/428/894
f 1010/427/779 1024/445/779 1022/448/779 1008/430/779
f 1008/430/779 1022/448/779 1023/444/779 1009/432/779
f 1006/434/895 1020/443/895 1026/449/895 1019/439/895
f 725/450/896 719/441/896 1019/439/896 1026/449/896
f 720/442/897 726/451/897 1025/447/897 1018/440/897
f 1026/449/898 859/452/898 725/450/898
f 859/452/899 1026/449/899 1033/454/899 727/453/899
f 726/451/900 861/455/900 1025/447/900
f 861/455/901 728/457/901 1034/456/901 1025/447/901
f 1029/458/902 866/461/902 864/460/902 1028/459/902
f 1028/459/902 864/460/902 865/463/902 1030/462/902
f 1030/462/902 865/463/902 862/465/902 1031/464/902
f 1032/466/902 863/467/902 866/461/902 1029/458/902
f 1021/446/903 1032/466/903 1029/458/903 1024/445/903
f 1023/444/903 1030/462/903 1031/464/903 1020/443/903
f 1022/448/903 1028/459/903 1030/462/903 1023/444/903
f 1024/445/903 1029/458/903 1028/459/903 1022/448/903
f 1020/443/904 1031/464/904 1033/454/904 1026/449/904
f 1021/446/905 1025/447/905 1034/456/905 1032/466/905
f 1031/464/906 862/465/906 727/453/906 1033/454/906
f 863/467/907 1032/466/907 1034/456/907 728/457/907
f 865/463/908 1038/469/908 1035/468/908 862/465/908
f 730/470/909 878/473/909 1039/472/909 1036/471/909
f 1035/468/909 1038/469/909 879/475/909 729/474/909
f 1035/468/775 729/474/775 862/465/775
f 1036/471/776 863/467/776 730/470/776
f 863/467/908 1036/471/908 1039/472/908 866/461/908
f 864/460/908 1037/476/908 1038/469/908 865/463/908
f 876/477/909 879/475/909 1038/469/909 1037/476/909
f 1037/476/909 1039/472/909 878/473/909 876/477/909
f 866/461/908 1039/472/908 1037/476/908 864/460/908
f 1060/478/910 1059/481/910 1042/480/910 1041/479/910
f 1061/482/910 1060/478/910 1041/479/910 1043/483/910
f 1062/484/910 1040/485/910 1042/480/910 1059/481/910
f 1063/486/910 1061/482/910 1043/483/910 1027/487/910
f 1057/488/911 1055/491/911 1046/490/911 1048/489/911
f 1056/492/911 1047/495/911 1044/494/911 1058/493/911
f 1055/491/911 1054/497/911 1045/496/911 1046/490/911
f 1054/497/911 1058/493/911 1044/494/911 1045/496/911
f 1048/489/779 1046/490/779 1051/499/779 1053/498/779
f 1047/495/686 1044/494/686 1049/501/686 1052/500/686
f 1046/490/779 1045/496/779 1050/502/779 1051/499/779
f 1045/496/779 1044/494/779 1049/501/779 1050/502/779
f 876/477/912 878/473/912 1058/493/912 1054/497/912
f 879/475/912 876/477/912 1054/497/912 1055/491/912
f 730/470/912 1056/492/912 1058/493/912 878/473/912
f 729/474/912 879/475/912 1055/491/912 1057/488/912
f 1053/498/913 1051/499/913 1061/482/913 1063/486/913
f 1052/500/913 1062/484/913 1059/481/913 1049/501/913
f 1051/499/913 1050/502/913 1060/478/913 1061/482/913
f 1050/502/913 1049/501/913 1059/481/913 1060/478/913
f 1056/492/911 1047/495/911 1064/504/911 1068/503/911
f 1047/495/779 1052/500/779 1066/505/779 1064/504/779
f 1052/500/913 1062/484/913 1070/506/913 1066/505/913
f 1057/488/911 1069/508/911 1065/507/911 1048/489/911
f 1048/489/779 1065/507/779 1067/509/779 1053/498/779
f 1053/498/913 1067/509/913 1071/510/913 1063/486/913
f 729/474/914 1057/488/914 1068/503/914 691/511/914
f 730/470/915 692/512/915 1069/508/915 1056/492/915
f 1027/487/916 693/513/916 1070/506/916 1063/486/916
f 1040/485/917 1062/484/917 1071/510/917 694/514/917
f 691/511/918 1068/503/918 906/515/918
f 906/515/919 1068/503/919 1064/504/919 689/516/919
f 689/516/920 1064/504/920 1066/505/920 687/517/920
f 687/517/921 1066/505/921 1070/506/921 908/518/921
f 693/513/922 908/518/922 1070/506/922
f 692/512/923 907/519/923 1069/508/923
f 907/519/924 690/520/924 1065/507/924 1069/508/924
f 690/520/925 688/521/925 1067/509/925 1065/507/925
f 688/521/926 909/522/926 1071/510/926 1067/509/926
f 694/514/927 1071/510/927 909/522/927
f 1040/485/928 694/514/928 925/523/928
f 1027/487/929 924/524/929 693/513/929
f 924/524/930 918/525/930 693/513/930
f 925/523/931 694/514/931 919/526/931
f 1027/487/932 1043/483/932 1075/527/932 924/524/932
f 1040/485/933 925/523/933 1074/528/933 1042/480/933
f 1043/483/934 1041/479/934 1073/529/934 1075/527/934
f 1041/479/934 1042/480/934 1074/528/934 1073/529/934
f 1073/529/935 1074/528/935 928/531/935 926/530/935
f 924/524/936 1075/527/936 927/533/936 1072/532/936
f 918/525/937 924/524/937 1072/532/937 701/534/937
f 925/523/938 929/535/938 928/531/938 1074/528/938
f 1075/527/935 1073/529/935 926/530/935 927/533/935
f 919/526/939 698/536/939 929/535/939 925/523/939
f 1163/301/940 1134/304/940 1136/303/940 1164/302/940
f 1131/305/941 1136/303/941 1134/304/941 1130/306/941
f 1129/307/942 1133/310/942 1135/309/942 1132/308/942
f 1164/302/943 1136/303/943 1138/312/943 1165/311/943
f 1120/313/944 1138/312/944 1136/303/944 1131/305/944
f 1132/308/945 1135/309/945 1137/315/945 1121/314/945
f 1165/311/946 1138/312/946 1140/317/946 1166/316/946
f 1125/318/947 1140/317/947 1138/312/947 1120/313/947
f 1121/314/948 1137/315/948 1139/320/948 1124/319/948
f 1166/316/949 1140/317/949 1142/322/949 1167/321/949
f 1122/323/950 1142/322/950 1140/317/950 1125/318/950
f 1124/319/951 1139/320/951 1141/325/951 1123/324/951
f 1167/321/952 1142/322/952 1144/327/952 1168/326/952
f 1127/328/953 1144/327/953 1142/322/953 1122/323/953
f 1123/324/954 1141/325/954 1143/330/954 1128/329/954
f 1128/329/955 1143/330/955 1126/331/955
f 1126/331/956 1144/327/956 1127/328/956
f 1171/332/779 1161/335/779 1162/334/779 1172/333/779
f 1173/336/957 1133/310/957 1145/338/957 1179/337/957
f 1130/306/958 1134/304/958 1146/340/958 1092/339/958
f 1093/341/959 1145/338/959 1133/310/959 1129/307/959
f 1179/337/960 1145/338/960 1147/343/960 1180/342/960
f 1092/339/961 1146/340/961 1148/345/961 1096/344/961
f 1097/346/962 1147/343/962 1145/338/962 1093/341/962
f 1180/342/963 1147/343/963 1149/348/963 1181/347/963
f 1096/344/964 1148/345/964 1150/350/964 1094/349/964
f 1095/351/965 1149/348/965 1147/343/965 1097/346/965
f 1181/347/966 1149/348/966 1151/353/966 1182/352/966
f 1094/349/967 1150/350/967 1152/355/967 1098/354/967
f 1099/356/968 1151/353/968 1149/348/968 1095/351/968
f 1170/357/779 1160/358/779 1161/335/779 1171/332/779
f 1169/359/779 1159/360/779 1160/358/779 1170/357/779
f 1163/301/779 1153/361/779 1159/360/779 1169/359/779
f 1177/362/969 1157/365/969 1158/364/969 1178/363/969
f 1176/366/779 1156/367/779 1157/365/779 1177/362/779
f 1175/368/779 1155/369/779 1156/367/779 1176/366/779
f 1174/370/779 1154/371/779 1155/369/779 1175/368/779
f 1173/336/779 1153/361/779 1154/371/779 1174/370/779
f 1144/327/970 1126/331/970 1158/364/970 1168/326/970
f 1126/331/970 1143/330/970 1178/363/970 1158/364/970
f 1134/304/971 1163/301/971 1169/359/971 1146/340/971
f 1146/340/972 1169/359/972 1170/357/972 1148/345/972
f 1148/345/973 1170/357/973 1171/332/973 1150/350/973
f 1150/350/974 1171/332/974 1172/333/974 1152/355/974
f 1157/365/969 1167/321/969 1168/326/969 1158/364/969
f 1156/367/779 1166/316/779 1167/321/779 1157/365/779
f 1155/369/779 1165/311/779 1166/316/779 1156/367/779
f 1154/371/779 1164/302/779 1165/311/779 1155/369/779
f 1153/361/779 1163/301/779 1164/302/779 1154/371/779
f 1133/310/975 1173/336/975 1174/370/975 1135/309/975
f 1135/309/976 1174/370/976 1175/368/976 1137/315/976
f 1137/315/977 1175/368/977 1176/366/977 1139/320/977
f 1139/320/978 1176/366/978 1177/362/978 1141/325/978
f 1141/325/979 1177/362/979 1178/363/979 1143/330/979
f 1161/335/779 1181/347/779 1182/352/779 1162/334/779
f 1160/358/779 1180/342/779 1181/347/779 1161/335/779
f 1159/360/779 1179/337/779 1180/342/779 1160/358/779
f 1153/361/779 1173/336/779 1179/337/779 1159/360/779
f 1190/372/980 1191/375/980 1187/374/980 1184/373/980
f 1189/376/980 1183/377/980 1187/374/980 1191/375/980
f 1151/353/980 1189/376/980 1191/375/980 1188/334/980
f 1152/355/980 1188/334/980 1191/375/980 1190/372/980
f 1151/353/981 1099/356/981 1189/376/981
f 1152/355/982 1190/372/982 1098/354/982
f 1100/378/983 1102/380/983 1193/379/983
f 1186/381/984 1100/378/984 1193/379/984
f 1211/382/985 1210/383/985 1186/381/985 1193/379/985
f 1203/384/986 1098/354/986 1190/372/986 1211/382/986
f 1214/385/987 1216/386/987 1189/376/987 1099/356/987
f 1216/386/988 1192/389/988 1185/388/988 1215/387/988
f 1185/388/989 1192/389/989 1101/390/989
f 1103/391/990 1101/390/990 1192/389/990
f 1183/377/779 1196/393/779 1200/392/779 1187/374/779
f 1210/383/779 1212/395/779 1199/394/779 1186/381/779
f 1187/374/779 1200/392/779 1197/396/779 1184/373/779
f 1215/387/779 1217/397/779 1196/393/779 1183/377/779
f 1104/398/991 1100/378/991 1186/381/991 1199/394/991
f 1101/390/992 1105/400/992 1198/399/992 1185/388/992
f 1218/401/993 1113/404/993 1201/403/993 1205/402/993
f 1205/402/994 1201/403/994 1204/406/994 1207/405/994
f 1213/407/995 1112/410/995 1106/409/995 1208/408/995
f 1207/405/994 1204/406/994 1202/412/994 1209/411/994
f 1200/392/996 1207/405/996 1209/411/996 1197/396/996
f 1212/395/997 1213/407/997 1208/408/997 1199/394/997
f 1196/393/996 1205/402/996 1207/405/996 1200/392/996
f 1217/397/998 1218/401/998 1205/402/998 1196/393/998
f 1197/396/999 1209/411/999 1213/407/999 1212/395/999
f 1209/411/1000 1202/412/1000 1112/410/1000 1213/407/1000
f 1184/373/779 1197/396/779 1212/395/779 1210/383/779
f 1102/380/1001 1203/384/1001 1211/382/1001 1193/379/1001
f 1190/372/1002 1184/373/1002 1210/383/1002 1211/382/1002
f 1198/399/1003 1206/413/1003 1218/401/1003 1217/397/1003
f 1206/413/1004 1107/414/1004 1113/404/1004 1218/401/1004
f 1185/388/779 1198/399/779 1217/397/779 1215/387/779
f 1189/376/1005 1216/386/1005 1215/387/1005 1183/377/1005
f 1103/391/1006 1192/389/1006 1216/386/1006 1214/385/1006
f 1172/333/1007 1162/334/1007 1188/334/1007
f 1152/355/1007 1172/333/1007 1188/334/1007
f 1162/334/1007 1182/352/1007 1188/334/1007
f 1182/352/1007 1151/353/1007 1188/334/1007
f 1198/399/1008 1105/400/1008 1206/413/1008
f 1105/400/1009 1107/414/1009 1206/413/1009
f 1106/409/1010 1104/398/1010 1208/408/1010
f 1199/394/1011 1208/408/1011 1104/398/1011
f 1220/415/1012 1194/416/1012 1112/410/1012
f 1219/417/1013 1223/418/1013 1201/403/1013 1113/404/1013
f 1204/406/1014 1201/403/1014 1223/418/1014 1221/419/1014
f 1202/412/1014 1204/406/1014 1221/419/1014 1222/420/1014
f 1112/410/1015 1202/412/1015 1222/420/1015 1220/415/1015
f 1194/416/1016 1220/415/1016 1222/420/1016 1225/421/1016
f 1221/419/1016 1224/422/1016 1225/421/1016 1222/420/1016
f 1223/418/1016 1226/423/1016 1224/422/1016 1221/419/1016
f 1195/424/1016 1226/423/1016 1223/418/1016 1219/417/1016
f 1219/417/1017 1113/404/1017 1195/424/1017
f 1233/425/1018 1228/428/1018 1231/427/1018 1232/426/1018
f 1232/426/1018 1231/427/1018 1229/430/1018 1234/429/1018
f 1234/429/1018 1229/430/1018 1230/432/1018 1235/431/1018
f 1235/431/1018 1230/432/1018 1227/434/1018 1236/433/1018
f 1225/421/1019 1235/431/1019 1236/433/1019 1194/416/1019
f 1224/422/1020 1234/429/1020 1235/431/1020 1225/421/1020
f 1226/423/1020 1232/426/1020 1234/429/1020 1224/422/1020
f 1195/424/1020 1233/425/1020 1232/426/1020 1226/423/1020
f 1110/435/1021 1194/416/1021 1236/433/1021 1238/436/1021
f 1237/437/1022 1233/425/1022 1195/424/1022 1111/438/1022
f 1236/433/1023 1227/434/1023 1240/439/1023 1238/436/1023
f 1233/425/1024 1237/437/1024 1239/440/1024 1228/428/1024
f 1240/439/1025 1108/441/1025 1238/436/1025
f 1238/436/1026 1108/441/1026 1110/435/1026
f 1237/437/1027 1109/442/1027 1239/440/1027
f 1111/438/1028 1109/442/1028 1237/437/1028
f 1230/432/779 1244/444/779 1241/443/779 1227/434/779
f 1228/428/779 1242/446/779 1245/445/779 1231/427/779
f 1239/440/895 1246/447/895 1242/446/895 1228/428/895
f 1231/427/779 1245/445/779 1243/448/779 1229/430/779
f 1229/430/779 1243/448/779 1244/444/779 1230/432/779
f 1227/434/894 1241/443/894 1247/449/894 1240/439/894
f 1114/450/1029 1108/441/1029 1240/439/1029 1247/449/1029
f 1109/442/1030 1115/451/1030 1246/447/1030 1239/440/1030
f 1247/449/1031 1248/452/1031 1114/450/1031
f 1248/452/1032 1247/449/1032 1261/454/1032 1116/453/1032
f 1115/451/1033 1250/455/1033 1246/447/1033
f 1250/455/1034 1117/457/1034 1262/456/1034 1246/447/1034
f 1257/458/1035 1255/461/1035 1253/460/1035 1256/459/1035
f 1256/459/1035 1253/460/1035 1254/463/1035 1258/462/1035
f 1258/462/1035 1254/463/1035 1251/465/1035 1259/464/1035
f 1260/466/1035 1252/467/1035 1255/461/1035 1257/458/1035
f 1242/446/1036 1260/466/1036 1257/458/1036 1245/445/1036
f 1244/444/1036 1258/462/1036 1259/464/1036 1241/443/1036
f 1243/448/1036 1256/459/1036 1258/462/1036 1244/444/1036
f 1245/445/1036 1257/458/1036 1256/459/1036 1243/448/1036
f 1241/443/1037 1259/464/1037 1261/454/1037 1247/449/1037
f 1242/446/1038 1246/447/1038 1262/456/1038 1260/466/1038
f 1259/464/1039 1251/465/1039 1116/453/1039 1261/454/1039
f 1252/467/1040 1260/466/1040 1262/456/1040 1117/457/1040
f 1254/463/909 1269/469/909 1263/468/909 1251/465/909
f 1119/470/908 1267/473/908 1270/472/908 1264/471/908
f 1263/468/908 1269/469/908 1268/475/908 1118/474/908
f 1263/468/1041 1118/474/1041 1251/465/1041
f 1264/471/1042 1252/467/1042 1119/470/1042
f 1252/467/909 1264/471/909 1270/472/909 1255/461/909
f 1253/460/909 1266/476/909 1269/469/909 1254/463/909
f 1265/477/908 1268/475/908 1269/469/908 1266/476/908
f 1266/476/908 1270/472/908 1267/473/908 1265/477/908
f 1255/461/909 1270/472/909 1266/476/909 1253/460/909
f 1291/478/1043 1290/481/1043 1273/480/1043 1272/479/1043
f 1292/482/1043 1291/478/1043 1272/479/1043 1274/483/1043
f 1293/484/1043 1271/485/1043 1273/480/1043 1290/481/1043
f 1294/486/1043 1292/482/1043 1274/483/1043 1249/487/1043
f 1288/488/1044 1286/491/1044 1277/490/1044 1279/489/1044
f 1287/492/1044 1278/495/1044 1275/494/1044 1289/493/1044
f 1286/491/1044 1285/497/1044 1276/496/1044 1277/490/1044
f 1285/497/1044 1289/493/1044 1275/494/1044 1276/496/1044
f 1279/489/779 1277/490/779 1282/499/779 1284/498/779
f 1278/495/686 1275/494/686 1280/501/686 1283/500/686
f 1277/490/779 1276/496/779 1281/502/779 1282/499/779
f 1276/496/779 1275/494/779 1280/501/779 1281/502/779
f 1265/477/1045 1267/473/1045 1289/493/1045 1285/497/1045
f 1268/475/1045 1265/477/1045 1285/497/1045 1286/491/1045
f 1119/470/1045 1287/492/1045 1289/493/1045 1267/473/1045
f 1118/474/1045 1268/475/1045 1286/491/1045 1288/488/1045
f 1284/498/1046 1282/499/1046 1292/482/1046 1294/486/1046
f 1283/500/1046 1293/484/1046 1290/481/1046 1280/501/1046
f 1282/499/1046 1281/502/1046 1291/478/1046 1292/482/1046
f 1281/502/1046 1280/501/1046 1290/481/1046 1291/478/1046
f 1287/492/1044 1278/495/1044 1299/504/1044 1303/503/1044
f 1278/495/779 1283/500/779 1301/505/779 1299/504/779
f 1283/500/1046 1293/484/1046 1305/506/1046 1301/505/1046
f 1288/488/1044 1304/508/1044 1300/507/1044 1279/489/1044
f 1279/489/779 1300/507/779 1302/509/779 1284/498/779
f 1284/498/1046 1302/509/1046 1306/510/1046 1294/486/1046
f 1118/474/1047 1288/488/1047 1303/503/1047 1080/511/1047
f 1119/470/1048 1081/512/1048 1304/508/1048 1287/492/1048
f 1249/487/1049 1082/513/1049 1305/506/1049 1294/486/1049
f 1271/485/1050 1293/484/1050 1306/510/1050 1083/514/1050
f 1080/511/1051 1303/503/1051 1295/515/1051
f 1295/515/1052 1303/503/1052 1299/504/1052 1078/516/1052
f 1078/516/925 1299/504/925 1301/505/925 1076/517/925
f 1076/517/1053 1301/505/1053 1305/506/1053 1297/518/1053
f 1082/513/1054 1297/518/1054 1305/506/1054
f 1081/512/1055 1296/519/1055 1304/508/1055
f 1296/519/1056 1079/520/1056 1300/507/1056 1304/508/1056
f 1079/520/920 1077/521/920 1302/509/920 1300/507/920
f 1077/521/1057 1298/522/1057 1306/510/1057 1302/509/1057
f 1083/514/1058 1306/510/1058 1298/522/1058
f 1271/485/1059 1083/514/1059 1085/523/1059
f 1249/487/1060 1084/524/1060 1082/513/1060
f 1084/524/1061 1307/525/1061 1082/513/1061
f 1085/523/1062 1083/514/1062 1308/526/1062
f 1249/487/1063 1274/483/1063 1312/527/1063 1084/524/1063
f 1271/485/1064 1085/523/1064 1311/528/1064 1273/480/1064
f 1274/483/1065 1272/479/1065 1310/529/1065 1312/527/1065
f 1272/479/1065 1273/480/1065 1311/528/1065 1310/529/1065
f 1310/529/1066 1311/528/1066 1089/531/1066 1086/530/1066
f 1084/524/1067 1312/527/1067 1088/533/1067 1309/532/1067
f 1307/525/1068 1084/524/1068 1309/532/1068 1090/534/1068
f 1085/523/1069 1091/535/1069 1089/531/1069 1311/528/1069
f 1312/527/1066 1310/529/1066 1086/530/1066 1088/533/1066
f 1308/526/1070 1087/536/1070 1091/535/1070 1085/523/1070
f 1163/301/1071 1164/302/1071 1341/303/1071 1339/304/1071
f 1336/305/1072 1335/306/1072 1339/304/1072 1341/303/1072
f 1334/307/1073 1337/308/1073 1340/309/1073 1338/310/1073
f 1164/302/1074 1165/311/1074 1343/312/1074 1341/303/1074
f 1325/313/1075 1336/305/1075 1341/303/1075 1343/312/1075
f 1337/308/1076 1326/314/1076 1342/315/1076 1340/309/1076
f 1165/311/1077 1166/316/1077 1345/317/1077 1343/312/1077
f 1330/318/1078 1325/313/1078 1343/312/1078 1345/317/1078
f 1326/314/1079 1329/319/1079 1344/320/1079 1342/315/1079
f 1166/316/1080 1167/321/1080 1347/322/1080 1345/317/1080
f 1327/323/1081 1330/318/1081 1345/317/1081 1347/322/1081
f 1329/319/1082 1328/324/1082 1346/325/1082 1344/320/1082
f 1167/321/1083 1359/326/1083 1349/327/1083 1347/322/1083
f 1332/328/1084 1327/323/1084 1347/322/1084 1349/327/1084
f 1328/324/1085 1333/329/1085 1348/330/1085 1346/325/1085
f 1333/329/1086 1331/331/1086 1348/330/1086
f 1331/331/1087 1332/328/1087 1349/327/1087
f 1173/336/1088 1179/337/1088 1350/338/1088 1338/310/1088
f 1335/306/1089 1319/339/1089 1351/340/1089 1339/304/1089
f 1320/341/1090 1334/307/1090 1338/310/1090 1350/338/1090
f 1179/337/1091 1180/342/1091 1352/343/1091 1350/338/1091
f 1319/339/1092 1323/344/1092 1353/345/1092 1351/340/1092
f 1324/346/1093 1320/341/1093 1350/338/1093 1352/343/1093
f 1180/342/1094 1181/347/1094 1354/348/1094 1352/343/1094
f 1323/344/1095 1321/349/1095 1355/350/1095 1353/345/1095
f 1322/351/1096 1324/346/1096 1352/343/1096 1354/348/1096
f 1181/347/1097 1182/352/1097 1356/353/1097 1354/348/1097
f 1321/349/1098 1098/354/1098 1357/355/1098 1355/350/1098
f 1099/356/1099 1322/351/1099 1354/348/1099 1356/353/1099
f 1177/362/1100 1360/363/1100 1358/364/1100 1157/365/1100
f 1349/327/1101 1359/326/1101 1358/364/1101 1331/331/1101
f 1331/331/1101 1358/364/1101 1360/363/1101 1348/330/1101
f 1339/304/1102 1351/340/1102 1169/359/1102 1163/301/1102
f 1351/340/1103 1353/345/1103 1170/357/1103 1169/359/1103
f 1353/345/1104 1355/350/1104 1171/332/1104 1170/357/1104
f 1355/350/1105 1357/355/1105 1172/333/1105 1171/332/1105
f 1157/365/1100 1358/364/1100 1359/326/1100 1167/321/1100
f 1338/310/1106 1340/309/1106 1174/370/1106 1173/336/1106
f 1340/309/1107 1342/315/1107 1175/368/1107 1174/370/1107
f 1342/315/1108 1344/320/1108 1176/366/1108 1175/368/1108
f 1344/320/1109 1346/325/1109 1177/362/1109 1176/366/1109
f 1346/325/1110 1348/330/1110 1360/363/1110 1177/362/1110
f 1368/372/1111 1362/373/1111 1365/374/1111 1369/375/1111
f 1367/376/1111 1369/375/1111 1365/374/1111 1361/377/1111
f 1356/353/1111 1366/334/1111 1369/375/1111 1367/376/1111
f 1357/355/1111 1368/372/1111 1369/375/1111 1366/334/1111
f 1356/353/1112 1367/376/1112 1099/356/1112
f 1357/355/1113 1098/354/1113 1368/372/1113
f 1100/378/1114 1371/379/1114 1102/380/1114
f 1364/381/1115 1371/379/1115 1100/378/1115
f 1383/382/1116 1371/379/1116 1364/381/1116 1382/383/1116
f 1203/384/1117 1383/382/1117 1368/372/1117 1098/354/1117
f 1214/385/1118 1099/356/1118 1367/376/1118 1387/386/1118
f 1387/386/1119 1386/387/1119 1363/388/1119 1370/389/1119
f 1363/388/1120 1101/390/1120 1370/389/1120
f 1103/391/1121 1370/389/1121 1101/390/1121
f 1361/377/686 1365/374/686 1376/392/686 1372/393/686
f 1382/383/686 1364/381/686 1375/394/686 1384/395/686
f 1365/374/686 1362/373/686 1373/396/686 1376/392/686
f 1386/387/686 1361/377/686 1372/393/686 1388/397/686
f 1104/398/1122 1375/394/1122 1364/381/1122 1100/378/1122
f 1101/390/1123 1363/388/1123 1374/399/1123 1105/400/1123
f 1389/401/1124 1377/402/1124 1201/403/1124 1113/404/1124
f 1377/402/1125 1379/405/1125 1204/406/1125 1201/403/1125
f 1385/407/1126 1380/408/1126 1106/409/1126 1112/410/1126
f 1379/405/1125 1381/411/1125 1202/412/1125 1204/406/1125
f 1376/392/1127 1373/396/1127 1381/411/1127 1379/405/1127
f 1384/395/1128 1375/394/1128 1380/408/1128 1385/407/1128
f 1372/393/1127 1376/392/1127 1379/405/1127 1377/402/1127
f 1388/397/1129 1372/393/1129 1377/402/1129 1389/401/1129
f 1373/396/1130 1384/395/1130 1385/407/1130 1381/411/1130
f 1381/411/1131 1385/407/1131 1112/410/1131 1202/412/1131
f 1362/373/686 1382/383/686 1384/395/686 1373/396/686
f 1102/380/1132 1371/379/1132 1383/382/1132 1203/384/1132
f 1368/372/1133 1383/382/1133 1382/383/1133 1362/373/1133
f 1374/399/1134 1388/397/1134 1389/401/1134 1378/413/1134
f 1378/413/1135 1389/401/1135 1113/404/1135 1107/414/1135
f 1363/388/686 1386/387/686 1388/397/686 1374/399/686
f 1367/376/1136 1361/377/1136 1386/387/1136 1387/386/1136
f 1103/391/1137 1214/385/1137 1387/386/1137 1370/389/1137
f 1172/333/1007 1366/334/1007 1162/334/1007
f 1357/355/1007 1366/334/1007 1172/333/1007
f 1162/334/1007 1366/334/1007 1182/352/1007
f 1182/352/1007 1366/334/1007 1356/353/1007
f 1374/399/1138 1378/413/1138 1105/400/1138
f 1105/400/1139 1378/413/1139 1107/414/1139
f 1106/409/1140 1380/408/1140 1104/398/1140
f 1375/394/1141 1104/398/1141 1380/408/1141
f 1391/415/1012 1112/410/1012 1194/416/1012
f 1390/417/1142 1113/404/1142 1201/403/1142 1394/418/1142
f 1204/406/1143 1392/419/1143 1394/418/1143 1201/403/1143
f 1202/412/1143 1393/420/1143 1392/419/1143 1204/406/1143
f 1112/410/1144 1391/415/1144 1393/420/1144 1202/412/1144
f 1194/416/1145 1225/421/1145 1393/420/1145 1391/415/1145
f 1392/419/1145 1393/420/1145 1225/421/1145 1224/422/1145
f 1394/418/1145 1392/419/1145 1224/422/1145 1226/423/1145
f 1195/424/1145 1390/417/1145 1394/418/1145 1226/423/1145
f 1390/417/1017 1195/424/1017 1113/404/1017
f 1401/425/1146 1400/426/1146 1399/427/1146 1396/428/1146
f 1400/426/1146 1402/429/1146 1397/430/1146 1399/427/1146
f 1402/429/1146 1403/431/1146 1398/432/1146 1397/430/1146
f 1403/431/1146 1404/433/1146 1395/434/1146 1398/432/1146
f 1225/421/1147 1194/416/1147 1404/433/1147 1403/431/1147
f 1224/422/1148 1225/421/1148 1403/431/1148 1402/429/1148
f 1226/423/1148 1224/422/1148 1402/429/1148 1400/426/1148
f 1195/424/1148 1226/423/1148 1400/426/1148 1401/425/1148
f 1110/435/1149 1406/436/1149 1404/433/1149 1194/416/1149
f 1405/437/1150 1111/438/1150 1195/424/1150 1401/425/1150
f 1404/433/1151 1406/436/1151 1408/439/1151 1395/434/1151
f 1401/425/1152 1396/428/1152 1407/440/1152 1405/437/1152
f 1408/439/1153 1406/436/1153 1108/441/1153
f 1406/436/1154 1110/435/1154 1108/441/1154
f 1405/437/1155 1407/440/1155 1109/442/1155
f 1111/438/1156 1405/437/1156 1109/442/1156
f 1398/432/686 1395/434/686 1409/443/686 1412/444/686
f 1396/428/686 1399/427/686 1413/445/686 1410/446/686
f 1407/440/760 1396/428/760 1410/446/760 1414/447/760
f 1399/427/686 1397/430/686 1411/448/686 1413/445/686
f 1397/430/686 1398/432/686 1412/444/686 1411/448/686
f 1395/434/759 1408/439/759 1415/449/759 1409/443/759
f 1114/450/1157 1415/449/1157 1408/439/1157 1108/441/1157
f 1109/442/1158 1407/440/1158 1414/447/1158 1115/451/1158
f 1415/449/1159 1114/450/1159 1248/452/1159
f 1248/452/1160 1116/453/1160 1422/454/1160 1415/449/1160
f 1115/451/1161 1414/447/1161 1250/455/1161
f 1250/455/1162 1414/447/1162 1423/456/1162 1117/457/1162
f 1418/458/1163 1417/459/1163 1253/460/1163 1255/461/1163
f 1417/459/1163 1419/462/1163 1254/463/1163 1253/460/1163
f 1419/462/1163 1420/464/1163 1251/465/1163 1254/463/1163
f 1421/466/1163 1418/458/1163 1255/461/1163 1252/467/1163
f 1410/446/1164 1413/445/1164 1418/458/1164 1421/466/1164
f 1412/444/1164 1409/443/1164 1420/464/1164 1419/462/1164
f 1411/448/1164 1412/444/1164 1419/462/1164 1417/459/1164
f 1413/445/1164 1411/448/1164 1417/459/1164 1418/458/1164
f 1409/443/1165 1415/449/1165 1422/454/1165 1420/464/1165
f 1410/446/1166 1421/466/1166 1423/456/1166 1414/447/1166
f 1420/464/1167 1422/454/1167 1116/453/1167 1251/465/1167
f 1252/467/1168 1117/457/1168 1423/456/1168 1421/466/1168
f 1254/463/774 1251/465/774 1424/468/774 1427/469/774
f 1119/470/773 1425/471/773 1428/472/773 1267/473/773
f 1424/468/773 1118/474/773 1268/475/773 1427/469/773
f 1424/468/1041 1251/465/1041 1118/474/1041
f 1425/471/1042 1119/470/1042 1252/467/1042
f 1252/467/774 1255/461/774 1428/472/774 1425/471/774
f 1253/460/774 1254/463/774 1427/469/774 1426/476/774
f 1265/477/773 1426/476/773 1427/469/773 1268/475/773
f 1426/476/773 1265/477/773 1267/473/773 1428/472/773
f 1255/461/774 1253/460/774 1426/476/774 1428/472/774
f 1449/478/1169 1430/479/1169 1431/480/1169 1448/481/1169
f 1450/482/1169 1432/483/1169 1430/479/1169 1449/478/1169
f 1451/484/1169 1448/481/1169 1431/480/1169 1429/485/1169
f 1452/486/1169 1416/487/1169 1432/483/1169 1450/482/1169
f 1446/488/1170 1437/489/1170 1435/490/1170 1444/491/1170
f 1445/492/1170 1447/493/1170 1433/494/1170 1436/495/1170
f 1444/491/1170 1435/490/1170 1434/496/1170 1443/497/1170
f 1443/497/1170 1434/496/1170 1433/494/1170 1447/493/1170
f 1437/489/686 1442/498/686 1440/499/686 1435/490/686
f 1436/495/779 1441/500/779 1438/501/779 1433/494/779
f 1435/490/686 1440/499/686 1439/502/686 1434/496/686
f 1434/496/686 1439/502/686 1438/501/686 1433/494/686
f 1265/477/1171 1443/497/1171 1447/493/1171 1267/473/1171
f 1268/475/1171 1444/491/1171 1443/497/1171 1265/477/1171
f 1119/470/1171 1267/473/1171 1447/493/1171 1445/492/1171
f 1118/474/1171 1446/488/1171 1444/491/1171 1268/475/1171
f 1442/498/1172 1452/486/1172 1450/482/1172 1440/499/1172
f 1441/500/1172 1438/501/1172 1448/481/1172 1451/484/1172
f 1440/499/1172 1450/482/1172 1449/478/1172 1439/502/1172
f 1439/502/1172 1449/478/1172 1448/481/1172 1438/501/1172
f 1445/492/1170 1457/503/1170 1453/504/1170 1436/495/1170
f 1436/495/686 1453/504/686 1455/505/686 1441/500/686
f 1441/500/1172 1455/505/1172 1459/506/1172 1451/484/1172
f 1446/488/1170 1437/489/1170 1454/507/1170 1458/508/1170
f 1437/489/686 1442/498/686 1456/509/686 1454/507/686
f 1442/498/1172 1452/486/1172 1460/510/1172 1456/509/1172
f 1118/474/1173 1080/511/1173 1457/503/1173 1446/488/1173
f 1119/470/1174 1445/492/1174 1458/508/1174 1081/512/1174
f 1416/487/1175 1452/486/1175 1459/506/1175 1082/513/1175
f 1429/485/1176 1083/514/1176 1460/510/1176 1451/484/1176
f 1080/511/1177 1295/515/1177 1457/503/1177
f 1295/515/1178 1078/516/1178 1453/504/1178 1457/503/1178
f 1078/516/793 1076/517/793 1455/505/793 1453/504/793
f 1076/517/1179 1297/518/1179 1459/506/1179 1455/505/1179
f 1082/513/1180 1459/506/1180 1297/518/1180
f 1081/512/1181 1458/508/1181 1296/519/1181
f 1296/519/1182 1458/508/1182 1454/507/1182 1079/520/1182
f 1079/520/788 1454/507/788 1456/509/788 1077/521/788
f 1077/521/1183 1456/509/1183 1460/510/1183 1298/522/1183
f 1083/514/1184 1298/522/1184 1460/510/1184
f 1429/485/1185 1314/523/1185 1083/514/1185
f 1416/487/1186 1082/513/1186 1313/524/1186
f 1313/524/1187 1082/513/1187 1307/525/1187
f 1314/523/1188 1308/526/1188 1083/514/1188
f 1416/487/1189 1313/524/1189 1464/527/1189 1432/483/1189
f 1429/485/1190 1431/480/1190 1463/528/1190 1314/523/1190
f 1432/483/1191 1464/527/1191 1462/529/1191 1430/479/1191
f 1430/479/1191 1462/529/1191 1463/528/1191 1431/480/1191
f 1462/529/1192 1315/530/1192 1317/531/1192 1463/528/1192
f 1313/524/1193 1461/532/1193 1316/533/1193 1464/527/1193
f 1307/525/1194 1090/534/1194 1461/532/1194 1313/524/1194
f 1314/523/1195 1463/528/1195 1317/531/1195 1318/535/1195
f 1464/527/1192 1316/533/1192 1315/530/1192 1462/529/1192
f 1308/526/1196 1314/523/1196 1318/535/1196 1087/536/1196
f 699/533/737 920/532/737 1309/532/737 1088/533/737
f 700/531/737 697/530/737 1086/530/737 1089/531/737
f 697/530/737 699/533/737 1088/533/737 1086/530/737
f 920/532/737 701/534/737 1090/534/737 1309/532/737
f 702/535/737 700/531/737 1089/531/737 1091/535/737
f 698/536/737 702/535/737 1091/535/737 1087/536/737
f 704/341/737 708/346/737 1097/346/737 1093/341/737
f 705/349/737 707/344/737 1096/344/737 1094/349/737
f 706/351/737 710/356/737 1099/356/737 1095/351/737
f 707/344/737 703/339/737 1092/339/737 1096/344/737
f 708/346/737 706/351/737 1095/351/737 1097/346/737
f 709/354/737 705/349/737 1094/349/737 1098/354/737
f 703/339/737 741/306/737 1130/306/737 1092/339/737
f 732/314/737 743/308/737 1132/308/737 1121/314/737
f 731/313/737 736/318/737 1125/318/737 1120/313/737
f 734/324/737 735/319/737 1124/319/737 1123/324/737
f 739/329/737 734/324/737 1123/324/737 1128/329/737
f 735/319/737 732/314/737 1121/314/737 1124/319/737
f 736/318/737 733/323/737 1122/323/737 1125/318/737
f 738/328/737 737/331/737 1126/331/737 1127/328/737
f 733/323/737 738/328/737 1127/328/737 1122/323/737
f 737/331/737 739/329/737 1128/329/737 1126/331/737
f 740/307/737 704/341/737 1093/341/737 1129/307/737
f 741/306/737 742/305/737 1131/305/737 1130/306/737
f 742/305/737 731/313/737 1120/313/737 1131/305/737
f 743/308/737 740/307/737 1129/307/737 1132/308/737
f 914/503/737 898/492/737 1287/492/737 1303/503/737
f 904/484/737 916/506/737 1305/506/737 1293/484/737
f 899/488/737 915/508/737 1304/508/737 1288/488/737
f 917/510/737 905/486/737 1294/486/737 1306/510/737
f 899/488/737 914/503/737 1303/503/737 1288/488/737
f 915/508/737 898/492/737 1287/492/737 1304/508/737
f 916/506/737 905/486/737 1294/486/737 1305/506/737
f 904/484/737 917/510/737 1306/510/737 1293/484/737
f 1072/532/737 927/533/737 1316/533/737 1461/532/737
f 926/530/737 928/531/737 1317/531/737 1315/530/737
f 927/533/737 926/530/737 1315/530/737 1316/533/737
f 701/534/737 1072/532/737 1461/532/737 1090/534/737
f 928/531/737 929/535/737 1318/535/737 1317/531/737
f 929/535/737 698/536/737 1087/536/737 1318/535/737
f 935/346/737 931/341/737 1320/341/737 1324/346/737
f 934/344/737 932/349/737 1321/349/737 1323/344/737
f 710/356/737 933/351/737 1322/351/737 1099/356/737
f 930/339/737 934/344/737 1323/344/737 1319/339/737
f 933/351/737 935/346/737 1324/346/737 1322/351/737
f 932/349/737 709/354/737 1098/354/737 1321/349/737
f 946/306/737 930/339/737 1319/339/737 1335/306/737
f 948/308/737 937/314/737 1326/314/737 1337/308/737
f 941/318/737 936/313/737 1325/313/737 1330/318/737
f 940/319/737 939/324/737 1328/324/737 1329/319/737
f 939/324/737 944/329/737 1333/329/737 1328/324/737
f 937/314/737 940/319/737 1329/319/737 1326/314/737
f 938/323/737 941/318/737 1330/318/737 1327/323/737
f 942/331/737 943/328/737 1332/328/737 1331/331/737
f 943/328/737 938/323/737 1327/323/737 1332/328/737
f 944/329/737 942/331/737 1331/331/737 1333/329/737
f 931/341/737 945/307/737 1334/307/737 1320/341/737
f 947/305/737 946/306/737 1335/306/737 1336/305/737
f 936/313/737 947/305/737 1336/305/737 1325/313/737
f 945/307/737 948/308/737 1337/308/737 1334/307/737
f 1056/492/737 1068/503/737 1457/503/737 1445/492/737
f 1070/506/737 1062/484/737 1451/484/737 1459/506/737
f 1069/508/737 1057/488/737 1446/488/737 1458/508/737
f 1063/486/737 1071/510/737 1460/510/737 1452/486/737
f 1068/503/737 1057/488/737 1446/488/737 1457/503/737
f 1056/492/737 1069/508/737 1458/508/737 1445/492/737
f 1063/486/737 1070/506/737 1459/506/737 1452/486/737
f 1071/510/737 1062/484/737 1451/484/737 1460/510/737
l 865 879
l 866 878
l 1254 1268
l 1255 1267
o DiskMid
v 2.727975 63.838066 14.343649
v 2.727975 65.168808 15.640278
v 2.727975 67.898560 16.936909
v 2.727975 71.907867 16.953970
v 2.727975 62.609680 11.409172
v 2.750199 69.169907 10.087669
v 2.727975 62.609680 7.355497
v 2.727975 74.463593 15.544739
v 2.727975 75.855774 14.234459
v 2.727975 77.288895 11.472770
v 2.727975 77.288895 7.519280
v 2.727975 75.867142 4.865359
v 2.727975 74.469101 3.514703
v 2.727975 71.725708 2.245370
v 2.727975 67.835815 2.245370
v 2.727975 65.256203 3.678487
v 2.727975 63.945923 4.906874
v 3.569552 63.838066 14.343649
v 3.569552 65.168808 15.640278
v 3.569552 67.898560 16.936909
v 3.569552 71.907867 16.953970
v 3.569552 62.609680 11.450118
v 2.750199 69.154221 8.717893
v 3.569552 62.609680 7.396443
v 3.569552 74.463593 15.544739
v 3.569552 75.855774 14.234459
v 3.569552 77.288895 11.450117
v 3.569552 77.288895 7.437388
v 3.569552 75.867142 4.865359
v 3.569552 74.469101 3.514703
v 3.569552 71.725708 2.245370
v 3.569552 67.835815 2.245370
v 3.569552 65.256203 3.678487
v 3.569552 63.945923 4.947820
v 3.569552 71.825317 11.433718
v 3.569552 71.775513 7.392318
v 3.569552 67.867188 11.433718
v 3.569552 67.851501 7.371845
v 2.750199 70.476891 10.089893
v 2.750199 70.427086 8.713286
v 3.315640 68.502861 8.044868
v 3.315640 68.518547 10.760694
v 3.315640 71.101303 8.052802
v 3.315640 71.151108 10.761806
v 2.727975 77.751282 9.496025
v 3.569552 77.751282 9.443752
v 3.569552 71.920692 9.413017
v 2.750199 70.652626 9.401590
v 3.315640 71.204460 9.407304
v 2.727975 62.157078 9.382335
v 3.569552 62.157078 9.423281
v 3.569552 67.733963 9.402781
v 2.750199 68.953476 9.402781
v 3.315640 68.425926 9.402781
v 2.727975 69.903214 17.141441
v 3.569552 69.903214 17.141441
v 3.569552 69.846252 11.484989
v 2.750199 69.823395 10.221478
v 3.315640 69.834824 10.794863
v 2.727975 69.780762 2.055365
v 3.569552 69.780762 2.055365
v 3.569552 69.813507 7.326961
v 2.750199 69.790649 8.578744
v 3.315640 69.802078 8.011224
v 2.772423 63.838066 14.343649
v 2.772423 65.168808 15.640278
v 2.772423 67.898560 16.936909
v 2.772423 71.907867 16.953970
v 2.772423 62.609680 11.409172
v 2.772423 62.609680 7.355497
v 2.772423 74.463593 15.544739
v 2.772423 75.855774 14.234459
v 2.772423 77.288895 11.472770
v 2.772423 77.288895 7.519280
v 2.772423 75.867142 4.865359
v 2.772423 74.469101 3.514703
v 2.772423 71.725708 2.245370
v 2.772423 67.835815 2.245370
v 2.772423 65.256203 3.678487
v 2.772423 63.945923 4.906874
v 1.930847 63.838066 14.343649
v 1.930847 65.168808 15.640278
v 1.930847 67.898560 16.936909
v 1.930847 71.907867 16.953970
v 1.930847 62.609680 11.450118
v 1.930847 62.609680 7.396443
v 1.930847 74.463593 15.544739
v 1.930847 75.855774 14.234459
v 1.930847 77.288895 11.450117
v 1.930847 77.288895 7.437388
v 1.930847 75.867142 4.865359
v 1.930847 74.469101 3.514703
v 1.930847 71.725708 2.245370
v 1.930847 67.835815 2.245370
v 1.930847 65.256203 3.678487
v 1.930847 63.945923 4.947820
v 1.930847 71.825317 11.433718
v 1.930847 71.775513 7.392318
v 1.930847 67.867188 11.433718
v 1.930847 67.851501 7.371845
v 2.184758 68.502861 8.044868
v 2.184758 68.518547 10.760694
v 2.184758 71.101303 8.052802
v 2.184758 71.151108 10.761806
v 2.772423 77.751282 9.496025
v 1.930847 77.751282 9.443752
v 1.930847 71.920692 9.413017
v 2.184758 71.204460 9.407304
v 2.772423 62.157078 9.382335
v 1.930847 62.157078 9.423281
v 1.930847 67.733963 9.402781
v 2.184758 68.425926 9.402781
v 2.772423 69.903214 17.141441
v 1.930847 69.903214 17.141441
v 1.930847 69.846252 11.484989
v 2.184758 69.834824 10.794863
v 2.772423 69.780762 2.055365
v 1.930847 69.780762 2.055365
v 1.930847 69.813507 7.326961
v 2.184758 69.802078 8.011224
vn -0.0000 -0.6979 0.7162
vn 0.0176 -0.6898 -0.7238
vn 0.0062 0.8884 0.4591
vn -0.0000 -0.4291 0.9033
vn 0.0233 -0.8776 -0.4789
vn -0.0180 0.9739 -0.2261
vn -0.0000 0.0931 0.9957
vn -0.0232 0.8782 -0.4778
vn -0.0094 -0.9214 0.3884
vn -0.0000 0.6948 -0.7192
vn 1.0000 -0.0000 -0.0000
vn -0.0000 0.4199 -0.9076
vn -0.0106 -0.9759 0.2179
vn -0.0000 -0.0972 -0.9953
vn -0.0000 0.4829 0.8757
vn -0.0000 -0.4856 -0.8742
vn -0.0000 0.6854 0.7282
vn 0.7459 0.6586 -0.0996
vn 0.7581 -0.6439 0.1036
vn 0.7540 -0.0547 -0.6546
vn 0.9374 -0.0114 0.3482
vn 0.7507 -0.0599 0.6579
vn 0.9384 -0.0088 -0.3454
vn 0.9427 -0.3328 0.0245
vn 0.9389 0.3435 -0.0229
vn 0.9415 -0.3366 -0.0148
vn 0.7530 -0.6540 -0.0733
vn 0.0101 0.9740 0.2261
vn 0.9384 0.3449 0.0198
vn 0.7439 0.6622 0.0900
vn 0.0106 -0.9759 -0.2179
vn 0.9384 0.0090 -0.3454
vn 0.7535 0.0559 -0.6550
vn -0.0000 -0.1015 0.9948
vn 0.7526 0.0585 0.6559
vn 0.9378 0.0084 0.3470
vn -0.0000 0.0972 -0.9953
vn -0.0176 -0.6898 -0.7238
vn -0.0062 0.8884 0.4591
vn -0.0233 -0.8776 -0.4789
vn 0.0180 0.9739 -0.2261
vn 0.0232 0.8782 -0.4778
vn 0.0094 -0.9214 0.3884
vn -1.0000 -0.0000 -0.0000
vn 0.0106 -0.9759 0.2179
vn -0.7459 0.6586 -0.0996
vn -0.7581 -0.6439 0.1036
vn -0.7540 -0.0547 -0.6546
vn -0.9374 -0.0114 0.3482
vn -0.7507 -0.0599 0.6579
vn -0.9384 -0.0088 -0.3454
vn -0.9427 -0.3328 0.0245
vn -0.9389 0.3435 -0.0229
vn -0.9415 -0.3366 -0.0148
vn -0.7530 -0.6540 -0.0733
vn -0.0101 0.9740 0.2261
vn -0.9384 0.3449 0.0198
vn -0.7439 0.6622 0.0900
vn -0.0106 -0.9759 -0.2179
vn -0.9384 0.0090 -0.3454
vn -0.7535 0.0559 -0.6550
vn -0.7526 0.0585 0.6559
vn -0.9378 0.0084 0.3470
vt 0.484963 0.741971
vt 0.460724 0.766847
vt 0.684338 0.768481
vt 0.660609 0.743987
vt 0.661374 0.743987
vt 0.487004 0.966629
vt 0.539055 0.993420
vt 0.538631 0.993420
vt 0.436485 0.817878
vt 0.615600 0.719007
vt 0.614834 0.719007
vt 0.575585 1.002064
vt 0.576562 1.002064
vt 0.614069 0.993420
vt 0.612538 0.993420
vt 0.432661 0.855352
vt 0.436166 0.892827
vt 0.662150 0.966842
vt 0.539820 0.719007
vt 0.539055 0.719007
vt 0.687399 0.940707
vt 0.539361 0.891284
vt 0.577136 0.893067
vt 0.711128 0.889422
vt 0.577710 0.710546
vt 0.576945 0.710546
vt 0.714680 0.853064
vt 0.711128 0.816705
vt 0.462510 0.940604
vt 0.538403 0.854288
vt 0.539361 0.817291
vt 0.577328 0.814800
vt 0.614911 0.890353
vt 0.616133 0.853676
vt 0.615294 0.816998
vt 0.577328 0.827736
vt 0.577328 0.837598
vt 0.564524 0.841644
vt 0.551943 0.829468
vt 0.577243 0.879678
vt 0.577350 0.869362
vt 0.590217 0.865146
vt 0.602564 0.877750
vt 0.551304 0.854074
vt 0.562023 0.853860
vt 0.564483 0.866077
vt 0.551922 0.878681
vt 0.603341 0.853462
vt 0.592732 0.853248
vt 0.602712 0.829174
vt 0.590131 0.841351
s 0
usemtl Material
f 1465/537/1197 1482/537/1197 1483/538/1197 1466/538/1197
f 1480/539/1198 1497/539/1198 1498/540/1198 1481/541/1198
f 1473/542/1199 1490/542/1199 1491/543/1199 1474/544/1199
f 1466/538/1200 1483/538/1200 1484/545/1200 1467/545/1200
f 1471/546/1201 1481/541/1201 1498/540/1201 1488/547/1201
f 1509/548/1202 1510/549/1202 1492/550/1202 1475/551/1202
f 1519/552/1203 1520/552/1203 1485/553/1203 1468/553/1203
f 1475/551/1204 1492/550/1204 1493/554/1204 1476/554/1204
f 1469/555/1205 1486/556/1205 1482/537/1205 1465/537/1205
f 1476/554/1206 1493/554/1206 1494/557/1206 1477/557/1206
f 1510/549/1207 1491/543/1207 1499/558/1207 1511/559/1207
f 1477/557/1208 1494/557/1208 1495/560/1208 1478/560/1208
f 1514/561/1209 1515/562/1209 1486/556/1209 1469/555/1209
f 1524/563/1210 1525/563/1210 1496/564/1210 1479/564/1210
f 1468/553/1211 1485/553/1211 1489/565/1211 1472/565/1211
f 1479/564/1212 1496/564/1212 1497/539/1212 1480/539/1212
f 1472/565/1213 1489/565/1213 1490/542/1213 1473/542/1213
f 1491/543/1207 1490/542/1207 1499/558/1207
f 1490/542/1207 1489/565/1207 1499/558/1207
f 1489/565/1207 1485/553/1207 1499/558/1207
f 1520/552/1207 1521/566/1207 1499/558/1207 1485/553/1207
f 1484/545/1207 1483/538/1207 1501/567/1207
f 1483/538/1207 1482/537/1207 1501/567/1207
f 1482/537/1207 1486/556/1207 1501/567/1207
f 1515/562/1207 1516/568/1207 1501/567/1207 1486/556/1207
f 1525/563/1207 1495/560/1207 1500/569/1207 1526/570/1207
f 1502/571/1207 1498/540/1207 1497/539/1207
f 1498/540/1207 1502/571/1207 1488/547/1207
f 1493/554/1207 1492/550/1207 1500/569/1207
f 1494/557/1207 1493/554/1207 1500/569/1207
f 1500/569/1207 1495/560/1207 1494/557/1207
f 1496/564/1207 1502/571/1207 1497/539/1207
f 1518/572/1214 1517/573/1214 1470/574/1214 1506/575/1214
f 1513/576/1215 1512/577/1215 1504/578/1215 1507/579/1215
f 1523/580/1216 1522/581/1216 1503/582/1216 1508/583/1216
f 1528/584/1217 1526/570/1217 1500/569/1217 1507/579/1217
f 1527/585/1218 1528/584/1218 1507/579/1218 1504/578/1218
f 1521/566/1219 1523/580/1219 1508/583/1219 1499/558/1219
f 1511/559/1220 1513/576/1220 1507/579/1220 1500/569/1220
f 1516/568/1221 1518/572/1221 1506/575/1221 1501/567/1221
f 1499/558/1222 1508/583/1222 1513/576/1222 1511/559/1222
f 1508/583/1223 1503/582/1223 1512/577/1223 1513/576/1223
f 1492/550/1207 1510/549/1207 1511/559/1207 1500/569/1207
f 1474/544/1224 1491/543/1224 1510/549/1224 1509/548/1224
f 1502/571/1225 1505/586/1225 1518/572/1225 1516/568/1225
f 1505/586/1226 1487/587/1226 1517/573/1226 1518/572/1226
f 1488/547/1207 1502/571/1207 1516/568/1207 1515/562/1207
f 1471/546/1227 1488/547/1227 1515/562/1227 1514/561/1227
f 1501/567/1228 1506/575/1228 1523/580/1228 1521/566/1228
f 1506/575/1229 1470/574/1229 1522/581/1229 1523/580/1229
f 1484/545/1207 1501/567/1207 1521/566/1207 1520/552/1207
f 1467/545/1230 1484/545/1230 1520/552/1230 1519/552/1230
f 1487/587/1231 1505/586/1231 1528/584/1231 1527/585/1231
f 1505/586/1232 1502/571/1232 1526/570/1232 1528/584/1232
f 1496/564/1207 1525/563/1207 1526/570/1207 1502/571/1207
f 1478/560/1233 1495/560/1233 1525/563/1233 1524/563/1233
f 1529/537/1197 1530/538/1197 1546/538/1197 1545/537/1197
f 1543/539/1234 1544/541/1234 1560/540/1234 1559/539/1234
f 1536/542/1235 1537/544/1235 1553/543/1235 1552/542/1235
f 1530/538/1200 1531/545/1200 1547/545/1200 1546/538/1200
f 1534/546/1236 1550/547/1236 1560/540/1236 1544/541/1236
f 1569/548/1237 1538/551/1237 1554/550/1237 1570/549/1237
f 1577/552/1203 1532/553/1203 1548/553/1203 1578/552/1203
f 1538/551/1238 1539/554/1238 1555/554/1238 1554/550/1238
f 1533/555/1239 1529/537/1239 1545/537/1239 1549/556/1239
f 1539/554/1206 1540/557/1206 1556/557/1206 1555/554/1206
f 1570/549/1240 1571/559/1240 1561/558/1240 1553/543/1240
f 1540/557/1208 1541/560/1208 1557/560/1208 1556/557/1208
f 1573/561/1241 1533/555/1241 1549/556/1241 1574/562/1241
f 1581/563/1210 1542/564/1210 1558/564/1210 1582/563/1210
f 1532/553/1211 1535/565/1211 1551/565/1211 1548/553/1211
f 1542/564/1212 1543/539/1212 1559/539/1212 1558/564/1212
f 1535/565/1213 1536/542/1213 1552/542/1213 1551/565/1213
f 1553/543/1240 1561/558/1240 1552/542/1240
f 1552/542/1240 1561/558/1240 1551/565/1240
f 1551/565/1240 1561/558/1240 1548/553/1240
f 1578/552/1240 1548/553/1240 1561/558/1240 1579/566/1240
f 1547/545/1240 1563/567/1240 1546/538/1240
f 1546/538/1240 1563/567/1240 1545/537/1240
f 1545/537/1240 1563/567/1240 1549/556/1240
f 1574/562/1240 1549/556/1240 1563/567/1240 1575/568/1240
f 1582/563/1240 1583/570/1240 1562/569/1240 1557/560/1240
f 1564/571/1240 1559/539/1240 1560/540/1240
f 1560/540/1240 1550/547/1240 1564/571/1240
f 1555/554/1240 1562/569/1240 1554/550/1240
f 1556/557/1240 1562/569/1240 1555/554/1240
f 1562/569/1240 1556/557/1240 1557/560/1240
f 1558/564/1240 1559/539/1240 1564/571/1240
f 1576/572/1242 1566/575/1242 1470/574/1242 1517/573/1242
f 1572/576/1243 1567/579/1243 1504/578/1243 1512/577/1243
f 1580/580/1244 1568/583/1244 1503/582/1244 1522/581/1244
f 1584/584/1245 1567/579/1245 1562/569/1245 1583/570/1245
f 1527/585/1246 1504/578/1246 1567/579/1246 1584/584/1246
f 1579/566/1247 1561/558/1247 1568/583/1247 1580/580/1247
f 1571/559/1248 1562/569/1248 1567/579/1248 1572/576/1248
f 1575/568/1249 1563/567/1249 1566/575/1249 1576/572/1249
f 1561/558/1250 1571/559/1250 1572/576/1250 1568/583/1250
f 1568/583/1251 1572/576/1251 1512/577/1251 1503/582/1251
f 1554/550/1240 1562/569/1240 1571/559/1240 1570/549/1240
f 1537/544/1252 1569/548/1252 1570/549/1252 1553/543/1252
f 1564/571/1253 1575/568/1253 1576/572/1253 1565/586/1253
f 1565/586/1254 1576/572/1254 1517/573/1254 1487/587/1254
f 1550/547/1240 1574/562/1240 1575/568/1240 1564/571/1240
f 1534/546/1255 1573/561/1255 1574/562/1255 1550/547/1255
f 1563/567/1256 1579/566/1256 1580/580/1256 1566/575/1256
f 1566/575/1257 1580/580/1257 1522/581/1257 1470/574/1257
f 1547/545/1240 1578/552/1240 1579/566/1240 1563/567/1240
f 1531/545/1230 1577/552/1230 1578/552/1230 1547/545/1230
f 1487/587/1258 1527/585/1258 1584/584/1258 1565/586/1258
f 1565/586/1259 1584/584/1259 1583/570/1259 1564/571/1259
f 1558/564/1240 1564/571/1240 1583/570/1240 1582/563/1240
f 1541/560/1233 1581/563/1233 1582/563/1233 1557/560/1233
o DiskTop
v -2.771747 73.212593 15.843574
v -2.771747 74.543335 17.140202
v -2.771747 77.273087 18.436832
v -2.771747 81.282394 18.453894
v -2.771747 71.984207 12.909097
v -2.749523 78.544434 11.587594
v -2.771747 71.984207 8.855421
v -2.771747 83.838120 17.044662
v -2.771747 85.230301 15.734384
v -2.771747 86.663422 12.972694
v -2.771747 86.663422 9.019204
v -2.771747 85.241669 6.365283
v -2.771747 83.843628 5.014627
v -2.771747 81.100235 3.745295
v -2.771747 77.210342 3.745295
v -2.771747 74.630730 5.178411
v -2.771747 73.320450 6.406798
v -1.930170 73.212593 15.843574
v -1.930170 74.543335 17.140202
v -1.930170 77.273087 18.436832
v -1.930170 81.282394 18.453894
v -1.930170 71.984207 12.950043
v -2.749523 78.528748 10.217817
v -1.930170 71.984207 8.896367
v -1.930170 83.838120 17.044662
v -1.930170 85.230301 15.734384
v -1.930170 86.663422 12.950042
v -1.930170 86.663422 8.937312
v -1.930170 85.241669 6.365283
v -1.930170 83.843628 5.014627
v -1.930170 81.100235 3.745295
v -1.930170 77.210342 3.745295
v -1.930170 74.630730 5.178411
v -1.930170 73.320450 6.447744
v -1.930170 81.199844 12.933642
v -1.930170 81.150040 8.892242
v -1.930170 77.241714 12.933642
v -1.930170 77.226028 8.871769
v -2.749523 79.851418 11.589818
v -2.749523 79.801613 10.213211
v -2.184082 77.877388 9.544793
v -2.184082 77.893074 12.260618
v -2.184082 80.475830 9.552727
v -2.184082 80.525635 12.261730
v -2.771747 87.125809 10.995950
v -1.930170 87.125809 10.943677
v -1.930170 81.295219 10.912942
v -2.749523 80.027153 10.901515
v -2.184082 80.578987 10.907228
v -2.771747 71.531601 10.882259
v -1.930170 71.531601 10.923205
v -1.930170 77.108490 10.902706
v -2.749523 78.328003 10.902705
v -2.184082 77.800453 10.902705
v -2.771747 79.277740 18.641365
v -1.930170 79.277740 18.641365
v -1.930170 79.220779 12.984914
v -2.749523 79.197922 11.721403
v -2.184082 79.209351 12.294787
v -2.771747 79.155289 3.555289
v -1.930170 79.155289 3.555289
v -1.930170 79.188034 8.826885
v -2.749523 79.165176 10.078669
v -2.184082 79.176605 9.511148
v -2.727299 73.212593 15.843574
v -2.727299 74.543335 17.140202
v -2.727299 77.273087 18.436832
v -2.727299 81.282394 18.453894
v -2.727299 71.984207 12.909097
v -2.727299 71.984207 8.855421
v -2.727299 83.838120 17.044662
v -2.727299 85.230301 15.734384
v -2.727299 86.663422 12.972694
v -2.727299 86.663422 9.019204
v -2.727299 85.241669 6.365283
v -2.727299 83.843628 5.014627
v -2.727299 81.100235 3.745295
v -2.727299 77.210342 3.745295
v -2.727299 74.630730 5.178411
v -2.727299 73.320450 6.406798
v -3.568876 73.212593 15.843574
v -3.568876 74.543335 17.140202
v -3.568876 77.273087 18.436832
v -3.568876 81.282394 18.453894
v -3.568876 71.984207 12.950043
v -3.568876 71.984207 8.896367
v -3.568876 83.838120 17.044662
v -3.568876 85.230301 15.734384
v -3.568876 86.663422 12.950042
v -3.568876 86.663422 8.937312
v -3.568876 85.241669 6.365283
v -3.568876 83.843628 5.014627
v -3.568876 81.100235 3.745295
v -3.568876 77.210342 3.745295
v -3.568876 74.630730 5.178411
v -3.568876 73.320450 6.447744
v -3.568876 81.199844 12.933642
v -3.568876 81.150040 8.892242
v -3.568876 77.241714 12.933642
v -3.568876 77.226028 8.871769
v -3.314964 77.877388 9.544793
v -3.314964 77.893074 12.260618
v -3.314964 80.475830 9.552727
v -3.314964 80.525635 12.261730
v -2.727299 87.125809 10.995950
v -3.568876 87.125809 10.943677
v -3.568876 81.295219 10.912942
v -3.314964 80.578987 10.907228
v -2.727299 71.531601 10.882259
v -3.568876 71.531601 10.923205
v -3.568876 77.108490 10.902706
v -3.314964 77.800453 10.902705
v -2.727299 79.277740 18.641365
v -3.568876 79.277740 18.641365
v -3.568876 79.220779 12.984914
v -3.314964 79.209351 12.294787
v -2.727299 79.155289 3.555289
v -3.568876 79.155289 3.555289
v -3.568876 79.188034 8.826885
v -3.314964 79.176605 9.511148
vn -0.0000 -0.6979 0.7162
vn 0.0176 -0.6898 -0.7238
vn 0.0062 0.8884 0.4591
vn -0.0000 -0.4291 0.9033
vn 0.0233 -0.8776 -0.4789
vn -0.0180 0.9739 -0.2261
vn -0.0000 0.0931 0.9957
vn -0.0232 0.8782 -0.4778
vn -0.0094 -0.9214 0.3884
vn -0.0000 0.6948 -0.7192
vn 1.0000 -0.0000 -0.0000
vn -0.0000 0.4199 -0.9076
vn -0.0106 -0.9759 0.2179
vn -0.0000 -0.0972 -0.9953
vn -0.0000 0.4829 0.8757
vn -0.0000 -0.4856 -0.8742
vn -0.0000 0.6854 0.7282
vn 0.7459 0.6586 -0.0996
vn 0.7581 -0.6439 0.1036
vn 0.7540 -0.0547 -0.6546
vn 0.9374 -0.0114 0.3482
vn 0.7507 -0.0599 0.6579
vn 0.9384 -0.0088 -0.3454
vn 0.9427 -0.3328 0.0245
vn 0.9389 0.3435 -0.0229
vn 0.9415 -0.3366 -0.0148
vn 0.7530 -0.6540 -0.0733
vn 0.0101 0.9740 0.2261
vn 0.9384 0.3449 0.0198
vn 0.7439 0.6622 0.0900
vn 0.0106 -0.9759 -0.2179
vn 0.9384 0.0090 -0.3454
vn 0.7535 0.0559 -0.6550
vn -0.0000 -0.1015 0.9948
vn 0.7526 0.0585 0.6559
vn 0.9378 0.0084 0.3470
vn -0.0000 0.0972 -0.9953
vn -0.0176 -0.6898 -0.7238
vn -0.0062 0.8884 0.4591
vn -0.0233 -0.8776 -0.4789
vn 0.0180 0.9739 -0.2261
vn 0.0232 0.8782 -0.4778
vn 0.0094 -0.9214 0.3884
vn -1.0000 -0.0000 -0.0000
vn 0.0106 -0.9759 0.2179
vn -0.7459 0.6586 -0.0996
vn -0.7581 -0.6439 0.1036
vn -0.7540 -0.0547 -0.6546
vn -0.9374 -0.0114 0.3482
vn -0.7507 -0.0599 0.6579
vn -0.9384 -0.0088 -0.3454
vn -0.9427 -0.3328 0.0245
vn -0.9389 0.3435 -0.0229
vn -0.9415 -0.3366 -0.0148
vn -0.7530 -0.6540 -0.0733
vn -0.0101 0.9740 0.2261
vn -0.9384 0.3449 0.0198
vn -0.7439 0.6622 0.0900
vn -0.0106 -0.9759 -0.2179
vn -0.9384 0.0090 -0.3454
vn -0.7535 0.0559 -0.6550
vn -0.7526 0.0585 0.6559
vn -0.9378 0.0084 0.3470
vt 0.934549 0.079443
vt 0.954232 0.099644
vt 0.772643 0.100971
vt 0.791912 0.081080
vt 0.791291 0.081080
vt 0.932891 0.261881
vt 0.890622 0.283637
vt 0.890966 0.283637
vt 0.973916 0.141084
vt 0.828463 0.060795
vt 0.829084 0.060795
vt 0.860958 0.290656
vt 0.860164 0.290656
vt 0.829706 0.283637
vt 0.830949 0.283637
vt 0.977021 0.171516
vt 0.974175 0.201949
vt 0.790660 0.262054
vt 0.890001 0.060795
vt 0.890622 0.060795
vt 0.770157 0.240830
vt 0.890373 0.200695
vt 0.859697 0.202143
vt 0.750887 0.199183
vt 0.859232 0.053924
vt 0.859853 0.053924
vt 0.748003 0.169658
vt 0.750887 0.140132
vt 0.952782 0.240747
vt 0.891152 0.170652
vt 0.890373 0.140608
vt 0.859542 0.138585
vt 0.829022 0.199939
vt 0.828030 0.170155
vt 0.828711 0.140370
vt 0.859542 0.149090
vt 0.859542 0.157099
vt 0.869939 0.160384
vt 0.880156 0.150496
vt 0.859611 0.191270
vt 0.859524 0.182893
vt 0.849075 0.179469
vt 0.839048 0.189705
vt 0.880675 0.170478
vt 0.871970 0.170305
vt 0.869973 0.180225
vt 0.880173 0.190461
vt 0.838417 0.169981
vt 0.847032 0.169808
vt 0.838928 0.150258
vt 0.849145 0.160146
s 0
usemtl Material
f 1585/588/1260 1602/588/1260 1603/589/1260 1586/589/1260
f 1600/590/1261 1617/590/1261 1618/591/1261 1601/592/1261
f 1593/593/1262 1610/593/1262 1611/594/1262 1594/595/1262
f 1586/589/1263 1603/589/1263 1604/596/1263 1587/596/1263
f 1591/597/1264 1601/592/1264 1618/591/1264 1608/598/1264
f 1629/599/1265 1630/600/1265 1612/601/1265 1595/602/1265
f 1639/603/1266 1640/603/1266 1605/604/1266 1588/604/1266
f 1595/602/1267 1612/601/1267 1613/605/1267 1596/605/1267
f 1589/606/1268 1606/607/1268 1602/588/1268 1585/588/1268
f 1596/605/1269 1613/605/1269 1614/608/1269 1597/608/1269
f 1630/600/1270 1611/594/1270 1619/609/1270 1631/610/1270
f 1597/608/1271 1614/608/1271 1615/611/1271 1598/611/1271
f 1634/612/1272 1635/613/1272 1606/607/1272 1589/606/1272
f 1644/614/1273 1645/614/1273 1616/615/1273 1599/615/1273
f 1588/604/1274 1605/604/1274 1609/616/1274 1592/616/1274
f 1599/615/1275 1616/615/1275 1617/590/1275 1600/590/1275
f 1592/616/1276 1609/616/1276 1610/593/1276 1593/593/1276
f 1611/594/1270 1610/593/1270 1619/609/1270
f 1610/593/1270 1609/616/1270 1619/609/1270
f 1609/616/1270 1605/604/1270 1619/609/1270
f 1640/603/1270 1641/617/1270 1619/609/1270 1605/604/1270
f 1604/596/1270 1603/589/1270 1621/618/1270
f 1603/589/1270 1602/588/1270 1621/618/1270
f 1602/588/1270 1606/607/1270 1621/618/1270
f 1635/613/1270 1636/619/1270 1621/618/1270 1606/607/1270
f 1645/614/1270 1615/611/1270 1620/620/1270 1646/621/1270
f 1622/622/1270 1618/591/1270 1617/590/1270
f 1618/591/1270 1622/622/1270 1608/598/1270
f 1613/605/1270 1612/601/1270 1620/620/1270
f 1614/608/1270 1613/605/1270 1620/620/1270
f 1620/620/1270 1615/611/1270 1614/608/1270
f 1616/615/1270 1622/622/1270 1617/590/1270
f 1638/623/1277 1637/624/1277 1590/625/1277 1626/626/1277
f 1633/627/1278 1632/628/1278 1624/629/1278 1627/630/1278
f 1643/631/1279 1642/632/1279 1623/633/1279 1628/634/1279
f 1648/635/1280 1646/621/1280 1620/620/1280 1627/630/1280
f 1647/636/1281 1648/635/1281 1627/630/1281 1624/629/1281
f 1641/617/1282 1643/631/1282 1628/634/1282 1619/609/1282
f 1631/610/1283 1633/627/1283 1627/630/1283 1620/620/1283
f 1636/619/1284 1638/623/1284 1626/626/1284 1621/618/1284
f 1619/609/1285 1628/634/1285 1633/627/1285 1631/610/1285
f 1628/634/1286 1623/633/1286 1632/628/1286 1633/627/1286
f 1612/601/1270 1630/600/1270 1631/610/1270 1620/620/1270
f 1594/595/1287 1611/594/1287 1630/600/1287 1629/599/1287
f 1622/622/1288 1625/637/1288 1638/623/1288 1636/619/1288
f 1625/637/1289 1607/638/1289 1637/624/1289 1638/623/1289
f 1608/598/1270 1622/622/1270 1636/619/1270 1635/613/1270
f 1591/597/1290 1608/598/1290 1635/613/1290 1634/612/1290
f 1621/618/1291 1626/626/1291 1643/631/1291 1641/617/1291
f 1626/626/1292 1590/625/1292 1642/632/1292 1643/631/1292
f 1604/596/1270 1621/618/1270 1641/617/1270 1640/603/1270
f 1587/596/1293 1604/596/1293 1640/603/1293 1639/603/1293
f 1607/638/1294 1625/637/1294 1648/635/1294 1647/636/1294
f 1625/637/1295 1622/622/1295 1646/621/1295 1648/635/1295
f 1616/615/1270 1645/614/1270 1646/621/1270 1622/622/1270
f 1598/611/1296 1615/611/1296 1645/614/1296 1644/614/1296
f 1649/588/1260 1650/589/1260 1666/589/1260 1665/588/1260
f 1663/590/1297 1664/592/1297 1680/591/1297 1679/590/1297
f 1656/593/1298 1657/595/1298 1673/594/1298 1672/593/1298
f 1650/589/1263 1651/596/1263 1667/596/1263 1666/589/1263
f 1654/597/1299 1670/598/1299 1680/591/1299 1664/592/1299
f 1689/599/1300 1658/602/1300 1674/601/1300 1690/600/1300
f 1697/603/1266 1652/604/1266 1668/604/1266 1698/603/1266
f 1658/602/1301 1659/605/1301 1675/605/1301 1674/601/1301
f 1653/606/1302 1649/588/1302 1665/588/1302 1669/607/1302
f 1659/605/1269 1660/608/1269 1676/608/1269 1675/605/1269
f 1690/600/1303 1691/610/1303 1681/609/1303 1673/594/1303
f 1660/608/1271 1661/611/1271 1677/611/1271 1676/608/1271
f 1693/612/1304 1653/606/1304 1669/607/1304 1694/613/1304
f 1701/614/1273 1662/615/1273 1678/615/1273 1702/614/1273
f 1652/604/1274 1655/616/1274 1671/616/1274 1668/604/1274
f 1662/615/1275 1663/590/1275 1679/590/1275 1678/615/1275
f 1655/616/1276 1656/593/1276 1672/593/1276 1671/616/1276
f 1673/594/1303 1681/609/1303 1672/593/1303
f 1672/593/1303 1681/609/1303 1671/616/1303
f 1671/616/1303 1681/609/1303 1668/604/1303
f 1698/603/1303 1668/604/1303 1681/609/1303 1699/617/1303
f 1667/596/1303 1683/618/1303 1666/589/1303
f 1666/589/1303 1683/618/1303 1665/588/1303
f 1665/588/1303 1683/618/1303 1669/607/1303
f 1694/613/1303 1669/607/1303 1683/618/1303 1695/619/1303
f 1702/614/1303 1703/621/1303 1682/620/1303 1677/611/1303
f 1684/622/1303 1679/590/1303 1680/591/1303
f 1680/591/1303 1670/598/1303 1684/622/1303
f 1675/605/1303 1682/620/1303 1674/601/1303
f 1676/608/1303 1682/620/1303 1675/605/1303
f 1682/620/1303 1676/608/1303 1677/611/1303
f 1678/615/1303 1679/590/1303 1684/622/1303
f 1696/623/1305 1686/626/1305 1590/625/1305 1637/624/1305
f 1692/627/1306 1687/630/1306 1624/629/1306 1632/628/1306
f 1700/631/1307 1688/634/1307 1623/633/1307 1642/632/1307
f 1704/635/1308 1687/630/1308 1682/620/1308 1703/621/1308
f 1647/636/1309 1624/629/1309 1687/630/1309 1704/635/1309
f 1699/617/1310 1681/609/1310 1688/634/1310 1700/631/1310
f 1691/610/1311 1682/620/1311 1687/630/1311 1692/627/1311
f 1695/619/1312 1683/618/1312 1686/626/1312 1696/623/1312
f 1681/609/1313 1691/610/1313 1692/627/1313 1688/634/1313
f 1688/634/1314 1692/627/1314 1632/628/1314 1623/633/1314
f 1674/601/1303 1682/620/1303 1691/610/1303 1690/600/1303
f 1657/595/1315 1689/599/1315 1690/600/1315 1673/594/1315
f 1684/622/1316 1695/619/1316 1696/623/1316 1685/637/1316
f 1685/637/1317 1696/623/1317 1637/624/1317 1607/638/1317
f 1670/598/1303 1694/613/1303 1695/619/1303 1684/622/1303
f 1654/597/1318 1693/612/1318 1694/613/1318 1670/598/1318
f 1683/618/1319 1699/617/1319 1700/631/1319 1686/626/1319
f 1686/626/1320 1700/631/1320 1642/632/1320 1590/625/1320
f 1667/596/1303 1698/603/1303 1699/617/1303 1683/618/1303
f 1651/596/1293 1697/603/1293 1698/603/1293 1667/596/1293
f 1607/638/1321 1647/636/1321 1704/635/1321 1685/637/1321
f 1685/637/1322 1704/635/1322 1703/621/1322 1684/622/1322
f 1678/615/1303 1684/622/1303 1703/621/1303 1702/614/1303
f 1661/611/1296 1701/614/1296 1702/614/1296 1677/611/1296
o DiskBottom
v -2.491763 54.298546 13.443694
v -2.491763 55.629288 14.740323
v -2.491763 58.359039 16.036955
v -2.491763 62.368347 16.054016
v -2.491763 53.070160 10.509217
v -2.469539 59.630386 9.187715
v -2.491763 53.070160 6.455542
v -2.491763 64.924072 14.644784
v -2.491763 66.316254 13.334504
v -2.491763 67.749374 10.572815
v -2.491763 67.749374 6.619325
v -2.491763 66.327621 3.965404
v -2.491763 64.929581 2.614748
v -2.491763 62.186188 1.345415
v -2.491763 58.296295 1.345415
v -2.491763 55.716682 2.778533
v -2.491763 54.406403 4.006919
v -1.650186 54.298546 13.443694
v -1.650186 55.629288 14.740323
v -1.650186 58.359039 16.036955
v -1.650186 62.368347 16.054016
v -1.650186 53.070160 10.550163
v -2.469539 59.614700 7.817938
v -1.650186 53.070160 6.496488
v -1.650186 64.924072 14.644784
v -1.650186 66.316254 13.334504
v -1.650186 67.749374 10.550162
v -1.650186 67.749374 6.537433
v -1.650186 66.327621 3.965404
v -1.650186 64.929581 2.614748
v -1.650186 62.186188 1.345415
v -1.650186 58.296295 1.345415
v -1.650186 55.716682 2.778533
v -1.650186 54.406403 4.047865
v -1.650186 62.285797 10.533763
v -1.650186 62.235992 6.492363
v -1.650186 58.327667 10.533763
v -1.650186 58.311981 6.471890
v -2.469539 60.937370 9.189939
v -2.469539 60.887566 7.813332
v -1.904098 58.963341 7.144914
v -1.904098 58.979027 9.860739
v -1.904098 61.561783 7.152847
v -1.904098 61.611588 9.861851
v -2.491763 68.211761 8.596070
v -1.650186 68.211761 8.543797
v -1.650186 62.381172 8.513062
v -2.469539 61.113106 8.501636
v -1.904098 61.664940 8.507349
v -2.491763 52.617558 8.482380
v -1.650186 52.617558 8.523326
v -1.650186 58.194443 8.502827
v -2.469539 59.413956 8.502826
v -1.904098 58.886406 8.502826
v -2.491763 60.363693 16.241488
v -1.650186 60.363693 16.241488
v -1.650186 60.306732 10.585034
v -2.469539 60.283875 9.321524
v -1.904098 60.295303 9.894908
v -2.491763 60.241241 1.155410
v -1.650186 60.241241 1.155410
v -1.650186 60.273987 6.427006
v -2.469539 60.251129 7.678789
v -1.904098 60.262558 7.111269
v -2.447315 54.298546 13.443694
v -2.447315 55.629288 14.740323
v -2.447315 58.359039 16.036955
v -2.447315 62.368347 16.054016
v -2.447315 53.070160 10.509217
v -2.447315 53.070160 6.455542
v -2.447315 64.924072 14.644784
v -2.447315 66.316254 13.334504
v -2.447315 67.749374 10.572815
v -2.447315 67.749374 6.619325
v -2.447315 66.327621 3.965404
v -2.447315 64.929581 2.614748
v -2.447315 62.186188 1.345415
v -2.447315 58.296295 1.345415
v -2.447315 55.716682 2.778533
v -2.447315 54.406403 4.006919
v -3.288891 54.298546 13.443694
v -3.288891 55.629288 14.740323
v -3.288891 58.359039 16.036955
v -3.288891 62.368347 16.054016
v -3.288891 53.070160 10.550163
v -3.288891 53.070160 6.496488
v -3.288891 64.924072 14.644784
v -3.288891 66.316254 13.334504
v -3.288891 67.749374 10.550162
v -3.288891 67.749374 6.537433
v -3.288891 66.327621 3.965404
v -3.288891 64.929581 2.614748
v -3.288891 62.186188 1.345415
v -3.288891 58.296295 1.345415
v -3.288891 55.716682 2.778533
v -3.288891 54.406403 4.047865
v -3.288891 62.285797 10.533763
v -3.288891 62.235992 6.492363
v -3.288891 58.327667 10.533763
v -3.288891 58.311981 6.471890
v -3.034980 58.963341 7.144914
v -3.034980 58.979027 9.860739
v -3.034980 61.561783 7.152847
v -3.034980 61.611588 9.861851
v -2.447315 68.211761 8.596070
v -3.288891 68.211761 8.543797
v -3.288891 62.381172 8.513062
v -3.034980 61.664940 8.507349
v -2.447315 52.617558 8.482380
v -3.288891 52.617558 8.523326
v -3.288891 58.194443 8.502827
v -3.034980 58.886406 8.502826
v -2.447315 60.363693 16.241488
v -3.288891 60.363693 16.241488
v -3.288891 60.306732 10.585034
v -3.034980 60.295303 9.894908
v -2.447315 60.241241 1.155410
v -3.288891 60.241241 1.155410
v -3.288891 60.273987 6.427006
v -3.034980 60.262558 7.111269
vn -0.0000 -0.6979 0.7162
vn 0.0176 -0.6898 -0.7238
vn 0.0062 0.8884 0.4591
vn -0.0000 -0.4291 0.9033
vn 0.0233 -0.8776 -0.4789
vn -0.0180 0.9739 -0.2261
vn -0.0000 0.0931 0.9957
vn -0.0232 0.8782 -0.4778
vn -0.0094 -0.9214 0.3884
vn -0.0000 0.6948 -0.7192
vn 1.0000 -0.0000 -0.0000
vn -0.0000 0.4199 -0.9076
vn -0.0106 -0.9759 0.2179
vn -0.0000 -0.0972 -0.9953
vn -0.0000 0.4829 0.8757
vn -0.0000 -0.4856 -0.8742
vn -0.0000 0.6854 0.7282
vn 0.7459 0.6586 -0.0996
vn 0.7581 -0.6439 0.1036
vn 0.7540 -0.0547 -0.6546
vn 0.9374 -0.0114 0.3482
vn 0.7507 -0.0599 0.6579
vn 0.9384 -0.0088 -0.3454
vn 0.9427 -0.3328 0.0245
vn 0.9389 0.3435 -0.0229
vn 0.9415 -0.3366 -0.0148
vn 0.7530 -0.6540 -0.0733
vn 0.0101 0.9740 0.2261
vn 0.9384 0.3449 0.0198
vn 0.7439 0.6622 0.0900
vn 0.0106 -0.9759 -0.2179
vn 0.9384 0.0090 -0.3454
vn 0.7535 0.0559 -0.6550
vn -0.0000 -0.1015 0.9948
vn 0.7526 0.0585 0.6559
vn 0.9378 0.0084 0.3470
vn -0.0000 0.0972 -0.9953
vn -0.0176 -0.6898 -0.7238
vn -0.0062 0.8884 0.4591
vn -0.0233 -0.8776 -0.4789
vn 0.0180 0.9739 -0.2261
vn 0.0232 0.8782 -0.4778
vn 0.0094 -0.9214 0.3884
vn -1.0000 -0.0000 -0.0000
vn 0.0106 -0.9759 0.2179
vn -0.7459 0.6586 -0.0996
vn -0.7581 -0.6439 0.1036
vn -0.7540 -0.0547 -0.6546
vn -0.9374 -0.0114 0.3482
vn -0.7507 -0.0599 0.6579
vn -0.9384 -0.0088 -0.3454
vn -0.9427 -0.3328 0.0245
vn -0.9389 0.3435 -0.0229
vn -0.9415 -0.3366 -0.0148
vn -0.7530 -0.6540 -0.0733
vn -0.0101 0.9740 0.2261
vn -0.9384 0.3449 0.0198
vn -0.7439 0.6622 0.0900
vn -0.0106 -0.9759 -0.2179
vn -0.9384 0.0090 -0.3454
vn -0.7535 0.0559 -0.6550
vn -0.7526 0.0585 0.6559
vn -0.9378 0.0084 0.3470
vt 0.056068 0.085636
vt 0.033115 0.109193
vt 0.244862 0.110740
vt 0.222392 0.087545
vt 0.223117 0.087545
vt 0.058001 0.298372
vt 0.107289 0.323741
vt 0.106888 0.323741
vt 0.010162 0.157515
vt 0.179772 0.063891
vt 0.179047 0.063891
vt 0.141880 0.331927
vt 0.142806 0.331927
vt 0.178322 0.323741
vt 0.176872 0.323741
vt 0.006542 0.193001
vt 0.009860 0.228487
vt 0.223852 0.298574
vt 0.108014 0.063891
vt 0.107289 0.063891
vt 0.247761 0.273826
vt 0.107579 0.227026
vt 0.143350 0.228714
vt 0.270231 0.225262
vt 0.143893 0.055879
vt 0.143168 0.055879
vt 0.273594 0.190833
vt 0.270231 0.156404
vt 0.034806 0.273728
vt 0.106672 0.191992
vt 0.107579 0.156959
vt 0.143531 0.154601
vt 0.179120 0.226144
vt 0.180277 0.191413
vt 0.179482 0.156682
vt 0.143531 0.166850
vt 0.143531 0.176189
vt 0.131407 0.180020
vt 0.119493 0.168489
vt 0.143451 0.216035
vt 0.143552 0.206267
vt 0.155736 0.202274
vt 0.167428 0.214209
vt 0.118888 0.191790
vt 0.129038 0.191588
vt 0.131368 0.203156
vt 0.119473 0.215091
vt 0.168164 0.191210
vt 0.158118 0.191008
vt 0.167568 0.168212
vt 0.155655 0.179742
s 0
usemtl Material
f 1705/639/1323 1722/639/1323 1723/640/1323 1706/640/1323
f 1720/641/1324 1737/641/1324 1738/642/1324 1721/643/1324
f 1713/644/1325 1730/644/1325 1731/645/1325 1714/646/1325
f 1706/640/1326 1723/640/1326 1724/647/1326 1707/647/1326
f 1711/648/1327 1721/643/1327 1738/642/1327 1728/649/1327
f 1749/650/1328 1750/651/1328 1732/652/1328 1715/653/1328
f 1759/654/1329 1760/654/1329 1725/655/1329 1708/655/1329
f 1715/653/1330 1732/652/1330 1733/656/1330 1716/656/1330
f 1709/657/1331 1726/658/1331 1722/639/1331 1705/639/1331
f 1716/656/1332 1733/656/1332 1734/659/1332 1717/659/1332
f 1750/651/1333 1731/645/1333 1739/660/1333 1751/661/1333
f 1717/659/1334 1734/659/1334 1735/662/1334 1718/662/1334
f 1754/663/1335 1755/664/1335 1726/658/1335 1709/657/1335
f 1764/665/1336 1765/665/1336 1736/666/1336 1719/666/1336
f 1708/655/1337 1725/655/1337 1729/667/1337 1712/667/1337
f 1719/666/1338 1736/666/1338 1737/641/1338 1720/641/1338
f 1712/667/1339 1729/667/1339 1730/644/1339 1713/644/1339
f 1731/645/1333 1730/644/1333 1739/660/1333
f 1730/644/1333 1729/667/1333 1739/660/1333
f 1729/667/1333 1725/655/1333 1739/660/1333
f 1760/654/1333 1761/668/1333 1739/660/1333 1725/655/1333
f 1724/647/1333 1723/640/1333 1741/669/1333
f 1723/640/1333 1722/639/1333 1741/669/1333
f 1722/639/1333 1726/658/1333 1741/669/1333
f 1755/664/1333 1756/670/1333 1741/669/1333 1726/658/1333
f 1765/665/1333 1735/662/1333 1740/671/1333 1766/672/1333
f 1742/673/1333 1738/642/1333 1737/641/1333
f 1738/642/1333 1742/673/1333 1728/649/1333
f 1733/656/1333 1732/652/1333 1740/671/1333
f 1734/659/1333 1733/656/1333 1740/671/1333
f 1740/671/1333 1735/662/1333 1734/659/1333
f 1736/666/1333 1742/673/1333 1737/641/1333
f 1758/674/1340 1757/675/1340 1710/676/1340 1746/677/1340
f 1753/678/1341 1752/679/1341 1744/680/1341 1747/681/1341
f 1763/682/1342 1762/683/1342 1743/684/1342 1748/685/1342
f 1768/686/1343 1766/672/1343 1740/671/1343 1747/681/1343
f 1767/687/1344 1768/686/1344 1747/681/1344 1744/680/1344
f 1761/668/1345 1763/682/1345 1748/685/1345 1739/660/1345
f 1751/661/1346 1753/678/1346 1747/681/1346 1740/671/1346
f 1756/670/1347 1758/674/1347 1746/677/1347 1741/669/1347
f 1739/660/1348 1748/685/1348 1753/678/1348 1751/661/1348
f 1748/685/1349 1743/684/1349 1752/679/1349 1753/678/1349
f 1732/652/1333 1750/651/1333 1751/661/1333 1740/671/1333
f 1714/646/1350 1731/645/1350 1750/651/1350 1749/650/1350
f 1742/673/1351 1745/688/1351 1758/674/1351 1756/670/1351
f 1745/688/1352 1727/689/1352 1757/675/1352 1758/674/1352
f 1728/649/1333 1742/673/1333 1756/670/1333 1755/664/1333
f 1711/648/1353 1728/649/1353 1755/664/1353 1754/663/1353
f 1741/669/1354 1746/677/1354 1763/682/1354 1761/668/1354
f 1746/677/1355 1710/676/1355 1762/683/1355 1763/682/1355
f 1724/647/1333 1741/669/1333 1761/668/1333 1760/654/1333
f 1707/647/1356 1724/647/1356 1760/654/1356 1759/654/1356
f 1727/689/1357 1745/688/1357 1768/686/1357 1767/687/1357
f 1745/688/1358 1742/673/1358 1766/672/1358 1768/686/1358
f 1736/666/1333 1765/665/1333 1766/672/1333 1742/673/1333
f 1718/662/1359 1735/662/1359 1765/665/1359 1764/665/1359
f 1769/639/1323 1770/640/1323 1786/640/1323 1785/639/1323
f 1783/641/1360 1784/643/1360 1800/642/1360 1799/641/1360
f 1776/644/1361 1777/646/1361 1793/645/1361 1792/644/1361
f 1770/640/1326 1771/647/1326 1787/647/1326 1786/640/1326
f 1774/648/1362 1790/649/1362 1800/642/1362 1784/643/1362
f 1809/650/1363 1778/653/1363 1794/652/1363 1810/651/1363
f 1817/654/1329 1772/655/1329 1788/655/1329 1818/654/1329
f 1778/653/1364 1779/656/1364 1795/656/1364 1794/652/1364
f 1773/657/1365 1769/639/1365 1785/639/1365 1789/658/1365
f 1779/656/1332 1780/659/1332 1796/659/1332 1795/656/1332
f 1810/651/1366 1811/661/1366 1801/660/1366 1793/645/1366
f 1780/659/1334 1781/662/1334 1797/662/1334 1796/659/1334
f 1813/663/1367 1773/657/1367 1789/658/1367 1814/664/1367
f 1821/665/1336 1782/666/1336 1798/666/1336 1822/665/1336
f 1772/655/1337 1775/667/1337 1791/667/1337 1788/655/1337
f 1782/666/1338 1783/641/1338 1799/641/1338 1798/666/1338
f 1775/667/1339 1776/644/1339 1792/644/1339 1791/667/1339
f 1793/645/1366 1801/660/1366 1792/644/1366
f 1792/644/1366 1801/660/1366 1791/667/1366
f 1791/667/1366 1801/660/1366 1788/655/1366
f 1818/654/1366 1788/655/1366 1801/660/1366 1819/668/1366
f 1787/647/1366 1803/669/1366 1786/640/1366
f 1786/640/1366 1803/669/1366 1785/639/1366
f 1785/639/1366 1803/669/1366 1789/658/1366
f 1814/664/1366 1789/658/1366 1803/669/1366 1815/670/1366
f 1822/665/1366 1823/672/1366 1802/671/1366 1797/662/1366
f 1804/673/1366 1799/641/1366 1800/642/1366
f 1800/642/1366 1790/649/1366 1804/673/1366
f 1795/656/1366 1802/671/1366 1794/652/1366
f 1796/659/1366 1802/671/1366 1795/656/1366
f 1802/671/1366 1796/659/1366 1797/662/1366
f 1798/666/1366 1799/641/1366 1804/673/1366
f 1816/674/1368 1806/677/1368 1710/676/1368 1757/675/1368
f 1812/678/1369 1807/681/1369 1744/680/1369 1752/679/1369
f 1820/682/1370 1808/685/1370 1743/684/1370 1762/683/1370
f 1824/686/1371 1807/681/1371 1802/671/1371 1823/672/1371
f 1767/687/1372 1744/680/1372 1807/681/1372 1824/686/1372
f 1819/668/1373 1801/660/1373 1808/685/1373 1820/682/1373
f 1811/661/1374 1802/671/1374 1807/681/1374 1812/678/1374
f 1815/670/1375 1803/669/1375 1806/677/1375 1816/674/1375
f 1801/660/1376 1811/661/1376 1812/678/1376 1808/685/1376
f 1808/685/1377 1812/678/1377 1752/679/1377 1743/684/1377
f 1794/652/1366 1802/671/1366 1811/661/1366 1810/651/1366
f 1777/646/1378 1809/650/1378 1810/651/1378 1793/645/1378
f 1804/673/1379 1815/670/1379 1816/674/1379 1805/688/1379
f 1805/688/1380 1816/674/1380 1757/675/1380 1727/689/1380
f 1790/649/1366 1814/664/1366 1815/670/1366 1804/673/1366
f 1774/648/1381 1813/663/1381 1814/664/1381 1790/649/1381
f 1803/669/1382 1819/668/1382 1820/682/1382 1806/677/1382
f 1806/677/1383 1820/682/1383 1762/683/1383 1710/676/1383
f 1787/647/1366 1818/654/1366 1819/668/1366 1803/669/1366
f 1771/647/1356 1817/654/1356 1818/654/1356 1787/647/1356
f 1727/689/1384 1767/687/1384 1824/686/1384 1805/688/1384
f 1805/688/1385 1824/686/1385 1823/672/1385 1804/673/1385
f 1798/666/1366 1804/673/1366 1823/672/1366 1822/665/1366
f 1781/662/1359 1821/665/1359 1822/665/1359 1797/662/1359
