# Blender 5.2.2 LTS
# www.blender.org
mtllib rose_keyblade.mtl
o Plane.001
v -0.404698 14.636047 0.415216
v 0.527355 11.357964 2.824906
v -0.403086 17.394375 -1.523884
v 0.755124 9.974674 2.085812
v 0.762476 9.421597 5.551446
v 0.764117 7.750465 4.855226
v 0.748230 8.560093 9.069780
v 0.752852 5.594658 8.380070
v -0.697323 8.945976 15.699758
v -0.692891 6.348217 16.931007
v -0.459039 2.920147 15.493862
v -0.691432 0.698334 24.030293
v -1.313783 4.003792 19.830563
v -0.423296 3.950794 11.929518
v 0.716656 10.602852 10.406866
v -0.727069 11.741135 15.074341
v 0.717700 9.178856 10.486666
v -0.710982 9.782974 15.520798
v 0.736645 16.117977 7.529693
v -1.146290 17.640270 15.570691
v 0.735748 14.885170 8.132887
v -0.679650 16.704803 18.222012
v -1.135803 15.067989 16.107344
v 0.695012 13.731880 8.657923
v 0.690851 14.109188 8.405936
v -0.659968 15.765308 16.744381
v 0.765691 19.056892 4.519412
v 0.757605 20.075985 6.693550
v 0.772396 22.018173 0.539526
v 0.772532 22.685257 0.649705
v 0.773674 25.694147 -4.404021
v 0.770479 27.844734 -4.331316
v 0.445203 28.644833 -6.872690
v -0.067357 31.835575 -6.660808
v 0.770745 14.387348 -0.224027
v 0.767754 11.189930 -2.709931
v 0.772358 17.145676 1.715073
v 0.768508 9.851685 -2.012984
v 0.762929 9.395653 -5.548094
v 0.764459 7.728001 -4.852323
v 0.748230 8.560093 -9.069777
v 0.752852 5.594658 -8.380066
v -0.697323 8.945976 -15.699754
v -0.692891 6.348217 -16.931004
v -0.459039 2.920147 -15.493858
v -0.691432 0.698334 -24.030289
v -1.313783 4.003792 -19.830559
v -0.423296 3.950794 -11.929514
v 0.716656 10.602852 -10.406862
v -0.727069 11.741135 -15.074336
v 0.717700 9.178856 -10.486662
v -0.710982 9.782974 -15.520794
v 0.736087 16.123226 -7.527660
v -1.149587 17.651653 -15.565829
v 0.739139 14.847561 -8.138869
v -0.604761 16.665047 -18.227831
v -1.129052 15.088985 -16.106251
v 0.700431 13.751720 -8.656714
v 0.669520 14.057888 -8.413147
v -0.750117 15.685699 -16.754864
v 0.765691 19.056892 -4.519409
v 0.757605 20.075985 -6.693547
v 0.772396 22.018173 -0.539523
v 0.772532 22.685257 -0.649702
v 0.773636 25.692345 4.406884
v 0.770141 27.839647 4.339645
v 0.398277 28.533220 7.048873
v -0.054798 31.873016 7.145555
v -1.426242 27.115019 9.913332
v -1.465881 28.669268 7.962368
v 0.911036 33.255241 -9.025981
v -1.113386 14.387489 0.223409
v -0.220427 11.189999 2.709055
v -1.111773 17.145809 -1.715691
v -0.006611 9.851723 2.011976
v -0.012189 9.395519 5.546513
v -0.010659 7.727852 4.850694
v -0.021280 8.568298 8.977050
v -0.017885 5.613457 8.299938
v -1.453188 8.992294 15.534429
v -1.452452 6.441303 16.807669
v -1.192382 2.683823 15.409199
v -1.424775 0.462009 23.945631
v -2.067622 3.849026 19.737907
v -1.183222 4.056618 11.819405
v -0.030211 10.553009 10.205583
v -1.474263 11.690048 14.874581
v -0.027163 9.250450 10.284519
v -1.456773 9.836864 15.316587
v -0.020123 15.996059 7.414590
v -1.877085 17.397781 15.481536
v -0.024328 14.779778 8.023397
v -1.430397 16.540138 18.121637
v -1.847444 15.297798 15.903473
v -0.026870 13.927364 8.454249
v -0.025665 14.352985 8.238665
v -1.391478 15.969292 16.589155
v -0.007674 19.047310 4.468173
v -0.010995 20.057400 6.594967
v -0.002724 22.018181 0.538761
v -0.002587 22.685303 0.649187
v -0.000987 25.676245 -4.384273
v -0.000824 27.793205 -4.274323
v -0.326079 28.567801 -6.873559
v -0.790866 31.735373 -6.920241
v -0.004374 14.387489 -0.223405
v -0.007365 11.189999 -2.709052
v -0.002762 17.145809 1.715694
v -0.006611 9.851723 -2.011972
v -0.012189 9.395519 -5.546509
v -0.010659 7.727852 -4.850690
v -0.021280 8.568298 -8.977046
v -0.017885 5.613457 -8.299934
v -1.453188 8.992294 -15.534425
v -1.452452 6.441303 -16.807665
v -1.192382 2.683823 -15.409195
v -1.424775 0.462009 -23.945627
v -2.067622 3.849026 -19.737904
v -1.183222 4.056618 -11.819401
v -0.030211 10.553009 -10.205579
v -1.474263 11.690048 -14.874578
v -0.027163 9.250450 -10.284515
v -1.456773 9.836864 -15.316584
v -0.020123 15.996059 -7.414587
v -1.877085 17.397781 -15.481532
v -0.024328 14.779778 -8.023394
v -1.362343 16.540138 -18.121634
v -1.847444 15.297798 -15.903469
v -0.026870 13.927364 -8.454246
v -0.025665 14.352985 -8.238661
v -1.452205 15.969292 -16.589151
v -0.007674 19.047310 -4.468170
v -0.010995 20.057400 -6.594965
v -0.002724 22.018181 -0.538758
v -0.002587 22.685303 -0.649184
v -0.000987 25.676245 4.384275
v -0.000824 27.793205 4.274325
v -0.355965 28.567801 6.873561
v -0.790866 31.963846 6.920243
v -2.093878 27.329760 9.583243
v -2.133517 28.884008 7.632279
v 0.225184 33.149517 -9.371291
v -3.245645 14.636047 0.415214
v -4.177699 11.357964 2.824904
v -3.247258 17.394375 -1.523885
v -4.405468 9.974674 2.085810
v -4.412820 9.421597 5.551444
v -4.414461 7.750465 4.855223
v -4.398573 8.560093 9.069777
v -4.403196 5.594658 8.380067
v -2.953020 8.945976 15.699756
v -2.957453 6.348217 16.931005
v -3.191306 2.920147 15.493859
v -2.958913 0.698334 24.030291
v -2.336561 4.003792 19.830561
v -3.227049 3.950794 11.929516
v -4.367000 10.602852 10.406864
v -2.923274 11.741135 15.074338
v -4.368044 9.178856 10.486663
v -2.939362 9.782974 15.520796
v -4.390621 16.039867 7.558403
v -2.529258 17.465462 15.638682
v -4.369287 14.951580 8.160667
v -2.036279 16.690430 18.264467
v -2.548000 15.208336 16.097460
v -4.370897 13.859432 8.648039
v -4.376439 14.474461 8.383269
v -2.640403 16.197491 16.708706
v -4.416034 19.056892 4.519411
v -4.407948 20.075985 6.693548
v -4.422739 22.018173 0.539524
v -4.422875 22.685257 0.649704
v -4.424028 25.693407 -4.404246
v -4.420893 27.842741 -4.332112
v -4.054755 28.697664 -7.097898
v -3.498555 32.056946 -7.348870
v -1.630638 31.294329 -9.275470
v -2.433323 31.667910 -8.297437
v 0.035344 34.255234 -9.568606
v -0.994300 32.461555 -8.571623
v -4.421089 14.387348 -0.224029
v -4.418098 11.189930 -2.709933
v -4.422701 17.145676 1.715071
v -4.418851 9.851685 -2.012986
v -4.413273 9.395653 -5.548095
v -4.414803 7.728001 -4.852325
v -4.398573 8.560093 -9.069778
v -4.403196 5.594658 -8.380068
v -2.953020 8.945976 -15.699757
v -2.957453 6.348217 -16.931005
v -3.191306 2.920147 -15.493860
v -2.958913 0.698334 -24.030291
v -2.336561 4.003792 -19.830561
v -3.227049 3.950794 -11.929517
v -4.367000 10.602852 -10.406865
v -2.923274 11.741135 -15.074338
v -4.368044 9.178856 -10.486664
v -2.939362 9.782974 -15.520797
v -4.390621 16.039867 -7.558403
v -2.529258 17.465462 -15.638681
v -4.369287 14.951580 -8.160666
v -2.036279 16.690430 -18.264467
v -2.548000 15.208336 -16.097460
v -4.370897 13.859432 -8.648039
v -4.376439 14.474461 -8.383268
v -2.640403 16.197491 -16.708706
v -4.416034 19.056892 -4.519411
v -4.407948 20.075985 -6.693548
v -4.422739 22.018173 -0.539524
v -4.422875 22.685257 -0.649704
v -4.423406 25.685400 4.423925
v -4.415815 27.819536 4.387938
v -3.830277 28.611198 7.129584
v -3.498188 32.020576 7.355720
v -1.624402 31.274956 9.304288
v -2.444710 31.640825 8.293739
v 0.035344 34.255234 9.568606
v -0.994300 32.461555 8.571622
v -2.321704 29.009056 -10.470229
v -0.022591 31.137163 -12.531593
v -2.536958 14.387489 0.223407
v -3.429917 11.189999 2.709053
v -2.538570 17.145809 -1.715693
v -3.643733 9.851723 2.011974
v -3.638155 9.395519 5.546512
v -3.639685 7.727852 4.850691
v -3.629065 8.568298 8.977048
v -3.632459 5.613457 8.299936
v -2.197156 8.992294 15.534426
v -2.197892 6.441303 16.807667
v -2.457963 2.683823 15.409197
v -2.225569 0.462009 23.945627
v -1.582722 3.849026 19.737906
v -2.467123 4.056618 11.819402
v -3.620133 10.553009 10.205580
v -2.176081 11.690048 14.874579
v -3.623181 9.250450 10.284516
v -2.193571 9.836864 15.316585
v -3.630221 15.996059 7.414588
v -1.773259 17.397781 15.481534
v -3.626016 14.779778 8.023396
v -1.289405 16.540138 18.121635
v -1.802900 15.297798 15.903471
v -3.623474 13.927364 8.454247
v -3.624679 14.352985 8.238663
v -1.909347 15.969292 16.589153
v -3.642669 19.047310 4.468172
v -3.639348 20.057400 6.594966
v -3.647620 22.018181 0.538760
v -3.647756 22.685303 0.649185
v -3.649356 25.676245 -4.384274
v -3.649519 27.793205 -4.274324
v -3.324263 28.567801 -6.873560
v -2.859477 31.963846 -6.920242
v -1.025150 30.950491 -8.934925
v -1.862188 31.478271 -7.808915
v 0.611691 33.790627 -9.338880
v -0.417953 31.996946 -8.341896
v -3.645969 14.387489 -0.223407
v -3.642979 11.189999 -2.709054
v -3.647582 17.145809 1.715693
v -3.643733 9.851723 -2.011975
v -3.638155 9.395519 -5.546511
v -3.639685 7.727852 -4.850692
v -3.629065 8.568298 -8.977049
v -3.632459 5.613457 -8.299937
v -2.197156 8.992294 -15.534427
v -2.197892 6.441303 -16.807667
v -2.457963 2.683823 -15.409198
v -2.225569 0.462009 -23.945629
v -1.582722 3.849026 -19.737906
v -2.467123 4.056618 -11.819403
v -3.620133 10.553009 -10.205581
v -2.176081 11.690048 -14.874579
v -3.623181 9.250450 -10.284517
v -2.193571 9.836864 -15.316586
v -3.630221 15.996059 -7.414588
v -1.773259 17.397781 -15.481533
v -3.626016 14.779778 -8.023395
v -1.289405 16.540138 -18.121635
v -1.802900 15.297798 -15.903471
v -3.623474 13.927364 -8.454247
v -3.624679 14.352985 -8.238663
v -1.909347 15.969292 -16.589153
v -3.642669 19.047310 -4.468172
v -3.639348 20.057400 -6.594966
v -3.647620 22.018181 -0.538760
v -3.647756 22.685303 -0.649186
v -3.649356 25.676245 4.384274
v -3.649519 27.793205 4.274324
v -3.099949 28.567801 6.873560
v -2.859477 31.963846 6.920242
v -1.025150 30.950491 8.934924
v -1.862188 31.478271 7.808914
v 0.611691 33.790627 9.338880
v -0.417953 31.996946 8.341895
v -1.702363 28.660353 -10.160982
v 0.596749 30.788460 -12.222347
v -0.235365 79.162193 3.863698
v -0.235365 79.870972 3.863698
v -0.235365 79.162193 3.270996
v -0.235365 79.870972 3.270996
v 1.821083 79.162193 3.863698
v 1.821083 79.870972 3.863698
v 1.821083 79.162193 3.270996
v 1.821083 79.870972 3.270996
v 2.188809 79.870972 3.270996
v 2.188809 79.162193 3.270996
v 2.188809 79.162193 3.863698
v 2.188809 79.870972 3.863698
v 1.821083 76.731339 3.863698
v 1.821083 76.731339 3.270996
v 2.188809 76.731339 3.863698
v 2.188809 76.731339 3.270996
v 2.188809 77.285431 3.863698
v 2.188809 77.285431 3.270996
v 1.821083 77.285431 3.270996
v 1.821083 77.285431 3.863698
v -0.197253 76.731339 3.863698
v -0.197253 76.731339 3.270996
v -0.197253 77.285431 3.270996
v -0.197253 77.285431 3.863698
v -0.293529 74.858658 3.987707
v -0.293529 75.335182 3.987707
v -0.293529 74.858658 3.286541
v -0.293529 75.335182 3.286541
v 1.762918 74.858658 3.987707
v 1.762918 75.335182 3.987707
v 1.762918 74.858658 3.286541
v 1.762918 75.335182 3.286541
v 2.130645 75.335182 3.286541
v 2.130645 74.989967 3.286541
v 2.130645 74.989967 3.987707
v 2.130645 75.335182 3.987707
v 1.762918 72.802055 3.987707
v 1.762918 72.802055 3.286541
v 2.130645 72.802055 3.987707
v 2.130645 72.802055 3.286541
v 2.130645 73.300774 3.987707
v 2.130645 73.300774 3.286541
v 1.762918 73.227600 3.286541
v 1.762918 73.227600 3.987707
v -0.255418 72.802055 3.987707
v -0.255418 72.802055 3.286541
v -0.255418 73.227600 3.286541
v -0.255418 73.227600 3.987707
v -0.235365 79.162201 2.531046
v -0.235365 79.870972 2.531046
v -0.235365 79.162201 1.938345
v -0.235365 79.870972 1.938345
v 1.821083 79.162201 2.531046
v 1.821083 79.870972 2.531046
v 1.821083 79.162201 1.938345
v 1.821083 79.870972 1.938345
v 2.188809 79.870972 1.938345
v 2.188809 79.162201 1.938345
v 2.188809 79.162201 2.531046
v 2.188809 79.870972 2.531046
v 1.821083 76.731339 2.531046
v 1.821083 76.731339 1.938345
v 2.188809 76.731339 2.531046
v 2.188809 76.731339 1.938345
v 2.188809 77.285431 2.531046
v 2.188809 77.285431 1.938345
v 1.821083 77.285431 1.938345
v 1.821083 77.285431 2.531046
v -0.197253 76.731339 2.531046
v -0.197253 76.731339 1.938345
v -0.197253 77.285431 1.938345
v -0.197253 77.285431 2.531046
v -0.293529 74.858658 2.514551
v -0.293529 75.335182 2.514551
v -0.293529 74.858658 1.813385
v -0.293529 75.335182 1.813385
v 1.762918 74.858658 2.514551
v 1.762918 75.335182 2.514551
v 1.762918 74.858658 1.813385
v 1.762918 75.335182 1.813385
v 2.130645 75.335182 1.813385
v 2.130645 74.989967 1.813385
v 2.130645 74.989967 2.514551
v 2.130645 75.335182 2.514551
v 1.762918 72.802055 2.514552
v 1.762918 72.802055 1.813385
v 2.130645 72.802055 2.514552
v 2.130645 72.802055 1.813385
v 2.130645 73.300774 2.514552
v 2.130645 73.300774 1.813385
v 1.762918 73.227600 1.813385
v 1.762918 73.227600 2.514552
v -0.255418 72.802055 2.514552
v -0.255418 72.802055 1.813385
v -0.255418 73.227600 1.813385
v -0.255418 73.227600 2.514552
v -2.275973 -0.416176 1.369211
v -2.239927 2.147736 1.183126
v -2.275973 -0.416176 -1.496113
v -2.239927 2.147736 -1.496047
v -1.166315 -0.416176 1.369211
v -1.202361 2.147736 1.183126
v -1.166315 -0.416176 -1.496113
v -1.202361 2.147736 -1.496047
v -2.211692 0.962112 1.153227
v -2.211692 0.962112 -1.380128
v -1.230597 0.962112 -1.380128
v -1.230597 0.962112 1.153227
v -2.318008 -3.578484 1.477754
v -2.318008 -3.578484 -1.604656
v -1.124280 -3.578484 1.477754
v -1.124280 -3.578484 -1.604656
v -2.420602 -5.438663 1.742667
v -2.420602 -5.438663 -1.869569
v -1.021687 -5.438663 1.742667
v -1.021687 -5.438663 -1.869569
v -2.772349 -6.833797 2.650939
v -2.772349 -6.833797 -2.777841
v -0.669939 -6.833797 2.650939
v -0.669939 -6.833797 -2.777841
v -2.316143 -8.600975 1.472937
v -2.316143 -8.600975 -1.599839
v -1.126146 -8.600975 1.472937
v -1.126146 -8.600975 -1.599839
v -1.960730 -9.252037 0.555200
v -1.960730 -9.252037 -0.682102
v -1.481558 -9.252037 0.555200
v -1.481558 -9.252037 -0.682102
v -3.277452 74.341362 1.093455
v -3.277452 35.585388 1.093455
v -3.277452 74.341362 6.031788
v -3.277452 35.585388 6.031788
v -2.143576 74.341362 1.093455
v -2.143576 35.585388 1.093455
v -2.143576 74.341362 6.031788
v -2.143576 35.585388 6.031788
v -3.277452 96.038528 1.093455
v -3.277452 96.038528 6.031788
v -2.143576 96.038528 1.093455
v -2.143576 96.038528 6.031788
v -3.277452 20.316998 2.097954
v -3.277452 20.316998 5.696956
v -2.143576 20.316998 2.097954
v -2.143576 20.316998 5.696956
v -2.143576 26.201689 0.187688
v -2.143576 26.201689 6.031788
v -3.277452 26.201689 6.031788
v -3.277452 26.201689 0.187688
v -2.143576 28.570839 6.031787
v -3.277452 28.570839 1.056060
v -2.143576 28.570839 1.056060
v -3.277452 28.570839 6.031787
v -2.143576 22.158894 1.384200
v -3.277452 21.837452 7.478266
v -2.143576 21.837452 7.478266
v -3.277452 22.158894 1.384200
v -2.143576 24.019571 6.112148
v -3.277452 24.180290 0.676309
v -2.143576 24.180290 0.676309
v -3.277452 24.019571 6.112148
v -3.277452 17.303501 2.209565
v -3.277452 16.187401 4.804068
v -2.143576 17.303501 2.209565
v -2.143576 16.187401 4.804068
v -3.277452 9.937180 2.097954
v -3.277452 7.370129 5.585344
v -2.143576 9.937180 2.097954
v -2.143576 7.370129 5.585344
v -2.143576 11.778759 4.859872
v -3.277452 11.778759 4.859872
v -2.143576 13.620350 2.153760
v -3.277452 13.620350 2.153760
v -3.505985 10.454571 1.395068
v -3.505985 6.852734 6.288230
v -1.915043 10.454571 1.395068
v -1.915043 6.852734 6.288230
v -3.118909 6.477936 0.880407
v -3.118909 4.628754 3.392555
v -2.302119 6.477936 0.880407
v -2.302119 4.628754 3.392555
v -2.075309 5.665424 4.942727
v -3.345719 5.665424 4.942727
v -2.075309 8.541584 1.035404
v -3.345719 8.541584 1.035404
v -1.723668 6.670509 0.000000
v -1.723668 4.436188 3.654165
v -3.203967 6.670509 0.000000
v -3.203967 4.436188 3.654165
v -1.723668 0.570915 0.000000
v -3.203967 0.570915 0.000000
v -3.277452 74.341362 -1.093455
v -3.277452 35.585388 -1.093455
v -3.277452 74.341362 -6.031787
v -3.277452 35.585388 -6.031788
v -2.143576 74.341362 -1.093455
v -2.143576 35.585388 -1.093455
v -2.143576 74.341362 -6.031787
v -2.143576 35.585388 -6.031788
v -3.277452 96.038528 -1.093455
v -3.277452 96.038528 -6.031788
v -2.143576 96.038528 -1.093455
v -2.143576 96.038528 -6.031788
v -3.277452 20.316998 -2.097953
v -3.277452 20.316998 -5.696955
v -2.143576 20.316998 -2.097953
v -2.143576 20.316998 -5.696955
v -2.143576 26.201689 -0.187688
v -2.143576 26.201689 -6.031787
v -3.277452 26.201689 -6.031787
v -3.277452 26.201689 -0.187688
v -2.143576 28.570839 -6.031788
v -3.277452 28.570839 -1.056059
v -2.143576 28.570839 -1.056059
v -3.277452 28.570839 -6.031788
v -2.143576 22.158894 -1.384199
v -3.277452 21.837452 -7.478265
v -2.143576 21.837452 -7.478265
v -3.277452 22.158894 -1.384199
v -2.143576 24.019571 -6.112147
v -3.277452 24.180290 -0.676308
v -2.143576 24.180290 -0.676308
v -3.277452 24.019571 -6.112147
v -3.277452 17.303501 -2.209564
v -3.277452 16.187401 -4.804067
v -2.143576 17.303501 -2.209564
v -2.143576 16.187401 -4.804067
v -3.277452 9.937180 -2.097954
v -3.277452 7.370129 -5.585343
v -2.143576 9.937180 -2.097954
v -2.143576 7.370129 -5.585343
v -2.143576 11.778759 -4.859872
v -3.277452 11.778759 -4.859872
v -2.143576 13.620350 -2.153759
v -3.277452 13.620350 -2.153759
v -3.505985 10.454571 -1.395068
v -3.505985 6.852734 -6.288230
v -1.915043 10.454571 -1.395068
v -1.915043 6.852734 -6.288230
v -3.118909 6.477936 -0.880407
v -3.118909 4.628754 -3.392555
v -2.302119 6.477936 -0.880407
v -2.302119 4.628754 -3.392555
v -2.075309 5.665424 -4.942726
v -3.345719 5.665424 -4.942726
v -2.075309 8.541584 -1.035404
v -3.345719 8.541584 -1.035404
v -1.723668 4.436188 -3.654164
v -3.203967 4.436188 -3.654164
v -3.277452 74.341362 1.093455
v -3.277452 35.585388 1.093455
v -3.277452 74.341362 6.031788
v -3.277452 35.585388 6.031788
v -2.143576 74.341362 1.093455
v -2.143576 35.585388 1.093455
v -2.143576 74.341362 6.031788
v -2.143576 35.585388 6.031788
v -3.277452 96.038528 1.093455
v -3.277452 96.038528 6.031788
v -2.143576 96.038528 1.093455
v -2.143576 96.038528 6.031788
v -3.277452 20.316998 2.097954
v -3.277452 20.316998 5.696956
v -2.143576 20.316998 2.097954
v -2.143576 20.316998 5.696956
v -2.143576 26.201689 0.187688
v -2.143576 26.201689 6.031788
v -3.277452 26.201689 6.031788
v -3.277452 26.201689 0.187688
v -2.143576 28.570839 6.031787
v -3.277452 28.570839 1.056060
v -2.143576 28.570839 1.056060
v -3.277452 28.570839 6.031787
v -2.143576 22.158894 1.384200
v -3.277452 21.837452 7.478266
v -2.143576 21.837452 7.478266
v -3.277452 22.158894 1.384200
v -2.143576 24.019571 6.112148
v -3.277452 24.180290 0.676309
v -2.143576 24.180290 0.676309
v -3.277452 24.019571 6.112148
v -3.277452 17.303501 2.209565
v -3.277452 16.187401 4.804068
v -2.143576 17.303501 2.209565
v -2.143576 16.187401 4.804068
v -3.277452 9.937180 2.097954
v -3.277452 7.370129 5.585344
v -2.143576 9.937180 2.097954
v -2.143576 7.370129 5.585344
v -2.143576 11.778759 4.859872
v -3.277452 11.778759 4.859872
v -2.143576 13.620350 2.153760
v -3.277452 13.620350 2.153760
v -3.505985 10.454571 1.395068
v -3.505985 6.852734 6.288230
v -1.915043 10.454571 1.395068
v -1.915043 6.852734 6.288230
v -3.118909 6.477936 0.880407
v -3.118909 4.628754 3.392555
v -2.302119 6.477936 0.880407
v -2.302119 4.628754 3.392555
v -2.075309 5.665424 4.942727
v -3.345719 5.665424 4.942727
v -2.075309 8.541584 1.035404
v -3.345719 8.541584 1.035404
v -1.723668 6.670509 0.000000
v -1.723668 4.436188 3.654165
v -3.203967 6.670509 0.000000
v -3.203967 4.436188 3.654165
v -1.723668 0.570915 0.000000
v -3.203967 0.570915 0.000000
v -3.277452 74.341362 -1.093455
v -3.277452 35.585388 -1.093455
v -3.277452 74.341362 -6.031787
v -3.277452 35.585388 -6.031788
v -2.143576 74.341362 -1.093455
v -2.143576 35.585388 -1.093455
v -2.143576 74.341362 -6.031787
v -2.143576 35.585388 -6.031788
v -3.277452 96.038528 -1.093455
v -3.277452 96.038528 -6.031788
v -2.143576 96.038528 -1.093455
v -2.143576 96.038528 -6.031788
v -3.277452 20.316998 -2.097953
v -3.277452 20.316998 -5.696955
v -2.143576 20.316998 -2.097953
v -2.143576 20.316998 -5.696955
v -2.143576 26.201689 -0.187688
v -2.143576 26.201689 -6.031787
v -3.277452 26.201689 -6.031787
v -3.277452 26.201689 -0.187688
v -2.143576 28.570839 -6.031788
v -3.277452 28.570839 -1.056059
v -2.143576 28.570839 -1.056059
v -3.277452 28.570839 -6.031788
v -2.143576 22.158894 -1.384199
v -3.277452 21.837452 -7.478265
v -2.143576 21.837452 -7.478265
v -3.277452 22.158894 -1.384199
v -2.143576 24.019571 -6.112147
v -3.277452 24.180290 -0.676308
v -2.143576 24.180290 -0.676308
v -3.277452 24.019571 -6.112147
v -3.277452 17.303501 -2.209564
v -3.277452 16.187401 -4.804067
v -2.143576 17.303501 -2.209564
v -2.143576 16.187401 -4.804067
v -3.277452 9.937180 -2.097954
v -3.277452 7.370129 -5.585343
v -2.143576 9.937180 -2.097954
v -2.143576 7.370129 -5.585343
v -2.143576 11.778759 -4.859872
v -3.277452 11.778759 -4.859872
v -2.143576 13.620350 -2.153759
v -3.277452 13.620350 -2.153759
v -3.505985 10.454571 -1.395068
v -3.505985 6.852734 -6.288230
v -1.915043 10.454571 -1.395068
v -1.915043 6.852734 -6.288230
v -3.118909 6.477936 -0.880407
v -3.118909 4.628754 -3.392555
v -2.302119 6.477936 -0.880407
v -2.302119 4.628754 -3.392555
v -2.075309 5.665424 -4.942726
v -3.345719 5.665424 -4.942726
v -2.075309 8.541584 -1.035404
v -3.345719 8.541584 -1.035404
v -1.723668 4.436188 -3.654164
v -3.203967 4.436188 -3.654164
v -2.607073 4.711647 4.673252
v -2.607073 7.521751 4.673251
v -2.803958 4.786850 3.665731
v -2.803958 8.160336 3.665731
v -0.642992 4.711647 4.673252
v -0.642992 7.521751 4.673251
v -0.446106 4.786850 3.665731
v -0.446106 8.160336 3.665731
v -2.607073 3.926464 5.924148
v -2.607073 7.307610 5.924148
v -0.642992 7.307610 5.924148
v -0.642992 3.926464 5.924148
v -2.607073 3.926464 10.114648
v -2.607073 7.307610 9.176476
v -0.642992 7.307610 9.176476
v -0.642992 3.926464 10.114648
v -2.607073 1.356777 6.924864
v -0.642992 1.356777 6.924864
v -2.607073 1.356777 10.865186
v -0.642992 1.356777 10.865186
v -2.607073 -0.713234 7.675402
v -0.642992 -0.713234 7.675402
v -2.607073 -0.713234 11.615724
v -0.642992 -0.713234 11.615724
v -2.607073 -2.069458 7.988127
v -0.642992 -2.069458 7.988127
v -2.607073 -2.069458 12.178627
v -0.642992 -2.069458 12.178627
v -2.607073 -3.568439 8.300851
v -0.642992 -3.568439 8.300851
v -2.607073 -3.497063 12.491351
v -0.642992 -3.497063 12.491351
v -2.607073 -7.922630 10.177196
v -0.642992 -7.922630 10.177196
v -2.607073 -7.922630 14.242607
v -0.642992 -7.922630 14.242607
v -2.607073 -4.460697 9.457930
v -2.607073 -4.460697 13.054256
v -0.642992 -4.460697 13.054256
v -0.642992 -4.460697 9.457930
v -2.607073 -15.917198 10.615007
v -0.642992 -15.917198 10.615007
v -2.607073 -17.773079 14.242606
v -0.642992 -17.773079 14.242606
v -2.607073 -16.202728 18.182928
v -0.642992 -16.202728 18.182928
v -2.607073 -21.056572 20.434540
v -0.642992 -21.056572 20.434540
v -2.607073 -8.136768 9.239021
v -0.642992 -8.136768 9.239021
v -2.607073 -15.060646 8.863753
v -0.642992 -15.060646 8.863753
v -0.642992 -16.014069 14.242606
v -0.642992 -14.489601 10.615007
v -2.607073 -14.489601 10.615007
v -2.607073 -16.014069 14.242606
v -0.642992 -20.189812 20.032469
v -2.607073 -20.189812 20.032469
v -0.642992 -13.633041 9.364111
v -2.607073 -13.633041 9.364111
v -2.607073 -7.054691 9.996869
v -2.607073 -7.054691 13.944675
v -0.642992 -7.054691 13.944675
v -0.642992 -7.054691 9.996869
v -2.607073 -8.136768 7.237590
v -0.642992 -8.136768 7.237590
v -0.642992 -11.134735 7.362679
v -2.607073 -11.134735 7.362679
v -0.642992 -11.812859 8.363394
v -0.642992 -8.350910 8.238307
v -2.607073 -8.350910 8.238307
v -2.607073 -11.812859 8.363394
v -2.607073 -7.708488 6.111784
v -0.642992 -7.708488 6.111784
v -0.642992 -10.920593 6.049238
v -2.607073 -10.920593 6.049238
v -2.607073 -7.708488 2.421641
v -0.642992 -7.708488 2.421641
v -0.642992 -12.776482 2.921998
v -2.607073 -12.776482 2.921998
v -2.607073 -5.210186 5.892877
v -2.607073 -11.206116 4.329256
v -0.642992 -5.210186 5.892877
v -0.642992 -11.206116 4.329256
v -2.607073 -9.064713 0.035279
v -0.642992 -9.064713 0.035279
v -0.642992 -14.132698 0.035279
v -2.607073 -14.132698 0.035279
v -0.642992 -22.412788 2.609275
v -2.607073 -22.412788 2.609275
v -0.642992 -28.194595 0.035279
v -2.607073 -28.194595 0.035279
v -2.607073 -16.309799 4.829615
v -0.642992 -16.309799 4.829615
v -0.642992 -21.163651 0.035279
v -2.607073 -21.163651 0.035279
v -0.642992 -14.366478 2.904798
v -0.642992 -17.296631 0.035279
v -2.607073 -17.296631 0.035279
v -2.607073 -14.366478 2.904798
v -2.607073 4.711647 -4.602694
v -2.607073 7.521751 -4.602694
v -2.803958 4.786850 -3.595172
v -2.803958 8.160336 -3.595172
v -0.642992 4.711647 -4.602694
v -0.642992 7.521751 -4.602694
v -0.446106 4.786850 -3.595172
v -0.446106 8.160336 -3.595172
v -2.607073 3.926464 -5.853589
v -2.607073 7.307610 -5.853589
v -0.642992 7.307610 -5.853589
v -0.642992 3.926464 -5.853589
v -2.607073 3.926464 -10.044089
v -2.607073 7.307610 -9.105918
v -0.642992 7.307610 -9.105918
v -0.642992 3.926464 -10.044089
v -2.607073 1.356777 -6.854306
v -0.642992 1.356777 -6.854306
v -2.607073 1.356777 -10.794627
v -0.642992 1.356777 -10.794627
v -2.607073 -0.713234 -7.604844
v -0.642992 -0.713234 -7.604844
v -2.607073 -0.713234 -11.545164
v -0.642992 -0.713234 -11.545164
v -2.607073 -2.069458 -7.917568
v -0.642992 -2.069458 -7.917568
v -2.607073 -2.069458 -12.108069
v -0.642992 -2.069458 -12.108069
v -2.607073 -3.568439 -8.230292
v -0.642992 -3.568439 -8.230292
v -2.607073 -3.497063 -12.420794
v -0.642992 -3.497063 -12.420794
v -2.607073 -7.922630 -10.106637
v -0.642992 -7.922630 -10.106637
v -2.607073 -7.922630 -14.172047
v -0.642992 -7.922630 -14.172047
v -2.607073 -4.460697 -9.387371
v -2.607073 -4.460697 -12.983696
v -0.642992 -4.460697 -12.983696
v -0.642992 -4.460697 -9.387371
v -2.607073 -15.917198 -10.544450
v -0.642992 -15.917198 -10.544450
v -2.607073 -17.773079 -14.172049
v -0.642992 -17.773079 -14.172049
v -2.607073 -16.202728 -18.112368
v -0.642992 -16.202728 -18.112368
v -2.607073 -21.056572 -20.363981
v -0.642992 -21.056572 -20.363981
v -2.607073 -8.136768 -9.168463
v -0.642992 -8.136768 -9.168463
v -2.607073 -15.060646 -8.793196
v -0.642992 -15.060646 -8.793196
v -0.642992 -16.014069 -14.172049
v -0.642992 -14.489601 -10.544450
v -2.607073 -14.489601 -10.544450
v -2.607073 -16.014069 -14.172049
v -0.642992 -20.189812 -19.961908
v -2.607073 -20.189812 -19.961908
v -0.642992 -13.633041 -9.293554
v -2.607073 -13.633041 -9.293554
v -2.607073 -7.054691 -9.926311
v -2.607073 -7.054691 -13.874118
v -0.642992 -7.054691 -13.874118
v -0.642992 -7.054691 -9.926311
v -2.607073 -8.136768 -7.167030
v -0.642992 -8.136768 -7.167030
v -0.642992 -11.134735 -7.292120
v -2.607073 -11.134735 -7.292120
v -0.642992 -11.812859 -8.292836
v -0.642992 -8.350910 -8.167747
v -2.607073 -8.350910 -8.167747
v -2.607073 -11.812859 -8.292836
v -2.607073 -7.708488 -6.041225
v -0.642992 -7.708488 -6.041225
v -0.642992 -10.920593 -5.978680
v -2.607073 -10.920593 -5.978680
v -2.607073 -7.708488 -2.351083
v -0.642992 -7.708488 -2.351083
v -0.642992 -12.776482 -2.851440
v -2.607073 -12.776482 -2.851440
v -2.607073 -5.210186 -5.822318
v -2.607073 -11.206116 -4.258698
v -0.642992 -5.210186 -5.822318
v -0.642992 -11.206116 -4.258698
v -0.642992 -22.412788 -2.538716
v -2.607073 -22.412788 -2.538716
v -2.607073 -16.309799 -4.759057
v -0.642992 -16.309799 -4.759057
v -0.642992 -14.366478 -2.834240
v -2.607073 -14.366478 -2.834240
v -0.186923 74.341362 1.093455
v -0.186923 35.585388 1.093455
v -0.186923 74.341362 6.031788
v -0.186923 35.585388 6.031788
v -1.320798 74.341362 1.093455
v -1.320798 35.585388 1.093455
v -1.320798 74.341362 6.031788
v -1.320798 35.585388 6.031788
v -0.186923 96.038528 1.093455
v -0.186923 96.038528 6.031788
v -1.320798 96.038528 1.093455
v -1.320798 96.038528 6.031788
v -0.186923 20.316998 2.097954
v -0.186923 20.316998 5.696956
v -1.320798 20.316998 2.097954
v -1.320798 20.316998 5.696956
v -1.320798 26.201689 0.187688
v -1.320798 26.201689 6.031788
v -0.186923 26.201689 6.031788
v -0.186923 26.201689 0.187688
v -1.320798 28.570839 6.031787
v -0.186923 28.570839 1.056060
v -1.320798 28.570839 1.056060
v -0.186923 28.570839 6.031787
v -1.320798 22.158894 1.384200
v -0.186923 21.837452 7.478266
v -1.320798 21.837452 7.478266
v -0.186923 22.158894 1.384200
v -1.320798 24.019571 6.112148
v -0.186923 24.180290 0.676309
v -1.320798 24.180290 0.676309
v -0.186923 24.019571 6.112148
v -0.186923 17.303501 2.209565
v -0.186923 16.187401 4.804068
v -1.320798 17.303501 2.209565
v -1.320798 16.187401 4.804068
v -0.186923 9.937180 2.097954
v -0.186923 7.370129 5.585344
v -1.320798 9.937180 2.097954
v -1.320798 7.370129 5.585344
v -1.320798 11.778759 4.859872
v -0.186923 11.778759 4.859872
v -1.320798 13.620350 2.153760
v -0.186923 13.620350 2.153760
v 0.041610 10.454571 1.395068
v 0.041610 6.852734 6.288230
v -1.549332 10.454571 1.395068
v -1.549332 6.852734 6.288230
v -0.345466 6.477936 0.880407
v -0.345466 4.628754 3.392555
v -1.162255 6.477936 0.880407
v -1.162255 4.628754 3.392555
v -1.389066 5.665424 4.942727
v -0.118656 5.665424 4.942727
v -1.389066 8.541584 1.035404
v -0.118656 8.541584 1.035404
v -1.740708 6.670509 0.000000
v -1.740708 4.436188 3.654165
v -0.260408 6.670509 0.000000
v -0.260408 4.436188 3.654165
v -1.740708 0.570915 0.000000
v -0.260408 0.570915 0.000000
v -0.186923 74.341362 -1.093455
v -0.186923 35.585388 -1.093455
v -0.186923 74.341362 -6.031787
v -0.186923 35.585388 -6.031788
v -1.320798 74.341362 -1.093455
v -1.320798 35.585388 -1.093455
v -1.320798 74.341362 -6.031787
v -1.320798 35.585388 -6.031788
v -0.186923 96.038528 -1.093455
v -0.186923 96.038528 -6.031788
v -1.320798 96.038528 -1.093455
v -1.320798 96.038528 -6.031788
v -0.186923 20.316998 -2.097953
v -0.186923 20.316998 -5.696955
v -1.320798 20.316998 -2.097953
v -1.320798 20.316998 -5.696955
v -1.320798 26.201689 -0.187688
v -1.320798 26.201689 -6.031787
v -0.186923 26.201689 -6.031787
v -0.186923 26.201689 -0.187688
v -1.320798 28.570839 -6.031788
v -0.186923 28.570839 -1.056059
v -1.320798 28.570839 -1.056059
v -0.186923 28.570839 -6.031788
v -1.320798 22.158894 -1.384199
v -0.186923 21.837452 -7.478265
v -1.320798 21.837452 -7.478265
v -0.186923 22.158894 -1.384199
v -1.320798 24.019571 -6.112147
v -0.186923 24.180290 -0.676308
v -1.320798 24.180290 -0.676308
v -0.186923 24.019571 -6.112147
v -0.186923 17.303501 -2.209564
v -0.186923 16.187401 -4.804067
v -1.320798 17.303501 -2.209564
v -1.320798 16.187401 -4.804067
v -0.186923 9.937180 -2.097954
v -0.186923 7.370129 -5.585343
v -1.320798 9.937180 -2.097954
v -1.320798 7.370129 -5.585343
v -1.320798 11.778759 -4.859872
v -0.186923 11.778759 -4.859872
v -1.320798 13.620350 -2.153759
v -0.186923 13.620350 -2.153759
v 0.041610 10.454571 -1.395068
v 0.041610 6.852734 -6.288230
v -1.549332 10.454571 -1.395068
v -1.549332 6.852734 -6.288230
v -0.345466 6.477936 -0.880407
v -0.345466 4.628754 -3.392555
v -1.162255 6.477936 -0.880407
v -1.162255 4.628754 -3.392555
v -1.389066 5.665424 -4.942726
v -0.118656 5.665424 -4.942726
v -1.389066 8.541584 -1.035404
v -0.118656 8.541584 -1.035404
v -1.740708 4.436188 -3.654164
v -0.260408 4.436188 -3.654164
v -0.186923 74.341362 1.093455
v -0.186923 35.585388 1.093455
v -0.186923 74.341362 6.031788
v -0.186923 35.585388 6.031788
v -1.320798 74.341362 1.093455
v -1.320798 35.585388 1.093455
v -1.320798 74.341362 6.031788
v -1.320798 35.585388 6.031788
v -0.186923 96.038528 1.093455
v -0.186923 96.038528 6.031788
v -1.320798 96.038528 1.093455
v -1.320798 96.038528 6.031788
v -0.186923 20.316998 2.097954
v -0.186923 20.316998 5.696956
v -1.320798 20.316998 2.097954
v -1.320798 20.316998 5.696956
v -1.320798 26.201689 0.187688
v -1.320798 26.201689 6.031788
v -0.186923 26.201689 6.031788
v -0.186923 26.201689 0.187688
v -1.320798 28.570839 6.031787
v -0.186923 28.570839 1.056060
v -1.320798 28.570839 1.056060
v -0.186923 28.570839 6.031787
v -1.320798 22.158894 1.384200
v -0.186923 21.837452 7.478266
v -1.320798 21.837452 7.478266
v -0.186923 22.158894 1.384200
v -1.320798 24.019571 6.112148
v -0.186923 24.180290 0.676309
v -1.320798 24.180290 0.676309
v -0.186923 24.019571 6.112148
v -0.186923 17.303501 2.209565
v -0.186923 16.187401 4.804068
v -1.320798 17.303501 2.209565
v -1.320798 16.187401 4.804068
v -0.186923 9.937180 2.097954
v -0.186923 7.370129 5.585344
v -1.320798 9.937180 2.097954
v -1.320798 7.370129 5.585344
v -1.320798 11.778759 4.859872
v -0.186923 11.778759 4.859872
v -1.320798 13.620350 2.153760
v -0.186923 13.620350 2.153760
v 0.041610 10.454571 1.395068
v 0.041610 6.852734 6.288230
v -1.549332 10.454571 1.395068
v -1.549332 6.852734 6.288230
v -0.345466 6.477936 0.880407
v -0.345466 4.628754 3.392555
v -1.162255 6.477936 0.880407
v -1.162255 4.628754 3.392555
v -1.389066 5.665424 4.942727
v -0.118656 5.665424 4.942727
v -1.389066 8.541584 1.035404
v -0.118656 8.541584 1.035404
v -1.740708 6.670509 0.000000
v -1.740708 4.436188 3.654165
v -0.260408 6.670509 0.000000
v -0.260408 4.436188 3.654165
v -1.740708 0.570915 0.000000
v -0.260408 0.570915 0.000000
v -0.186923 74.341362 -1.093455
v -0.186923 35.585388 -1.093455
v -0.186923 74.341362 -6.031787
v -0.186923 35.585388 -6.031788
v -1.320798 74.341362 -1.093455
v -1.320798 35.585388 -1.093455
v -1.320798 74.341362 -6.031787
v -1.320798 35.585388 -6.031788
v -0.186923 96.038528 -1.093455
v -0.186923 96.038528 -6.031788
v -1.320798 96.038528 -1.093455
v -1.320798 96.038528 -6.031788
v -0.186923 20.316998 -2.097953
v -0.186923 20.316998 -5.696955
v -1.320798 20.316998 -2.097953
v -1.320798 20.316998 -5.696955
v -1.320798 26.201689 -0.187688
v -1.320798 26.201689 -6.031787
v -0.186923 26.201689 -6.031787
v -0.186923 26.201689 -0.187688
v -1.320798 28.570839 -6.031788
v -0.186923 28.570839 -1.056059
v -1.320798 28.570839 -1.056059
v -0.186923 28.570839 -6.031788
v -1.320798 22.158894 -1.384199
v -0.186923 21.837452 -7.478265
v -1.320798 21.837452 -7.478265
v -0.186923 22.158894 -1.384199
v -1.320798 24.019571 -6.112147
v -0.186923 24.180290 -0.676308
v -1.320798 24.180290 -0.676308
v -0.186923 24.019571 -6.112147
v -0.186923 17.303501 -2.209564
v -0.186923 16.187401 -4.804067
v -1.320798 17.303501 -2.209564
v -1.320798 16.187401 -4.804067
v -0.186923 9.937180 -2.097954
v -0.186923 7.370129 -5.585343
v -1.320798 9.937180 -2.097954
v -1.320798 7.370129 -5.585343
v -1.320798 11.778759 -4.859872
v -0.186923 11.778759 -4.859872
v -1.320798 13.620350 -2.153759
v -0.186923 13.620350 -2.153759
v 0.041610 10.454571 -1.395068
v 0.041610 6.852734 -6.288230
v -1.549332 10.454571 -1.395068
v -1.549332 6.852734 -6.288230
v -0.345466 6.477936 -0.880407
v -0.345466 4.628754 -3.392555
v -1.162255 6.477936 -0.880407
v -1.162255 4.628754 -3.392555
v -1.389066 5.665424 -4.942726
v -0.118656 5.665424 -4.942726
v -1.389066 8.541584 -1.035404
v -0.118656 8.541584 -1.035404
v -1.740708 4.436188 -3.654164
v -0.260408 4.436188 -3.654164
v -3.521747 94.986633 -0.000000
v -3.521747 95.571617 -0.000000
v -3.521747 99.102493 -11.043181
v -3.521747 100.218460 -5.947518
v 0.426330 94.986633 -0.000000
v 0.426330 95.571617 -0.000000
v 0.426330 99.102493 -11.043181
v 0.426330 100.218460 -5.947518
v -3.521747 95.682434 -5.891432
v -3.521747 97.740700 -3.147321
v 0.426330 95.682434 -5.891433
v 0.426330 97.740700 -3.147321
v -3.521747 104.722939 -13.961530
v -3.521747 105.709732 -8.345476
v 0.426330 104.722939 -13.961530
v 0.426330 105.709732 -8.345476
v 0.426330 102.964096 -7.770964
v -3.521747 102.964096 -7.770964
v -3.521747 101.977310 -13.387018
v 0.426330 101.977310 -13.387018
v -3.521747 109.001358 -13.961530
v -3.521747 108.220985 -7.721009
v 0.426330 109.001358 -13.961530
v 0.426330 108.220985 -7.721009
v -3.521747 112.070663 -10.110642
v -3.521747 111.290283 -3.870121
v 0.426330 112.070663 -10.110642
v 0.426330 111.290283 -3.870121
v 0.426330 109.755630 -5.795566
v -3.521747 109.755630 -5.795566
v -3.521747 110.536018 -12.868712
v 0.426330 110.536018 -12.868712
v -3.521747 113.279785 -7.404613
v -3.521747 111.848343 -1.684483
v 0.426330 113.279785 -7.404613
v 0.426330 111.848343 -1.684483
v -3.521747 95.279129 -0.000000
v -3.521747 99.725067 -8.495349
v 0.426330 99.725067 -8.495349
v 0.426330 95.279129 -0.000000
v 0.426330 96.711571 -4.196428
v -3.521747 96.711571 -4.196428
v -3.521747 105.216331 -11.153502
v 0.426330 105.216331 -11.153502
v 0.426330 102.470703 -10.578992
v -3.521747 102.470703 -10.578992
v -3.521747 108.611176 -10.841269
v 0.426330 108.611176 -10.841269
v -3.521747 111.680466 -6.990380
v 0.426330 111.680466 -6.990380
v 0.426330 110.145828 -9.332138
v -3.521747 110.145828 -9.332138
v -3.521747 113.261635 -4.284353
v 0.426330 113.261635 -4.284353
v -3.521747 109.337090 -1.684483
v 0.426330 109.337090 -1.684483
v 0.426330 109.011559 -3.609926
v -3.521747 109.011559 -3.609926
v -3.521747 110.546204 -0.435545
v 0.426330 110.546204 -0.435545
v -3.521747 106.360802 -1.580405
v 0.426330 106.360802 -1.580405
v 0.426330 108.360504 -2.256912
v -3.521747 108.360504 -2.256912
v -3.521747 107.569916 -0.331468
v 0.426330 107.569916 -0.331468
v -3.521747 103.756538 -2.725263
v 0.426330 103.756538 -2.725263
v -3.521747 106.267792 -0.539624
v 0.426330 106.267792 -0.539624
v -3.521747 106.918846 -0.435546
v 0.426330 106.918846 -0.435546
v 0.426330 105.430710 -1.736522
v -3.521747 105.430710 -1.736522
v -3.521747 99.231674 11.624490
v -3.521747 100.218460 5.947519
v 0.426330 99.231674 11.624490
v 0.426330 100.218460 5.947519
v -3.521747 95.682434 6.085202
v -3.521747 97.740700 3.147321
v 0.426330 95.682434 6.085202
v 0.426330 97.740700 3.147321
v -3.521747 104.722939 13.961532
v -3.521747 105.709732 8.345478
v 0.426330 104.722939 13.961532
v 0.426330 105.709732 8.345478
v 0.426330 102.964096 7.770967
v -3.521747 102.964096 7.770967
v -3.521747 101.977310 13.387020
v 0.426330 101.977310 13.387020
v -3.521747 109.001358 13.961532
v -3.521747 108.220985 7.721010
v 0.426330 109.001358 13.961532
v 0.426330 108.220985 7.721010
v -3.521747 112.070663 10.110641
v -3.521747 111.290283 3.870122
v 0.426330 112.070663 10.110641
v 0.426330 111.290283 3.870122
v 0.426330 109.755630 5.795566
v -3.521747 109.755630 5.795566
v -3.521747 110.536018 12.868711
v 0.426330 110.536018 12.868711
v -3.521747 113.279785 7.404613
v -3.521747 111.848343 1.684483
v 0.426330 113.279785 7.404613
v 0.426330 111.848343 1.684483
v -3.521747 99.725067 8.495350
v 0.426330 99.725067 8.495350
v 0.426330 96.711571 4.196428
v -3.521747 96.711571 4.196428
v -3.521747 105.216331 11.153504
v 0.426330 105.216331 11.153504
v 0.426330 102.470703 10.578994
v -3.521747 102.470703 10.578994
v -3.521747 108.611176 10.841270
v 0.426330 108.611176 10.841270
v -3.521747 111.680466 6.990383
v 0.426330 111.680466 6.990383
v 0.426330 110.145828 9.332139
v -3.521747 110.145828 9.332139
v -3.521747 113.261635 4.284353
v 0.426330 113.261635 4.284353
v -3.521747 109.337090 1.684483
v 0.426330 109.337090 1.684483
v 0.426330 109.011559 3.609927
v -3.521747 109.011559 3.609927
v -3.521747 110.546204 0.435546
v 0.426330 110.546204 0.435546
v -3.521747 106.360802 1.580405
v 0.426330 106.360802 1.580405
v 0.426330 108.360504 2.256912
v -3.521747 108.360504 2.256912
v -3.521747 107.569916 0.331468
v 0.426330 107.569916 0.331468
v -3.521747 103.756538 2.725264
v 0.426330 103.756538 2.725264
v -3.521747 106.267792 0.539624
v 0.426330 106.267792 0.539624
v -3.521747 106.918846 0.435546
v 0.426330 106.918846 0.435546
v 0.426330 105.430710 1.736522
v -3.521747 105.430710 1.736522
v -2.079784 91.852142 11.299622
v -2.079784 95.555122 11.392631
v -2.079784 90.829041 6.852564
v -2.079784 92.113785 7.782657
v -1.249348 91.852142 11.299622
v -1.249348 95.555122 11.392631
v -1.249348 90.829041 6.852564
v -1.249348 92.113785 7.782657
v -2.079784 91.526611 9.076093
v -2.079784 94.066986 9.308616
v -1.249348 91.526611 9.076093
v -1.249348 94.066986 9.308616
v -2.079784 91.480103 18.275312
v -2.079784 95.648132 18.647354
v -1.249348 91.480103 18.275312
v -1.249348 95.648132 18.647354
v -2.079784 91.480103 20.507536
v -2.079784 95.834152 20.600548
v -1.249348 91.480103 20.507536
v -1.249348 95.834152 20.600548
v -2.079784 94.084366 24.785963
v -2.079784 97.508316 24.878971
v -1.249348 94.084366 24.785963
v -1.249348 97.508316 24.878971
v -2.079784 92.224182 22.646748
v -2.079784 96.810753 22.739759
v -1.249348 96.810753 22.739759
v -1.249348 92.224182 22.646748
v -2.079784 97.060654 27.111193
v -2.079784 101.972763 26.832167
v -1.249348 97.060654 27.111193
v -1.249348 101.972763 26.832167
v -2.079784 93.703636 11.346128
v -2.079784 91.471413 7.317611
v -1.249348 91.471413 7.317611
v -1.249348 93.703636 11.346128
v -1.249348 92.796799 9.192355
v -2.079784 92.796799 9.192355
v -2.079784 93.517624 18.321821
v -1.249348 93.517624 18.321821
v -2.079784 93.657135 20.554043
v -1.249348 93.657135 20.554043
v -2.079784 95.796341 24.832468
v -1.249348 95.796341 24.832468
v -1.249348 94.517464 22.693254
v -2.079784 94.517464 22.693254
v -2.079784 99.516716 27.529736
v -1.249348 99.516716 27.529736
v -2.079784 99.182487 25.855570
v -1.249348 99.182487 25.855570
v -1.249348 95.572510 25.948578
v -2.079784 95.572510 25.948578
v -2.079784 97.656532 26.181103
v -1.249348 97.656532 26.181103
v -2.079784 96.787506 21.670153
v -1.249348 96.787506 21.670153
v -1.249348 91.852142 21.577141
v -2.079784 91.852142 21.577141
v -2.079784 94.087296 21.623646
v -1.249348 94.087296 21.623646
v -2.079784 97.136292 13.252816
v -1.249348 97.136292 13.252816
v -2.079784 96.578217 18.368324
v -1.249348 96.578217 18.368324
v -2.079784 98.438416 13.717864
v -1.249348 98.438416 13.717864
v -2.079784 97.694336 19.298418
v -1.249348 97.694336 19.298418
v -2.079784 99.833557 13.717864
v -1.249348 99.833557 13.717864
v -2.079784 98.903450 21.530640
v -1.249348 98.903450 21.530640
v -1.249348 98.949966 13.717864
v -1.249348 98.019867 21.437628
v -2.079784 98.019867 21.437628
v -2.079784 98.949966 13.717864
v -2.079784 104.577019 15.950084
v -1.249348 104.577019 15.950084
v -2.079784 103.646927 22.739759
v -1.249348 103.646927 22.739759
v -2.079784 108.111374 19.484434
v -1.249348 108.111374 19.484434
v -2.079784 107.181282 25.716057
v -1.249348 107.181282 25.716057
v -2.079784 111.552719 27.111195
v -1.249348 111.552719 27.111195
v -2.079784 112.389793 33.342812
v -1.249348 112.389793 33.342812
v -2.227468 116.180328 13.362178
v -2.227468 123.385994 13.362180
v -2.227468 115.023140 6.619383
v -2.227468 120.145874 7.776567
v -0.314271 116.180328 13.362178
v -0.314271 123.385994 13.362180
v -0.314271 115.023140 6.619383
v -0.314271 120.145874 7.776567
v -2.227468 120.743912 13.362180
v -2.227468 118.267548 7.352267
v -0.314271 118.267548 7.352267
v -0.314271 120.743912 13.362180
v -2.227468 122.460243 18.685221
v -0.314271 122.460243 18.685221
v -2.227468 121.206787 17.065165
v -0.314271 121.206787 17.065165
v -2.227468 116.180328 18.222349
v -0.314271 116.180328 18.222349
v -2.227468 118.429550 17.528040
v -0.314271 118.429550 17.528040
v -2.227468 111.088730 13.362178
v -0.314271 111.088730 13.362178
v -2.227468 112.014458 17.759476
v -0.314271 112.014458 17.759476
v -0.314271 119.586731 15.445110
v -0.314271 116.180328 15.792264
v -2.227468 119.586731 15.445110
v -2.227468 116.180328 15.792264
v -0.314271 110.625854 15.560826
v -2.227468 110.625854 15.560826
v -2.227468 114.097397 13.362178
v -2.227468 114.476105 18.032993
v -0.314271 114.476105 18.032993
v -0.314271 114.097397 13.362178
v -0.314271 113.908028 15.697586
v -2.227468 113.908028 15.697586
v -2.227468 112.245911 11.240674
v -0.314271 112.245911 11.240674
v -2.227468 115.061722 10.662083
v -0.314271 115.061722 10.662083
v -2.227468 116.180328 9.990781
v -2.227468 121.765938 10.569373
v -0.314271 116.180328 9.990781
v -0.314271 121.765938 10.569373
v -0.314271 119.505730 10.357224
v -2.227468 119.505730 10.357224
v -2.366177 114.649979 3.682227
v -2.366177 120.214569 6.750240
v -1.961143 114.174118 -0.321440
v -1.961143 118.379715 -0.321440
v -0.367444 114.649979 3.682227
v -0.367444 120.214569 6.750240
v -0.772478 114.174118 -0.321440
v -0.772478 118.379715 -0.321440
v -1.784603 116.138077 -2.330441
v -1.784603 119.094444 -2.330441
v -0.949018 116.138077 -2.330441
v -0.949018 119.094444 -2.330441
v -1.784603 118.950676 -3.699537
v -1.784603 124.177238 -3.240433
v -0.949018 118.950676 -3.699537
v -0.949018 124.177238 -3.240433
v -0.949018 117.544373 -3.014988
v -0.949018 121.393631 -3.089396
v -1.784603 117.544373 -3.014988
v -1.784603 121.393631 -3.089396
v -2.366177 116.678726 6.750240
v -1.961143 116.276917 -0.321440
v -0.772478 116.276917 -0.321440
v -0.367444 116.678726 6.750240
v -1.784603 117.616257 -2.330441
v -0.949018 117.616257 -2.330441
v -1.784603 121.321754 -4.035145
v -0.949018 121.321754 -4.035145
v -1.784603 119.469002 -3.052192
v -0.949018 119.469002 -3.052192
v -2.163660 113.981461 1.680394
v -2.163660 119.297134 1.922605
v -0.569961 113.981461 1.680394
v -0.569961 119.297134 1.922605
v -0.569961 116.477821 3.214400
v -2.163660 116.477821 3.214400
v -2.366177 123.767006 4.877137
v -0.367444 123.767006 4.877137
v -2.163660 122.849579 1.922605
v -0.569961 122.849579 1.922605
v -2.366177 126.608940 2.422727
v -0.367444 126.608940 2.422727
v -2.163660 125.691528 0.307861
v -0.569961 125.691528 0.307861
v -2.366177 129.941788 -0.135027
v -0.367444 129.941788 -0.135027
v -2.163660 129.024353 -1.009770
v -0.569961 129.024353 -1.009770
v -2.366177 128.275375 0.562542
v -2.163660 127.357948 -1.009770
v -0.569961 127.357948 -1.009770
v -0.367444 128.275375 0.562542
v -2.366177 134.127197 0.019988
v -0.367444 134.127197 0.019988
v -2.163660 131.659637 -0.777246
v -0.569961 131.659637 -0.777246
v -0.512346 112.957893 -5.885803
v -0.512346 121.363426 -6.975940
v -0.512346 111.774567 -16.263681
v -0.512346 123.657005 -13.043895
v 1.005470 112.957893 -5.885803
v 1.005470 121.363426 -6.975940
v 1.005470 111.774567 -16.263681
v 1.005470 123.657005 -13.043895
v -0.512346 114.510574 -0.206124
v -0.512346 117.492538 -2.273163
v 1.005470 114.510574 -0.206124
v 1.005470 117.492538 -2.273163
v -0.512346 117.699654 -6.500775
v -0.512346 118.174820 -14.713324
v 1.005470 118.174820 -14.713324
v 1.005470 117.699654 -6.500775
v -0.512346 116.001556 -1.239644
v 1.005470 116.001556 -1.239644
v -0.512346 125.599968 -17.496635
v 1.005470 125.599968 -17.496635
v -0.512346 120.117790 -19.166059
v 1.005470 120.117790 -19.166059
v 1.005470 124.628502 -15.270267
v -0.512346 124.628502 -15.270267
v -0.512346 120.870247 -16.603174
v 1.005470 120.870247 -16.603174
v -0.512346 132.704437 -23.178883
v 1.005470 132.704437 -23.178883
v -0.512346 127.222244 -24.848309
v 1.005470 127.222244 -24.848309
v -0.512346 139.650970 -25.760101
v 1.005470 139.650970 -25.760101
v -0.512346 132.312317 -26.628654
v 1.005470 132.312317 -26.628654
v -0.512346 112.013962 -21.615679
v 1.005470 112.013962 -21.615679
v -0.512346 117.496147 -19.946253
v 1.005470 117.496147 -19.946253
v 1.005470 115.907555 -17.079748
v -0.512346 115.907555 -17.079748
v 1.005470 112.353294 -18.999212
v -0.512346 111.579346 -18.898838
v -0.512346 116.221207 -30.562830
v 1.005470 116.221207 -30.562830
v -0.512346 119.178734 -28.565973
v 1.005470 119.178734 -28.565973
v -0.512346 122.311569 -35.786835
v 1.005470 122.311569 -35.786835
v -0.512346 120.338852 -32.217064
v 1.005470 120.338852 -32.217064
v 1.005470 113.162674 -24.058554
v 1.005470 120.289078 -20.501993
v -0.512346 120.289078 -20.501993
v -0.512346 113.162674 -24.058554
v 1.005470 114.691940 -27.310690
v -0.512346 119.045364 -24.444683
v 1.005470 119.045364 -24.444683
v -0.512346 114.691940 -27.310690
v 0.008178 88.566055 -10.749998
v 0.008178 82.679428 -6.848231
v 0.008178 93.042953 -11.024944
v 0.008178 84.340881 -5.913504
v 1.799238 88.566055 -10.749998
v 1.799238 82.679428 -6.848231
v 1.799238 93.042953 -11.024944
v 1.799238 84.340881 -5.913504
v 0.008178 97.481308 -18.036499
v 0.008178 104.376465 -18.459963
v 1.799238 97.481308 -18.036499
v 1.799238 104.376465 -18.459963
v 0.008178 106.953476 -21.901314
v 0.008178 113.690048 -24.906952
v 1.799238 106.953476 -21.901314
v 1.799238 113.690048 -24.906952
v 0.008178 77.292374 -1.545829
v 0.008178 79.185730 -1.323633
v 1.799238 79.185730 -1.323633
v 1.799238 77.292374 -1.545829
v 0.008178 77.288185 4.614866
v 0.008178 79.189919 4.747371
v 1.799237 79.189919 4.747371
v 1.799237 77.288185 4.614866
v 0.008178 82.958527 -16.805712
v 0.008178 78.296013 -12.981533
v 0.008178 86.537399 -17.025507
v 0.008178 79.636879 -12.027822
v 1.799238 82.958527 -16.805712
v 1.799238 78.296013 -12.981533
v 1.799238 86.537399 -17.025507
v 1.799238 79.636879 -12.027822
v 0.008178 90.003036 -23.972734
v 0.008178 95.515076 -24.311256
v 1.799238 90.003036 -23.972734
v 1.799238 95.515076 -24.311256
v 0.008178 97.535011 -27.716160
v 0.008178 102.888580 -30.635098
v 1.799238 97.535011 -27.716160
v 1.799238 102.888580 -30.635098
v 0.008178 74.668655 -8.703108
v 0.008178 76.009521 -7.749398
v 1.799238 76.009521 -7.749398
v 1.799238 74.668655 -8.703108
v 0.008178 73.366524 -3.866630
v 0.008178 74.707382 -2.912918
v 1.799238 74.707382 -2.912918
v 1.799238 73.366524 -3.866630
v 0.008178 73.218933 4.484274
v 0.008178 74.854980 4.659818
v 1.799237 74.854980 4.659818
v 1.799237 73.218933 4.484274
v -2.381852 110.168304 -16.234705
v -2.381852 109.627319 -11.114416
v -2.381852 112.083176 -18.899937
v -2.381852 110.916878 -11.630339
v -0.590793 110.168304 -16.234705
v -0.590793 109.627319 -11.114416
v -0.590793 112.083176 -18.899937
v -0.590793 110.916878 -11.630339
v -2.381852 110.218567 -24.617971
v -2.381852 113.167770 -28.722864
v -0.590793 110.218567 -24.617971
v -0.590793 113.167770 -28.722864
v -2.381852 112.436760 -31.755482
v -2.381852 113.870834 -36.948940
v -0.590793 112.436760 -31.755482
v -0.590793 113.870834 -36.948940
v -2.381852 95.998260 -13.776994
v -2.381852 99.291122 -10.937607
v -2.381852 95.998260 -15.859767
v -2.381852 100.255440 -11.681050
v -0.590793 95.998260 -13.776994
v -0.590793 99.291122 -10.937607
v -0.590793 95.998260 -15.859767
v -0.590793 100.255440 -11.681050
v -2.381852 89.730179 -18.116432
v -2.381852 89.730179 -21.324244
v -0.590793 89.730179 -18.116432
v -0.590793 89.730179 -21.324244
v -2.381852 86.676506 -22.616592
v -2.381852 84.265701 -25.824406
v -0.590793 86.676506 -22.616592
v -0.590793 84.265701 -25.824406
v -2.381852 94.766212 -9.428098
v -2.381852 97.966415 -8.308418
v -2.381852 93.650299 -11.080903
v -2.381852 98.059769 -9.230344
v -0.590793 94.766212 -9.428098
v -0.590793 97.966415 -8.308418
v -0.590793 93.650299 -11.080903
v -0.590793 98.059769 -9.230344
v -2.381852 89.245354 -10.713964
v -2.381852 87.526665 -13.259551
v -0.590793 89.245354 -10.713964
v -0.590793 87.526665 -13.259551
v -2.381852 85.277290 -13.233900
v -2.381852 82.329422 -14.949589
v -0.590793 85.277290 -13.233900
v -0.590793 82.329422 -14.949589
v -2.381852 99.838875 -16.947100
v -2.381852 102.311676 -12.749054
v -2.381852 100.414314 -19.484657
v -2.381852 103.470993 -13.438514
v -0.590793 99.838875 -16.947100
v -0.590793 102.311676 -12.749054
v -0.590793 100.414314 -19.484657
v -0.590793 103.470993 -13.438514
v -2.381852 94.837433 -23.640144
v -2.381852 95.723709 -27.548399
v -0.590793 94.837433 -23.640144
v -0.590793 95.723709 -27.548399
v -2.381852 93.060074 -29.807945
v -2.381852 91.561584 -34.256992
v -0.590793 93.060074 -29.807945
v -0.590793 91.561584 -34.256992
v -2.381852 104.820602 -18.470219
v -2.381852 106.187729 -12.643090
v -2.381852 106.199509 -21.740265
v -2.381852 107.630798 -13.409366
v -0.590793 104.820602 -18.470219
v -0.590793 106.187729 -12.643090
v -0.590793 106.199509 -21.740265
v -0.590793 107.630798 -13.409366
v -2.381852 101.512863 -27.889587
v -2.381852 103.636604 -32.925991
v -0.590793 101.512863 -27.889587
v -0.590793 103.636604 -32.925991
v -2.381852 101.481110 -36.224754
v -2.381852 101.227661 -42.263561
v -0.590793 101.481110 -36.224754
v -0.590793 101.227661 -42.263561
v -1.474022 101.036278 -1.360185
v -1.474023 101.105621 1.825071
v -1.474022 100.402588 -1.488635
v -1.474023 100.423843 1.877456
v -1.474021 99.675850 -0.801296
v -1.474022 99.563919 1.162322
v -1.474021 99.033401 -0.379750
v -1.474022 99.003983 0.409880
v -1.474022 98.853294 1.197531
v -1.474022 98.656715 0.546869
v -1.474022 99.168961 1.188292
v -1.474022 98.821960 0.394442
v -1.474022 99.197456 0.653803
v -1.474021 99.271835 -0.474125
v -1.474022 98.605362 0.914033
v -1.474022 98.971359 0.797836
v -1.474021 99.134804 -1.156324
v -1.474021 98.640213 -0.602750
v -1.474021 98.752800 -1.049031
v -1.474021 98.829750 -0.457177
v -1.474021 99.029648 -0.758921
v -1.474021 99.332108 -0.871096
v -1.474022 101.926971 -1.577983
v -1.474023 102.102905 1.793446
v -1.474022 101.570320 -1.387969
v -1.474023 101.655045 1.760441
v -1.474023 101.090759 1.142474
v -1.474022 100.419281 1.156106
v -1.474022 99.595078 0.681104
v -1.474022 99.048538 0.275926
v -1.474022 99.252998 0.431591
v -1.474023 102.093536 1.122634
v -1.474023 101.598114 1.060058
v -1.474022 100.407288 -0.743360
v -1.474022 99.655800 -0.336958
v -1.474022 99.068146 -0.214493
v -1.474022 99.305275 -0.218799
v -1.474022 101.051636 -0.654948
v -1.474022 102.051048 -0.964281
v -1.474023 101.571335 -0.669012
v -1.474023 102.590981 1.013823
v -1.474023 102.472374 -0.962151
v -1.474023 101.081512 0.717817
v -1.474023 101.986725 0.576215
v -1.474023 101.583847 0.645996
v -1.474022 100.416458 0.707340
v -1.474022 99.609428 0.440578
v -1.474022 99.053177 0.160060
v -1.474022 99.265350 0.277930
v -1.474023 102.651817 0.512208
v -1.474023 102.978539 1.034110
v -1.474023 102.872177 0.743614
v -1.474022 100.411774 -0.033928
v -1.474022 99.633118 0.043279
v -1.474022 99.060822 -0.031326
v -1.474022 99.285751 0.024115
v -1.474023 101.066238 0.016372
v -1.474023 101.985481 -0.141365
v -1.474023 101.576843 -0.020994
v -1.474023 102.622116 -0.327657
v -1.474023 101.075409 0.437746
v -1.474023 101.986229 0.289702
v -1.474023 101.581055 0.379682
v -1.474023 102.663857 0.265617
v -1.474022 100.414581 0.411368
v -1.474022 99.618889 0.281945
v -1.474022 99.056229 0.083644
v -1.474022 99.273499 0.176587
v -1.474023 102.911980 -0.212736
v -1.474023 102.964439 0.181343
v -1.474022 100.413177 0.189694
v -1.474022 99.625977 0.163134
v -1.474022 99.058517 0.026410
v -1.474022 99.279602 0.100685
v -1.474023 101.070847 0.227980
v -1.474023 101.985855 0.075111
v -1.474023 101.578949 0.180220
v -1.474023 102.552505 -0.016220
v -1.474023 103.080795 -0.031061
v -1.474022 100.409912 -0.327308
v -1.474022 99.642502 -0.113965
v -1.474022 99.063843 -0.107073
v -1.474022 99.293823 -0.076340
v -1.474022 101.060196 -0.261247
v -1.474023 101.984985 -0.425370
v -1.474023 101.574066 -0.284977
v -1.474023 102.595528 -0.580788
v -1.474023 102.770592 -0.929029
v -1.474023 102.790298 -0.735307
v -1.474022 100.739647 -1.499904
v -1.474023 101.097702 1.461266
v -1.474023 100.799881 1.935219
v -1.474022 100.405128 -1.085747
v -1.474022 99.665298 -0.525909
v -1.474022 99.969757 1.521013
v -1.474021 100.019081 -1.156716
v -1.474022 99.066376 -0.299498
v -1.474022 99.100723 0.531841
v -1.474021 99.411606 -0.533361
v -1.474022 98.601196 0.720355
v -1.474022 99.015953 1.234235
v -1.474022 98.922523 0.405497
v -1.474022 99.320236 1.096759
v -1.474022 98.732239 0.437008
v -1.474022 98.892136 0.597352
v -1.474022 99.311562 0.800518
v -1.474021 99.151314 -0.429980
v -1.474022 98.701218 1.082686
v -1.474022 99.065636 0.994277
v -1.474022 99.107559 0.735399
v -1.474022 98.798126 0.856221
v -1.474022 99.307953 -0.336052
v -1.474021 98.943222 -1.164578
v -1.474021 98.648956 -0.823942
v -1.474021 98.713882 -0.494411
v -1.474021 99.169167 -0.615986
v -1.474021 99.455589 -0.735696
v -1.474021 98.947487 -0.428650
v -1.474021 98.889420 -0.903491
v -1.474021 99.248489 -1.039096
v -1.474021 99.171265 -0.832781
v -1.474021 98.920090 -0.625821
v -1.474023 102.091095 1.472259
v -1.474022 101.786003 -1.553076
v -1.474023 101.380310 1.748220
v -1.474022 101.314842 -1.307686
v -1.474023 101.931328 1.838636
v -1.474023 101.622589 1.384999
v -1.474023 101.085495 0.900939
v -1.474022 100.421417 1.492996
v -1.474022 99.582909 0.869321
v -1.474022 99.040428 0.356371
v -1.474022 99.239273 0.543846
v -1.474023 101.996513 0.772174
v -1.474023 101.586929 0.821407
v -1.474023 101.361435 1.090133
v -1.474023 101.808365 1.054697
v -1.474022 99.372437 0.521154
v -1.474022 99.150772 0.353759
v -1.474022 99.981216 0.939627
v -1.474023 100.786972 1.199076
v -1.474022 100.408813 -0.502627
v -1.474022 99.648102 -0.207932
v -1.474022 99.065659 -0.152339
v -1.474022 99.298645 -0.136371
v -1.474022 101.044571 -0.978941
v -1.474022 101.978241 -1.285122
v -1.474022 101.570663 -0.997644
v -1.474022 100.752975 -0.739345
v -1.474022 100.008751 -0.560151
v -1.474022 99.186707 -0.216646
v -1.474022 99.438019 -0.235184
v -1.474022 101.327118 -0.628354
v -1.474023 101.783722 -0.763178
v -1.474023 102.575081 0.786907
v -1.474023 102.239655 -0.896655
v -1.474023 102.292511 0.991979
v -1.474023 101.078217 0.566166
v -1.474023 101.986465 0.421076
v -1.474023 101.582329 0.501794
v -1.474022 100.417679 0.900859
v -1.474022 99.603241 0.544298
v -1.474022 99.051178 0.210024
v -1.474022 99.260025 0.344192
v -1.474023 102.614044 0.377404
v -1.474023 102.276665 0.560336
v -1.474023 101.775040 0.606579
v -1.474023 101.352333 0.683430
v -1.474023 100.778938 0.741106
v -1.474022 99.987724 0.585291
v -1.474022 99.159264 0.218995
v -1.474022 99.387924 0.342462
v -1.474023 102.969666 0.905442
v -1.474023 102.750580 0.622975
v -1.474023 102.841507 1.054941
v -1.474022 100.412514 0.083809
v -1.474022 99.629364 0.106382
v -1.474022 99.059608 -0.000928
v -1.474022 99.282509 0.064429
v -1.474023 101.063393 -0.114506
v -1.474023 101.985245 -0.275253
v -1.474023 101.575531 -0.145444
v -1.474023 102.565956 -0.451443
v -1.474022 99.413513 0.047301
v -1.474022 99.173279 -0.003606
v -1.474022 99.998474 0.000002
v -1.474022 100.765671 -0.015363
v -1.474023 102.258759 -0.217976
v -1.474023 101.775360 -0.074891
v -1.474023 101.339371 0.013763
v -1.474023 101.073029 0.327946
v -1.474023 101.986038 0.177377
v -1.474023 101.579948 0.275276
v -1.474023 102.564011 0.105250
v -1.474022 100.415443 0.547079
v -1.474022 99.614548 0.354682
v -1.474022 99.054825 0.118683
v -1.474022 99.269760 0.223056
v -1.474023 101.347153 0.416047
v -1.474023 101.775162 0.334483
v -1.474023 102.271881 0.256901
v -1.474022 99.398148 0.224611
v -1.474022 99.164856 0.130116
v -1.474022 99.992020 0.351598
v -1.474022 100.773643 0.439065
v -1.474023 103.060532 0.088449
v -1.474023 102.756348 -0.260227
v -1.474023 102.805267 0.219262
v -1.474022 100.413849 0.295336
v -1.474022 99.622597 0.219755
v -1.474022 99.057426 0.053686
v -1.474022 99.276688 0.136857
v -1.474023 101.068665 0.127783
v -1.474023 101.985672 -0.027390
v -1.474023 101.577957 0.084945
v -1.474023 102.548332 -0.138123
v -1.474023 103.027283 -0.136588
v -1.474023 102.825363 -0.030718
v -1.474022 100.769676 0.212845
v -1.474022 99.995224 0.176569
v -1.474022 99.169052 0.063547
v -1.474022 99.405800 0.136344
v -1.474023 101.343277 0.215785
v -1.474023 101.775269 0.130691
v -1.474023 102.257401 0.021996
v -1.474022 100.410896 -0.172236
v -1.474022 99.637543 -0.030851
v -1.474022 99.062248 -0.067036
v -1.474022 99.289558 -0.023242
v -1.474022 101.056587 -0.427148
v -1.474023 101.990341 -0.605320
v -1.474023 101.572556 -0.443938
v -1.474023 102.490768 -0.780686
v -1.474022 100.760422 -0.314760
v -1.474022 100.002716 -0.231645
v -1.474022 99.178833 -0.091707
v -1.474022 99.423645 -0.069519
v -1.474023 102.249771 -0.519135
v -1.474023 101.775490 -0.344604
v -1.474023 101.334244 -0.251279
v -1.474023 102.817108 -0.833465
v -1.474023 102.654961 -0.979519
v -1.474023 102.693169 -0.664295
v -1.474023 100.792999 1.542875
v -1.474022 99.976166 1.207599
v -1.474022 99.139847 0.450109
v -1.474022 98.892807 1.051246
v -1.474022 99.206131 0.905206
v -1.474022 99.014481 0.570600
v -1.474022 98.750748 0.648434
v -1.474022 99.356972 0.655834
v -1.474021 98.781898 -0.720786
v -1.474021 99.054535 -1.000374
v -1.474021 99.301765 -0.674237
v -1.474021 99.054031 -0.531766
v -1.474022 101.784180 -1.128415
v -1.474022 101.321457 -0.940238
v -1.474023 101.369980 1.397208
v -1.474023 101.861748 1.421106
v -1.474022 99.381241 0.419518
v -1.474022 99.155594 0.277108
v -1.474022 99.984924 0.738089
v -1.474023 100.782394 0.938594
v -1.474022 100.746857 -1.088753
v -1.474022 100.013634 -0.831844
v -1.474022 99.186996 -0.318155
v -1.474022 99.444077 -0.373049
v -1.474023 101.331192 -0.409815
v -1.474023 101.777267 -0.511197
v -1.474023 102.239304 -0.696943
v -1.474023 102.276848 0.763507
v -1.474023 101.779831 0.789554
v -1.474023 101.355873 0.858417
v -1.474022 100.776070 0.577559
v -1.474022 99.990051 0.458752
v -1.474022 99.162292 0.170869
v -1.474022 99.393463 0.278649
v -1.474023 102.796432 0.843187
v -1.474022 99.418297 -0.007771
v -1.474022 99.175903 -0.045139
v -1.474022 100.000473 -0.109203
v -1.474022 100.763199 -0.156507
v -1.474023 102.255951 -0.090080
v -1.474023 101.775314 0.033348
v -1.474023 101.341431 0.120127
v -1.474023 101.349533 0.538650
v -1.474023 101.775116 0.459246
v -1.474023 102.272430 0.395526
v -1.474022 99.402145 0.178409
v -1.474022 99.167053 0.095271
v -1.474022 99.993698 0.259981
v -1.474022 100.771561 0.320653
v -1.474023 102.797882 -0.145714
v -1.474023 102.822617 0.091816
v -1.474022 100.767776 0.104788
v -1.474022 99.996765 0.092964
v -1.474022 99.171059 0.031751
v -1.474022 99.409454 0.094182
v -1.474023 101.345131 0.311222
v -1.474023 101.775215 0.227811
v -1.474023 102.262009 0.133412
v -1.474022 100.757286 -0.493675
v -1.474022 100.005264 -0.370073
v -1.474022 99.182159 -0.144355
v -1.474022 99.429703 -0.139328
v -1.474023 102.252869 -0.360799
v -1.474023 101.775421 -0.202041
v -1.474023 101.336952 -0.111186
v -1.474023 102.673904 -0.822962
v -2.205983 101.036278 -1.360185
v -2.205984 101.105621 1.825071
v -2.205982 100.402580 -1.488635
v -2.205983 100.423843 1.877456
v -2.205982 99.675850 -0.801296
v -2.205983 99.563919 1.162322
v -2.205982 99.033401 -0.379750
v -2.205983 99.003983 0.409880
v -2.205983 98.853294 1.197531
v -2.205983 98.656715 0.546869
v -2.205983 99.168961 1.188292
v -2.205983 98.821960 0.394442
v -2.205983 99.197456 0.653802
v -2.205982 99.271835 -0.474126
v -2.205983 98.605362 0.914033
v -2.205983 98.971359 0.797836
v -2.205982 99.134804 -1.156324
v -2.205982 98.640213 -0.602750
v -2.205982 98.752800 -1.049031
v -2.205982 98.829750 -0.457177
v -2.205982 99.029648 -0.758921
v -2.205982 99.332108 -0.871096
v -2.205983 101.926971 -1.577983
v -2.205984 102.102905 1.793446
v -2.205983 101.570320 -1.387969
v -2.205984 101.655045 1.760440
v -2.205983 101.090759 1.142474
v -2.205983 100.419281 1.156106
v -2.205983 99.595078 0.681104
v -2.205983 99.048538 0.275926
v -2.205983 99.252998 0.431590
v -2.205984 102.093536 1.122634
v -2.205984 101.598114 1.060058
v -2.205983 100.407288 -0.743360
v -2.205982 99.655800 -0.336958
v -2.205982 99.068146 -0.214494
v -2.205982 99.305275 -0.218800
v -2.205983 101.051636 -0.654949
v -2.205983 102.051048 -0.964282
v -2.205983 101.571335 -0.669012
v -2.205984 102.590981 1.013823
v -2.205983 102.472374 -0.962151
v -2.205983 101.081512 0.717816
v -2.205983 101.986725 0.576215
v -2.205983 101.583847 0.645996
v -2.205983 100.416458 0.707340
v -2.205983 99.609428 0.440577
v -2.205983 99.053177 0.160060
v -2.205983 99.265350 0.277930
v -2.205983 102.651817 0.512208
v -2.205984 102.978539 1.034110
v -2.205983 102.872177 0.743614
v -2.205983 100.411774 -0.033928
v -2.205983 99.633118 0.043278
v -2.205983 99.060822 -0.031327
v -2.205983 99.285751 0.024115
v -2.205983 101.066238 0.016372
v -2.205983 101.985481 -0.141365
v -2.205983 101.576843 -0.020995
v -2.205983 102.622116 -0.327657
v -2.205983 101.075409 0.437745
v -2.205983 101.986229 0.289701
v -2.205983 101.581055 0.379682
v -2.205983 102.663857 0.265616
v -2.205983 100.414581 0.411368
v -2.205983 99.618889 0.281945
v -2.205983 99.056229 0.083643
v -2.205983 99.273499 0.176587
v -2.205983 102.911980 -0.212736
v -2.205983 102.964439 0.181343
v -2.205983 100.413177 0.189694
v -2.205983 99.625977 0.163133
v -2.205983 99.058517 0.026410
v -2.205983 99.279602 0.100684
v -2.205983 101.070847 0.227980
v -2.205983 101.985855 0.075111
v -2.205983 101.578949 0.180220
v -2.205983 102.552505 -0.016220
v -2.205983 103.080795 -0.031061
v -2.205983 100.409912 -0.327308
v -2.205983 99.642502 -0.113966
v -2.205982 99.063843 -0.107074
v -2.205983 99.293823 -0.076341
v -2.205983 101.060196 -0.261248
v -2.205983 101.984985 -0.425370
v -2.205983 101.574066 -0.284978
v -2.205983 102.595528 -0.580788
v -2.205983 102.770592 -0.929029
v -2.205983 102.790298 -0.735308
v -2.205983 100.739639 -1.499904
v -2.205984 101.097702 1.461266
v -2.205983 100.799881 1.935219
v -2.205982 100.405121 -1.085747
v -2.205982 99.665298 -0.525909
v -2.205983 99.969757 1.521013
v -2.205982 100.019081 -1.156716
v -2.205982 99.066376 -0.299498
v -2.205983 99.100723 0.531841
v -2.205982 99.411606 -0.533361
v -2.205983 98.601196 0.720355
v -2.205983 99.015953 1.234235
v -2.205983 98.922523 0.405497
v -2.205983 99.320236 1.096759
v -2.205983 98.732239 0.437008
v -2.205983 98.892136 0.597352
v -2.205983 99.311562 0.800518
v -2.205982 99.151314 -0.429981
v -2.205983 98.701218 1.082686
v -2.205983 99.065636 0.994277
v -2.205983 99.107559 0.735399
v -2.205983 98.798126 0.856221
v -2.205982 99.307953 -0.336053
v -2.205982 98.943222 -1.164578
v -2.205982 98.648956 -0.823942
v -2.205982 98.713882 -0.494411
v -2.205982 99.169167 -0.615986
v -2.205982 99.455589 -0.735696
v -2.205982 98.947487 -0.428650
v -2.205982 98.889420 -0.903491
v -2.205982 99.248489 -1.039096
v -2.205982 99.171265 -0.832781
v -2.205982 98.920090 -0.625821
v -2.205984 102.091095 1.472258
v -2.205983 101.786003 -1.553077
v -2.205984 101.380310 1.748220
v -2.205983 101.314842 -1.307686
v -2.205984 101.931328 1.838635
v -2.205984 101.622589 1.384999
v -2.205983 101.085495 0.900939
v -2.205983 100.421417 1.492996
v -2.205983 99.582909 0.869321
v -2.205983 99.040428 0.356370
v -2.205983 99.239273 0.543846
v -2.205984 101.996513 0.772174
v -2.205984 101.586929 0.821407
v -2.205984 101.361435 1.090133
v -2.205984 101.808365 1.054697
v -2.205983 99.372437 0.521154
v -2.205983 99.150772 0.353758
v -2.205983 99.981216 0.939627
v -2.205983 100.786972 1.199076
v -2.205983 100.408813 -0.502627
v -2.205982 99.648102 -0.207932
v -2.205982 99.065659 -0.152339
v -2.205982 99.298645 -0.136371
v -2.205983 101.044571 -0.978941
v -2.205983 101.978241 -1.285122
v -2.205983 101.570663 -0.997644
v -2.205983 100.752975 -0.739345
v -2.205982 100.008751 -0.560151
v -2.205982 99.186707 -0.216647
v -2.205982 99.438019 -0.235185
v -2.205983 101.327118 -0.628354
v -2.205983 101.783722 -0.763178
v -2.205983 102.575081 0.786907
v -2.205983 102.239655 -0.896655
v -2.205984 102.292511 0.991978
v -2.205983 101.078209 0.566165
v -2.205983 101.986465 0.421076
v -2.205983 101.582329 0.501794
v -2.205983 100.417671 0.900858
v -2.205983 99.603241 0.544298
v -2.205983 99.051178 0.210024
v -2.205983 99.260025 0.344192
v -2.205983 102.614044 0.377404
v -2.205983 102.276665 0.560335
v -2.205983 101.775040 0.606578
v -2.205983 101.352333 0.683430
v -2.205983 100.778938 0.741106
v -2.205983 99.987724 0.585291
v -2.205983 99.159264 0.218995
v -2.205983 99.387924 0.342462
v -2.205984 102.969666 0.905442
v -2.205983 102.750580 0.622975
v -2.205984 102.841507 1.054940
v -2.205983 100.412514 0.083809
v -2.205983 99.629364 0.106382
v -2.205983 99.059608 -0.000929
v -2.205983 99.282516 0.064428
v -2.205983 101.063393 -0.114506
v -2.205983 101.985245 -0.275253
v -2.205983 101.575531 -0.145444
v -2.205983 102.565956 -0.451443
v -2.205983 99.413513 0.047301
v -2.205983 99.173279 -0.003606
v -2.205983 99.998474 0.000001
v -2.205983 100.765671 -0.015363
v -2.205983 102.258759 -0.217977
v -2.205983 101.775360 -0.074891
v -2.205983 101.339371 0.013763
v -2.205983 101.073029 0.327946
v -2.205983 101.986038 0.177377
v -2.205983 101.579948 0.275276
v -2.205983 102.564011 0.105250
v -2.205983 100.415443 0.547079
v -2.205983 99.614548 0.354682
v -2.205983 99.054825 0.118682
v -2.205983 99.269760 0.223055
v -2.205983 101.347153 0.416047
v -2.205983 101.775162 0.334483
v -2.205983 102.271881 0.256901
v -2.205983 99.398148 0.224611
v -2.205983 99.164856 0.130115
v -2.205983 99.992020 0.351598
v -2.205983 100.773636 0.439065
v -2.205983 103.060532 0.088449
v -2.205983 102.756348 -0.260227
v -2.205983 102.805267 0.219262
v -2.205983 100.413849 0.295335
v -2.205983 99.622597 0.219754
v -2.205983 99.057426 0.053685
v -2.205983 99.276688 0.136857
v -2.205983 101.068665 0.127783
v -2.205983 101.985672 -0.027391
v -2.205983 101.577957 0.084944
v -2.205983 102.548332 -0.138124
v -2.205983 103.027283 -0.136588
v -2.205983 102.825363 -0.030719
v -2.205983 100.769676 0.212845
v -2.205983 99.995224 0.176568
v -2.205983 99.169052 0.063547
v -2.205983 99.405800 0.136343
v -2.205983 101.343277 0.215785
v -2.205983 101.775269 0.130691
v -2.205983 102.257401 0.021996
v -2.205983 100.410896 -0.172236
v -2.205983 99.637543 -0.030851
v -2.205983 99.062248 -0.067036
v -2.205983 99.289558 -0.023243
v -2.205983 101.056587 -0.427148
v -2.205983 101.990341 -0.605321
v -2.205983 101.572556 -0.443939
v -2.205983 102.490768 -0.780686
v -2.205983 100.760422 -0.314760
v -2.205983 100.002716 -0.231645
v -2.205982 99.178833 -0.091707
v -2.205983 99.423645 -0.069519
v -2.205983 102.249771 -0.519135
v -2.205983 101.775490 -0.344604
v -2.205983 101.334244 -0.251280
v -2.205983 102.817108 -0.833466
v -2.205983 102.654961 -0.979519
v -2.205983 102.693169 -0.664295
v -2.205983 100.792999 1.542875
v -2.205983 99.976166 1.207599
v -2.205983 99.139847 0.450108
v -2.205983 98.892807 1.051246
v -2.205983 99.206131 0.905206
v -2.205983 99.014481 0.570600
v -2.205983 98.750748 0.648434
v -2.205983 99.356972 0.655833
v -2.205982 98.781898 -0.720786
v -2.205982 99.054535 -1.000374
v -2.205982 99.301765 -0.674237
v -2.205982 99.054031 -0.531766
v -2.205983 101.784180 -1.128415
v -2.205983 101.321457 -0.940238
v -2.205984 101.369980 1.397208
v -2.205984 101.861748 1.421106
v -2.205983 99.381241 0.419518
v -2.205983 99.155594 0.277108
v -2.205983 99.984924 0.738089
v -2.205983 100.782394 0.938594
v -2.205983 100.746857 -1.088754
v -2.205982 100.013634 -0.831844
v -2.205982 99.186996 -0.318156
v -2.205982 99.444077 -0.373050
v -2.205983 101.331192 -0.409815
v -2.205983 101.777267 -0.511197
v -2.205983 102.239304 -0.696943
v -2.205983 102.276848 0.763507
v -2.205984 101.779831 0.789554
v -2.205984 101.355873 0.858417
v -2.205983 100.776070 0.577559
v -2.205983 99.990051 0.458752
v -2.205983 99.162292 0.170869
v -2.205983 99.393463 0.278648
v -2.205983 102.796432 0.843186
v -2.205983 99.418297 -0.007772
v -2.205983 99.175903 -0.045140
v -2.205983 100.000473 -0.109204
v -2.205983 100.763199 -0.156508
v -2.205983 102.255951 -0.090081
v -2.205983 101.775314 0.033348
v -2.205983 101.341431 0.120127
v -2.205983 101.349533 0.538649
v -2.205983 101.775116 0.459246
v -2.205983 102.272430 0.395526
v -2.205983 99.402145 0.178408
v -2.205983 99.167053 0.095271
v -2.205983 99.993698 0.259981
v -2.205983 100.771561 0.320653
v -2.205983 102.797882 -0.145714
v -2.205983 102.822617 0.091816
v -2.205983 100.767776 0.104788
v -2.205983 99.996765 0.092964
v -2.205983 99.171059 0.031750
v -2.205983 99.409454 0.094181
v -2.205983 101.345131 0.311222
v -2.205983 101.775215 0.227811
v -2.205983 102.262009 0.133412
v -2.205983 100.757286 -0.493675
v -2.205982 100.005264 -0.370074
v -2.205982 99.182159 -0.144355
v -2.205982 99.429703 -0.139328
v -2.205983 102.252869 -0.360800
v -2.205983 101.775421 -0.202041
v -2.205983 101.336952 -0.111186
v -2.205983 102.673904 -0.822962
v -1.649429 105.381340 -0.991292
v -1.829292 105.378616 -0.921966
v -1.858833 105.380630 -0.744800
v -1.708720 105.385597 -0.638532
v -1.528742 105.388199 -0.707000
v -1.498995 105.385971 -0.882617
v -1.645818 105.127121 -0.929610
v -1.825756 105.149506 -0.864297
v -1.855200 105.201492 -0.693307
v -1.705014 105.231415 -0.589943
v -1.524669 105.208595 -0.652198
v -1.494930 105.156296 -0.820968
v -1.654326 104.892830 -0.825356
v -1.832934 104.938133 -0.766867
v -1.859617 105.035843 -0.608758
v -1.708094 105.088684 -0.512164
v -1.528693 105.042534 -0.564692
v -1.501640 104.944427 -0.720022
v -1.672661 104.692619 -0.672757
v -1.849394 104.757904 -0.629214
v -1.871508 104.894699 -0.494841
v -1.717540 104.966904 -0.408907
v -1.540249 104.901024 -0.448254
v -1.517962 104.764046 -0.581330
v -1.698504 104.538986 -0.474169
v -1.872653 104.619644 -0.450485
v -1.889519 104.787079 -0.355232
v -1.732370 104.874008 -0.284670
v -1.558087 104.793221 -0.307348
v -1.541221 104.625778 -0.402601
v -1.730095 104.442413 -0.243125
v -1.901084 104.532722 -0.242545
v -1.911632 104.719475 -0.193501
v -1.751190 104.815918 -0.145037
v -1.580200 104.725616 -0.145617
v -1.569653 104.538864 -0.194661
v -1.765279 104.409477 0.004631
v -1.932750 104.503075 -0.019564
v -1.936261 104.696411 -0.020072
v -1.772301 104.796158 0.003617
v -1.604829 104.702560 0.027813
v -1.601318 104.509216 0.028320
v -1.801660 104.442413 0.252215
v -1.965493 104.532722 0.203261
v -1.961728 104.719475 0.153237
v -1.794129 104.815918 0.152167
v -1.630296 104.725616 0.201121
v -1.634061 104.538864 0.251145
v -1.836757 104.538986 0.482753
v -1.997081 104.619644 0.410745
v -1.986296 104.787079 0.314613
v -1.815188 104.873863 0.290490
v -1.654864 104.793221 0.362498
v -1.665649 104.625778 0.458629
v -1.868180 104.692619 0.680535
v -2.025361 104.757904 0.588749
v -2.008292 104.894608 0.453061
v -1.834042 104.966034 0.409159
v -1.676860 104.900757 0.500945
v -1.693930 104.764046 0.636633
v -1.893787 104.892830 0.832082
v -2.048407 104.938087 0.725141
v -2.026217 105.034760 0.559144
v -1.849581 105.086349 0.498765
v -1.694785 105.040901 0.607028
v -1.716976 104.944229 0.773026
v -1.911832 105.125977 0.927068
v -2.064648 105.147919 0.810628
v -2.038977 105.198105 0.624670
v -1.861167 105.227051 0.550051
v -1.707752 105.204460 0.670999
v -1.733216 105.154068 0.858512
v -1.921088 105.376175 0.959007
v -2.073076 105.373207 0.838643
v -2.046534 105.374390 0.638918
v -1.868390 105.378952 0.556654
v -1.715651 105.381119 0.682675
v -1.741830 105.379547 0.885122
v -1.926917 106.136391 0.929795
v -2.086073 106.111115 0.788762
v -2.066204 106.065231 0.652180
v -1.880804 106.043823 0.641509
v -1.712241 106.066940 0.759263
v -1.736498 106.113129 0.917059
v -1.893528 106.365067 0.990914
v -2.070166 106.320518 0.821410
v -2.055482 106.228363 0.722859
v -1.862686 106.181374 0.752048
v -1.683880 106.225632 0.889533
v -1.697028 106.316406 1.038880
v -1.874574 106.568443 0.876813
v -2.054602 106.503914 0.726251
v -2.040671 106.370758 0.660411
v -1.848085 106.303482 0.692398
v -1.668637 106.368370 0.816773
v -1.678452 106.499481 0.942741
v -1.876215 106.658279 0.694646
v -1.979742 106.638519 0.634698
v -2.072356 106.508255 0.541699
v -1.956181 106.378334 0.525584
v -1.748422 106.379211 0.575907
v -1.652765 106.508049 0.698476
v -1.768376 106.637611 0.736468
v -1.883411 106.737549 0.441722
v -1.780141 106.716263 0.464444
v -1.887415 106.787682 -0.638095
v -1.989169 106.630920 -0.586004
v -1.901782 106.480072 -0.522896
v -1.713262 106.486588 -0.515474
v -1.611138 106.643005 -0.565859
v -1.698314 106.793633 -0.627383
v -1.774303 106.758293 -0.752146
v -1.944014 106.670013 -0.717508
v -1.955763 106.503609 -0.628635
v -1.797887 106.425339 -0.577873
v -1.630224 106.515770 -0.621014
v -1.616521 106.680359 -0.699240
v -1.741412 106.602966 -0.936140
v -1.913900 106.529739 -0.880832
v -1.929873 106.391556 -0.750233
v -1.770254 106.322678 -0.671302
v -1.603039 106.401360 -0.747847
v -1.589371 106.542648 -0.878798
v -1.710688 106.396172 -1.063469
v -1.882188 106.339462 -0.979454
v -1.899353 106.236984 -0.809063
v -1.739719 106.185028 -0.710591
v -1.572127 106.245651 -0.811850
v -1.559527 106.353592 -0.991014
v -1.678813 106.147079 -1.099226
v -1.850364 106.112083 -0.998721
v -1.871573 106.056915 -0.811800
v -1.712741 106.027214 -0.701422
v -1.542388 106.063217 -0.809038
v -1.529363 106.127655 -1.018061
v -0.215060 103.264069 0.013899
v -0.354015 103.259171 -0.226730
v -0.631927 103.259171 -0.226730
v -0.770882 103.264069 0.013899
v -0.631927 103.268982 0.254527
v -0.354015 103.268982 0.254527
v -0.262408 102.904510 0.021233
v -0.396629 102.935555 -0.220129
v -0.665070 103.007469 -0.221595
v -0.799291 103.048332 0.018299
v -0.665070 103.017281 0.259661
v -0.396629 102.945374 0.261128
v -0.401225 102.569443 0.028068
v -0.521564 102.633995 -0.213977
v -0.762243 102.772919 -0.216811
v -0.882582 102.847290 0.022400
v -0.762243 102.782738 0.264445
v -0.521564 102.643814 0.267279
v -0.622052 102.281708 0.033937
v -0.720308 102.375046 -0.208695
v -0.916821 102.571518 -0.212703
v -1.015078 102.674652 0.025922
v -0.916821 102.581329 0.268554
v -0.720308 102.384857 0.272561
v -0.909838 102.060928 0.038440
v -0.979316 102.176338 -0.204642
v -1.118272 102.416969 -0.209550
v -1.187750 102.542191 0.028624
v -1.118272 102.426781 0.271706
v -0.979316 102.186157 0.276614
v -1.244973 101.922150 0.041271
v -1.280937 102.051430 -0.202094
v -1.352866 102.319809 -0.207569
v -1.388830 102.458916 0.030322
v -1.352866 102.329636 0.273688
v -1.280937 102.061249 0.279162
v -1.604617 101.874802 0.042237
v -1.604617 102.008820 -0.201225
v -1.604617 102.286682 -0.206893
v -1.604617 102.430511 0.030902
v -1.604617 102.296494 0.274364
v -1.604617 102.018639 0.280031
v -1.964260 101.922150 0.041271
v -1.928296 102.051430 -0.202094
v -1.856367 102.319809 -0.207569
v -1.820403 102.458916 0.030322
v -1.856367 102.329636 0.273688
v -1.928296 102.061249 0.279162
v -2.299395 102.060928 0.038440
v -2.229917 102.176338 -0.204642
v -2.090961 102.416969 -0.209550
v -2.021484 102.542191 0.028624
v -2.090961 102.426781 0.271706
v -2.229917 102.186157 0.276614
v -2.587182 102.281708 0.033937
v -2.488925 102.375046 -0.208695
v -2.292412 102.571518 -0.212703
v -2.194156 102.674652 0.025922
v -2.292412 102.581329 0.268554
v -2.488925 102.384857 0.272561
v -2.808008 102.569443 0.028068
v -2.687669 102.633987 -0.213977
v -2.446991 102.772919 -0.216811
v -2.326651 102.847290 0.022400
v -2.446991 102.782738 0.264445
v -2.687669 102.643814 0.267279
v -2.946826 102.904510 0.021233
v -2.812605 102.935555 -0.220129
v -2.544163 103.007469 -0.221595
v -2.409942 103.048332 0.018299
v -2.544163 103.017281 0.259661
v -2.812605 102.945374 0.261128
v -2.994174 103.264069 0.013899
v -2.855218 103.259171 -0.226729
v -2.577306 103.259171 -0.226729
v -2.438351 103.264069 0.013899
v -2.577306 103.268982 0.254527
v -2.855218 103.268982 0.254527
v -2.946826 104.305031 -0.007334
v -2.812605 104.264168 -0.247229
v -2.544163 104.192245 -0.245762
v -2.409942 104.161201 -0.004401
v -2.544163 104.202072 0.235494
v -2.812605 104.273987 0.234027
v -2.808008 104.640099 -0.014169
v -2.687669 104.565720 -0.253380
v -2.446991 104.426796 -0.250547
v -2.326652 104.362244 -0.008501
v -2.446991 104.436615 0.230710
v -2.687669 104.575539 0.227876
v -2.587182 104.927826 -0.020038
v -2.488925 104.824677 -0.258662
v -2.292412 104.628204 -0.254655
v -2.194156 104.534882 -0.012023
v -2.292412 104.638023 0.226602
v -2.488925 104.834496 0.222594
v -2.299395 105.148605 -0.024541
v -2.229917 105.023384 -0.262716
v -2.090961 104.782745 -0.257807
v -2.021484 104.667343 -0.014725
v -2.090961 104.792572 0.223449
v -2.229917 105.033195 0.218541
v -1.964261 105.287392 -0.027372
v -1.928297 105.148293 -0.265263
v -1.856368 104.879906 -0.259789
v -1.820403 104.750618 -0.016423
v -1.856368 104.889725 0.221468
v -1.928297 105.158112 0.215993
v -1.604617 105.334732 -0.028338
v -1.604617 105.190887 -0.266133
v -1.604617 104.913040 -0.260465
v -1.604617 104.779022 -0.017003
v -1.604617 104.922859 0.220792
v -1.604617 105.200714 0.215124
v -1.244974 105.287392 -0.027372
v -1.280938 105.148293 -0.265263
v -1.352866 104.879906 -0.259789
v -1.388831 104.750618 -0.016423
v -1.352867 104.889725 0.221468
v -1.280938 105.158112 0.215993
v -0.909838 105.148605 -0.024541
v -0.979316 105.023384 -0.262716
v -1.118272 104.782745 -0.257807
v -1.187750 104.667343 -0.014725
v -1.118272 104.792572 0.223449
v -0.979316 105.033195 0.218541
v -0.622052 104.927826 -0.020038
v -0.720308 104.824677 -0.258663
v -0.916822 104.628204 -0.254655
v -1.015078 104.534882 -0.012023
v -0.916821 104.638023 0.226602
v -0.720309 104.834496 0.222594
v -0.401225 104.640099 -0.014169
v -0.521564 104.565720 -0.253380
v -0.762243 104.426796 -0.250547
v -0.882582 104.362244 -0.008501
v -0.762243 104.436615 0.230710
v -0.521564 104.575539 0.227876
v -0.262408 104.305031 -0.007334
v -0.396629 104.264168 -0.247229
v -0.665070 104.192245 -0.245762
v -0.799291 104.161201 -0.004401
v -0.665070 104.202072 0.235494
v -0.396629 104.273979 0.234027
vn 0.9183 0.3146 0.2402
vn 0.9651 0.2168 0.1468
vn 0.9834 0.1574 0.0906
vn 0.9993 0.0361 0.0065
vn 0.9995 0.0304 0.0060
vn 0.9930 -0.0097 0.1181
vn 0.9942 -0.0261 0.1047
vn 0.9746 -0.0667 0.2140
vn 0.9789 -0.1252 0.1612
vn 0.9784 -0.1473 0.1449
vn 0.9706 0.2096 0.1180
vn 0.9422 0.3178 0.1063
vn 0.9616 -0.0752 0.2638
vn 0.9600 -0.1024 0.2606
vn 0.9634 0.0700 0.2587
vn 0.9638 0.0729 0.2566
vn 0.9776 0.1614 0.1354
vn 0.9794 0.1477 0.1374
vn 0.9764 0.1556 0.1497
vn 0.9443 0.3083 0.1151
vn 0.9563 -0.2175 0.1953
vn 0.9384 -0.2739 0.2107
vn 0.9296 -0.2587 0.2627
vn 0.9196 -0.2918 0.2629
vn 0.9977 0.0124 0.0664
vn 0.9912 0.0237 0.1302
vn 1.0000 0.0010 0.0021
vn 1.0000 0.0010 0.0015
vn 0.9994 0.0262 -0.0234
vn 0.9944 0.0770 -0.0723
vn 0.9944 0.1057 0.0066
vn 0.9395 0.1141 0.3230
vn 1.0000 -0.0002 -0.0008
vn 1.0000 -0.0000 -0.0013
vn 1.0000 -0.0001 -0.0011
vn 1.0000 0.0001 -0.0028
vn 1.0000 0.0001 -0.0027
vn 0.9942 -0.0261 -0.1046
vn 0.9929 -0.0097 -0.1183
vn 0.9789 -0.1252 -0.1612
vn 0.9746 -0.0667 -0.2140
vn 0.9784 -0.1473 -0.1449
vn 0.9422 0.3178 -0.1063
vn 0.9706 0.2096 -0.1180
vn 0.9616 -0.0752 -0.2638
vn 0.9638 0.0716 -0.2568
vn 0.9634 0.0689 -0.2589
vn 0.9600 -0.1024 -0.2606
vn 0.9258 0.3653 -0.0975
vn 0.9421 0.3167 -0.1102
vn 0.9760 0.1602 -0.1475
vn 0.9345 -0.2907 -0.2054
vn 0.9516 -0.2431 -0.1881
vn 0.9202 -0.3252 -0.2178
vn 0.9219 -0.2843 -0.2632
vn 0.9315 -0.2512 -0.2629
vn 0.9912 0.0237 -0.1304
vn 0.9977 0.0123 -0.0665
vn 1.0000 0.0011 -0.0016
vn 1.0000 0.0011 -0.0021
vn 0.9943 0.0622 0.0869
vn 0.9993 0.0225 0.0299
vn 0.9516 -0.1142 0.2853
vn 0.9720 -0.0487 0.2298
vn 0.8668 -0.2758 0.4155
vn 0.8919 0.1142 0.4375
vn -0.9143 -0.3207 -0.2475
vn -0.9827 -0.1586 -0.0953
vn -0.9647 -0.2167 -0.1495
vn -0.9996 -0.0292 -0.0058
vn -0.9994 -0.0336 -0.0064
vn -0.9943 0.0243 -0.1034
vn -0.9928 0.0106 -0.1196
vn -0.9799 0.1201 -0.1591
vn -0.9752 0.0598 -0.2133
vn -0.9804 0.1365 -0.1421
vn -0.9461 -0.3049 -0.1092
vn -0.9725 -0.1997 -0.1195
vn -0.9622 0.0695 -0.2635
vn -0.9640 -0.0659 -0.2577
vn -0.9636 -0.0643 -0.2597
vn -0.9610 0.0924 -0.2608
vn -0.9686 -0.2124 -0.1295
vn -0.9428 -0.3128 -0.1150
vn -0.9763 -0.1573 -0.1485
vn -0.9806 -0.1360 -0.1413
vn -0.9437 0.2632 -0.2003
vn -0.9244 0.3145 -0.2158
vn -0.9181 0.2965 -0.2630
vn -0.9313 0.2522 -0.2628
vn -0.9916 -0.0240 -0.1272
vn -0.9977 -0.0124 -0.0661
vn -1.0000 0.0001 -0.0007
vn -1.0000 -0.0000 -0.0010
vn -0.9951 -0.0665 0.0735
vn -0.9994 -0.0231 0.0255
vn -0.9334 -0.1293 -0.3347
vn -0.9950 -0.0994 -0.0011
vn -1.0000 0.0002 0.0008
vn -1.0000 0.0001 0.0011
vn -1.0000 -0.0000 0.0013
vn -1.0000 -0.0002 0.0020
vn -1.0000 -0.0002 0.0021
vn -0.9928 0.0106 0.1196
vn -0.9943 0.0243 0.1034
vn -0.9752 0.0598 0.2133
vn -0.9799 0.1201 0.1591
vn -0.9804 0.1365 0.1421
vn -0.9725 -0.1997 0.1195
vn -0.9461 -0.3049 0.1092
vn -0.9622 0.0695 0.2635
vn -0.9610 0.0924 0.2608
vn -0.9636 -0.0643 0.2597
vn -0.9640 -0.0659 0.2577
vn -0.9210 -0.3775 0.0963
vn -0.9756 -0.1641 0.1459
vn -0.9386 -0.3275 0.1088
vn -0.9058 0.3659 0.2138
vn -0.8969 0.3807 0.2251
vn -0.9153 0.3491 0.2011
vn -0.9383 0.2266 0.2612
vn -0.9268 0.2694 0.2616
vn -0.9977 -0.0124 0.0661
vn -0.9916 -0.0240 0.1272
vn -1.0000 -0.0000 0.0010
vn -1.0000 0.0001 0.0007
vn -0.9994 -0.0208 -0.0292
vn -0.9946 -0.0599 -0.0843
vn -0.9731 0.0446 -0.2262
vn -0.9496 0.1172 -0.2907
vn -0.8613 0.2770 -0.4259
vn -0.8848 -0.1364 -0.4455
vn -0.3532 0.5225 0.7760
vn -0.3897 0.5298 0.7533
vn -0.3527 0.5224 0.7764
vn -0.2317 0.6899 0.6858
vn -0.2425 0.6704 0.7013
vn 0.2596 -0.3987 -0.8796
vn 0.1881 -0.6123 -0.7679
vn 0.1888 -0.6105 -0.7692
vn -0.0878 0.9114 0.4021
vn -0.0897 0.9090 0.4071
vn 0.0686 -0.8207 -0.5672
vn 0.0680 -0.8212 -0.5665
vn -0.0262 0.9714 0.2360
vn 0.0052 -0.8812 -0.4727
vn 0.0037 -0.8828 -0.4697
vn -0.1280 0.6284 0.7673
vn -0.1720 0.3390 0.9249
vn -0.1795 0.3210 0.9299
vn -0.1287 0.6043 0.7863
vn 0.2247 -0.9351 -0.2742
vn 0.3225 -0.9182 -0.2302
vn 0.2244 -0.9351 -0.2743
vn -0.2674 0.7339 0.6244
vn -0.1923 0.7547 0.6273
vn -0.1975 0.7534 0.6272
vn 0.0522 -0.9286 -0.3674
vn 0.0491 -0.9279 -0.3697
vn 0.2317 -0.2644 -0.9362
vn 0.2599 -0.0557 -0.9640
vn 0.2312 -0.2673 -0.9355
vn -0.2353 0.2199 0.9467
vn -0.2384 0.2195 0.9460
vn 0.1301 0.8954 -0.4258
vn -0.2814 -0.0463 0.9585
vn -0.2811 -0.0412 0.9588
vn 0.1672 -0.5785 -0.7984
vn 0.1679 -0.4085 -0.8972
vn 0.1649 -0.4055 -0.8991
vn 0.1689 -0.5709 -0.8034
vn -0.3223 -0.4151 0.8508
vn -0.3208 -0.4097 0.8540
vn 0.0954 -0.4547 -0.8855
vn 0.1113 -0.4254 -0.8982
vn -0.2896 0.8902 0.3517
vn -0.2431 0.9248 0.2927
vn -0.2432 0.9247 0.2929
vn -0.2156 -0.7601 0.6130
vn -0.2513 -0.7070 0.6611
vn 0.1454 -0.4798 -0.8652
vn 0.1172 -0.4884 -0.8647
vn -0.1003 -0.8901 0.4446
vn 0.0824 -0.7513 -0.6548
vn 0.0797 -0.7537 -0.6523
vn -0.1171 0.9410 0.3176
vn -0.1161 0.9407 0.3187
vn 0.0135 -0.8012 -0.5982
vn -0.0171 0.8208 0.5709
vn -0.0171 0.8209 0.5708
vn 0.0161 -0.7290 -0.6843
vn 0.0163 -0.7282 -0.6852
vn -0.0826 0.6027 0.7937
vn -0.0814 0.6041 0.7928
vn 0.1526 -0.5535 -0.8187
vn 0.1394 -0.5642 -0.8138
vn -0.2395 0.7126 0.6595
vn -0.2449 0.7283 0.6399
vn -0.0006 0.5751 -0.8181
vn -0.0006 0.5946 -0.8040
vn -0.0008 0.7405 -0.6720
vn -0.0008 0.7406 -0.6720
vn 0.0010 -0.6446 0.7645
vn 0.0009 -0.4551 0.8904
vn -0.0051 0.9213 -0.3889
vn -0.0051 0.9213 -0.3887
vn 0.0091 -0.8284 0.5601
vn -0.0091 0.9725 -0.2326
vn -0.0018 -0.8818 0.4716
vn -0.0029 -0.8834 0.4687
vn -0.1720 0.3390 -0.9249
vn -0.1280 0.6284 -0.7673
vn -0.1287 0.6043 -0.7863
vn -0.1795 0.3210 -0.9299
vn 0.3225 -0.9182 0.2302
vn 0.2247 -0.9351 0.2742
vn 0.2244 -0.9351 0.2743
vn -0.1923 0.7547 -0.6273
vn -0.2674 0.7339 -0.6244
vn -0.1975 0.7534 -0.6272
vn 0.0522 -0.9286 0.3674
vn 0.0491 -0.9279 0.3697
vn 0.2599 -0.0557 0.9640
vn 0.2341 -0.2638 0.9357
vn 0.2337 -0.2666 0.9351
vn -0.2353 0.2199 -0.9467
vn -0.2384 0.2195 -0.9460
vn 0.1301 0.8954 0.4258
vn -0.2783 -0.0458 -0.9594
vn -0.2780 -0.0405 -0.9597
vn 0.1575 -0.4059 0.9003
vn 0.1644 -0.5776 0.7996
vn 0.1660 -0.5688 0.8056
vn 0.1558 -0.4045 0.9012
vn -0.3382 -0.4333 -0.8354
vn -0.3354 -0.4263 -0.8401
vn 0.0767 -0.4756 0.8763
vn 0.0977 -0.4326 0.8963
vn -0.2384 0.9244 -0.2979
vn -0.2738 0.8901 -0.3643
vn -0.2385 0.9243 -0.2981
vn -0.2780 -0.7472 -0.6037
vn -0.3017 -0.7098 -0.6365
vn 0.1420 -0.4897 0.8603
vn 0.1082 -0.5048 0.8564
vn -0.1805 -0.8683 -0.4620
vn 0.0832 -0.7513 0.6547
vn 0.0804 -0.7538 0.6522
vn -0.1204 0.9409 -0.3166
vn -0.1194 0.9406 -0.3177
vn 0.0125 -0.8013 0.5981
vn -0.0140 0.8211 -0.5706
vn -0.0515 -0.7416 0.6688
vn -0.0523 -0.7406 0.6699
vn 0.0921 0.6349 -0.7671
vn 0.0902 0.6363 -0.7661
vn -0.1032 -0.6707 0.7345
vn 0.1719 0.5685 -0.8045
vn -0.1510 -0.9866 -0.0620
vn -0.2083 0.5334 0.8198
vn 0.0569 -0.7803 -0.6228
vn 0.2594 -0.4587 -0.8499
vn -0.2951 0.8719 0.3908
vn -0.9183 0.3146 0.2402
vn -0.9834 0.1574 0.0906
vn -0.9651 0.2168 0.1468
vn -0.9995 0.0304 0.0060
vn -0.9993 0.0361 0.0065
vn -0.9942 -0.0261 0.1047
vn -0.9930 -0.0097 0.1181
vn -0.9789 -0.1252 0.1612
vn -0.9746 -0.0667 0.2140
vn -0.9784 -0.1473 0.1449
vn -0.9422 0.3178 0.1063
vn -0.9706 0.2096 0.1180
vn -0.9616 -0.0752 0.2638
vn -0.9640 0.0664 0.2576
vn -0.9636 0.0643 0.2596
vn -0.9600 -0.1024 0.2606
vn -0.9651 0.1839 0.1863
vn -0.9755 0.0839 0.2033
vn -0.9812 0.0544 0.1852
vn -0.9591 0.2210 0.1768
vn -0.9437 0.2925 0.1547
vn -0.9659 0.1853 0.1809
vn -0.9691 -0.0484 0.2417
vn -0.9697 -0.0319 0.2423
vn -0.9915 0.0244 0.1280
vn -0.9978 0.0128 0.0658
vn -1.0000 0.0010 0.0015
vn -1.0000 0.0010 0.0021
vn -0.9944 0.0738 -0.0762
vn -0.9993 0.0262 -0.0258
vn -0.9901 0.0973 -0.1010
vn -0.6963 0.0927 -0.7118
vn -0.7910 0.3532 -0.4995
vn -0.7707 0.2724 -0.5761
vn -0.7595 0.5852 -0.2839
vn -1.0000 -0.0002 -0.0008
vn -1.0000 -0.0001 -0.0011
vn -1.0000 -0.0000 -0.0013
vn -1.0000 0.0001 -0.0027
vn -1.0000 0.0001 -0.0028
vn -0.9929 -0.0097 -0.1183
vn -0.9942 -0.0261 -0.1046
vn -0.9746 -0.0667 -0.2140
vn -0.9789 -0.1252 -0.1612
vn -0.9784 -0.1473 -0.1449
vn -0.9706 0.2096 -0.1180
vn -0.9422 0.3178 -0.1063
vn -0.9616 -0.0752 -0.2638
vn -0.9600 -0.1024 -0.2606
vn -0.9636 0.0643 -0.2596
vn -0.9640 0.0664 -0.2576
vn -0.9651 0.1839 -0.1863
vn -0.9591 0.2210 -0.1768
vn -0.9812 0.0544 -0.1852
vn -0.9755 0.0839 -0.2033
vn -0.9437 0.2925 -0.1547
vn -0.9659 0.1853 -0.1809
vn -0.9697 -0.0319 -0.2423
vn -0.9691 -0.0484 -0.2417
vn -0.9978 0.0128 -0.0658
vn -0.9915 0.0244 -0.1280
vn -1.0000 0.0016 -0.0023
vn -1.0000 0.0020 -0.0020
vn -0.9986 0.0159 0.0496
vn -0.9883 0.0413 0.1472
vn -0.9452 0.0553 0.3217
vn -0.8121 0.0559 0.5809
vn -0.7093 0.0543 0.7028
vn -0.7609 0.5816 0.2875
vn -0.8023 0.4486 -0.3939
vn 0.9143 -0.3207 -0.2475
vn 0.9647 -0.2167 -0.1495
vn 0.9827 -0.1586 -0.0953
vn 0.9994 -0.0336 -0.0064
vn 0.9996 -0.0292 -0.0058
vn 0.9928 0.0106 -0.1196
vn 0.9943 0.0243 -0.1034
vn 0.9752 0.0598 -0.2133
vn 0.9799 0.1201 -0.1591
vn 0.9804 0.1365 -0.1421
vn 0.9725 -0.1997 -0.1195
vn 0.9461 -0.3049 -0.1092
vn 0.9622 0.0695 -0.2635
vn 0.9610 0.0924 -0.2608
vn 0.9636 -0.0643 -0.2597
vn 0.9640 -0.0659 -0.2577
vn 0.9636 -0.1939 -0.1843
vn 0.9589 -0.2216 -0.1771
vn 0.9810 -0.0565 -0.1855
vn 0.9753 -0.0873 -0.2027
vn 0.9432 -0.2944 -0.1542
vn 0.9699 -0.1567 -0.1866
vn 0.9643 0.0876 -0.2500
vn 0.9613 0.1154 -0.2503
vn 0.9977 -0.0124 -0.0661
vn 0.9916 -0.0240 -0.1272
vn 1.0000 -0.0000 -0.0010
vn 1.0000 0.0001 -0.0007
vn 0.9994 -0.0221 0.0258
vn 0.9952 -0.0639 0.0746
vn 0.9915 -0.0847 0.0988
vn 0.7010 -0.1266 0.7019
vn 0.7673 -0.2869 0.5736
vn 0.7865 -0.3592 0.5025
vn 0.7436 -0.5994 0.2964
vn 1.0000 0.0002 0.0008
vn 1.0000 -0.0000 0.0013
vn 1.0000 0.0001 0.0011
vn 1.0000 -0.0002 0.0021
vn 1.0000 -0.0002 0.0020
vn 0.9943 0.0243 0.1034
vn 0.9928 0.0106 0.1196
vn 0.9799 0.1201 0.1591
vn 0.9752 0.0598 0.2133
vn 0.9804 0.1365 0.1421
vn 0.9461 -0.3049 0.1092
vn 0.9725 -0.1997 0.1195
vn 0.9622 0.0695 0.2635
vn 0.9640 -0.0659 0.2577
vn 0.9636 -0.0643 0.2597
vn 0.9610 0.0924 0.2608
vn 0.9636 -0.1939 0.1843
vn 0.9753 -0.0873 0.2027
vn 0.9810 -0.0565 0.1855
vn 0.9589 -0.2216 0.1771
vn 0.9432 -0.2944 0.1542
vn 0.9699 -0.1567 0.1866
vn 0.9613 0.1154 0.2503
vn 0.9643 0.0876 0.2500
vn 0.9916 -0.0240 0.1272
vn 0.9977 -0.0124 0.0661
vn 1.0000 0.0001 0.0007
vn 1.0000 -0.0000 0.0010
vn 0.9886 -0.0340 -0.1466
vn 0.9986 -0.0118 -0.0512
vn 0.8240 -0.0732 -0.5618
vn 0.9422 -0.0560 -0.3303
vn 0.7161 -0.0818 -0.6932
vn 0.7436 -0.5994 -0.2964
vn 0.7990 -0.4499 0.3990
vn 0.3532 0.5225 0.7760
vn 0.3527 0.5224 0.7764
vn 0.3897 0.5298 0.7533
vn 0.2317 0.6899 0.6858
vn 0.2425 0.6704 0.7013
vn -0.2596 -0.3987 -0.8796
vn -0.1888 -0.6105 -0.7692
vn -0.1881 -0.6123 -0.7679
vn 0.0878 0.9114 0.4021
vn 0.0897 0.9090 0.4071
vn -0.0680 -0.8212 -0.5665
vn -0.0686 -0.8207 -0.5672
vn 0.0262 0.9714 0.2360
vn -0.0037 -0.8828 -0.4697
vn -0.0052 -0.8812 -0.4727
vn 0.1280 0.6284 0.7673
vn 0.1287 0.6043 0.7863
vn 0.1795 0.3210 0.9299
vn 0.1720 0.3390 0.9249
vn -0.2247 -0.9350 -0.2742
vn -0.2244 -0.9351 -0.2743
vn -0.3225 -0.9182 -0.2302
vn 0.2674 0.7339 0.6244
vn 0.1975 0.7534 0.6272
vn 0.1923 0.7547 0.6273
vn -0.0491 -0.9279 -0.3697
vn -0.0522 -0.9286 -0.3674
vn -0.2466 -0.2606 -0.9334
vn -0.2464 -0.2627 -0.9329
vn -0.2599 -0.0557 -0.9640
vn 0.2384 0.2195 0.9460
vn 0.2353 0.2199 0.9467
vn -0.1301 0.8954 -0.4258
vn 0.2615 -0.0368 0.9645
vn 0.2614 -0.0426 0.9643
vn -0.1743 -0.5792 -0.7964
vn -0.1703 -0.5879 -0.7908
vn -0.2376 -0.4369 -0.8676
vn -0.2360 -0.4395 -0.8667
vn 0.1857 -0.4526 0.8722
vn 0.1847 -0.4550 0.8711
vn -0.2304 -0.4157 -0.8799
vn -0.2316 -0.4161 -0.8793
vn 0.1890 0.9473 0.2586
vn 0.1443 0.9545 0.2611
vn 0.1434 0.9546 0.2611
vn -0.0157 -0.7765 0.6299
vn -0.0458 -0.8097 0.5851
vn -0.2190 -0.4362 -0.8728
vn -0.2181 -0.4308 -0.8757
vn -0.1658 -0.9103 0.3793
vn -0.0710 -0.7504 -0.6571
vn -0.0688 -0.7529 -0.6545
vn 0.0675 0.9405 0.3330
vn 0.0680 0.9408 0.3320
vn -0.0133 -0.8012 -0.5982
vn 0.0164 0.8209 0.5708
vn 0.0274 -0.7375 -0.6748
vn 0.0278 -0.7366 -0.6758
vn -0.1089 0.6410 0.7598
vn -0.1106 0.6400 0.7604
vn 0.0564 -0.6629 -0.7466
vn -0.2137 0.5763 0.7888
vn 0.3039 0.9464 -0.1093
vn -0.0317 0.5719 0.8197
vn -0.0281 0.5664 0.8236
vn 0.0298 0.4725 0.8808
vn 0.2671 -0.2634 -0.9270
vn -0.0912 0.6594 0.7463
vn 0.0006 0.5751 -0.8181
vn 0.0006 0.5946 -0.8040
vn 0.0008 0.7406 -0.6720
vn 0.0008 0.7405 -0.6720
vn -0.0010 -0.6446 0.7645
vn -0.0009 -0.4551 0.8904
vn 0.0051 0.9213 -0.3887
vn 0.0051 0.9213 -0.3889
vn -0.0091 -0.8284 0.5601
vn 0.0091 0.9725 -0.2326
vn 0.0018 -0.8818 0.4716
vn 0.0029 -0.8834 0.4687
vn 0.1720 0.3390 -0.9249
vn 0.1795 0.3210 -0.9299
vn 0.1287 0.6043 -0.7863
vn 0.1280 0.6284 -0.7673
vn -0.3225 -0.9182 0.2302
vn -0.2244 -0.9351 0.2743
vn -0.2247 -0.9351 0.2742
vn 0.1923 0.7547 -0.6273
vn 0.1975 0.7534 -0.6272
vn 0.2674 0.7339 -0.6244
vn -0.0522 -0.9286 0.3674
vn -0.0491 -0.9279 0.3697
vn -0.2599 -0.0557 0.9640
vn -0.2464 -0.2627 0.9329
vn -0.2466 -0.2606 0.9334
vn 0.2353 0.2199 -0.9467
vn 0.2384 0.2195 -0.9460
vn -0.1301 0.8954 0.4258
vn 0.2614 -0.0426 -0.9643
vn 0.2615 -0.0368 -0.9645
vn -0.2360 -0.4395 0.8667
vn -0.2376 -0.4369 0.8676
vn -0.1702 -0.5879 0.7908
vn -0.1743 -0.5792 0.7964
vn 0.1847 -0.4550 -0.8711
vn 0.1857 -0.4526 -0.8722
vn -0.2316 -0.4161 0.8793
vn -0.2304 -0.4157 0.8799
vn 0.1434 0.9546 -0.2611
vn 0.1443 0.9545 -0.2611
vn 0.1890 0.9473 -0.2586
vn -0.0458 -0.8097 -0.5851
vn -0.0157 -0.7765 -0.6299
vn -0.2181 -0.4308 0.8757
vn -0.2190 -0.4362 0.8728
vn -0.1658 -0.9103 -0.3793
vn -0.0688 -0.7529 0.6545
vn -0.0710 -0.7504 0.6571
vn 0.0680 0.9408 -0.3320
vn 0.0675 0.9405 -0.3330
vn -0.0074 -0.8017 0.5976
vn -0.0020 0.8222 -0.5692
vn 0.0662 -0.7421 0.6670
vn 0.0643 -0.7444 0.6646
vn -0.1584 0.6395 -0.7523
vn -0.1533 0.6422 -0.7510
vn 0.1277 -0.6889 0.7136
vn 0.1268 -0.6872 0.7153
vn -0.2685 0.5737 -0.7738
vn 0.2154 -0.5111 0.8321
vn 0.2222 -0.4917 0.8419
vn 0.2763 0.9508 0.1402
vn 0.0298 0.4725 -0.8808
vn -0.0318 0.5684 -0.8221
vn -0.0355 0.5738 -0.8182
vn 0.2881 -0.2687 0.9191
vn -0.0988 0.6629 -0.7421
vn -0.0209 -0.6839 -0.7293
vn -0.2610 -0.9467 -0.1889
vn 0.4186 0.8934 0.1631
vn -1.0000 -0.0000 -0.0000
vn -0.0000 -0.0000 -1.0000
vn -0.0000 -0.0000 1.0000
vn -0.0000 -1.0000 -0.0000
vn -0.0000 1.0000 -0.0000
vn 1.0000 -0.0000 -0.0000
vn -0.7198 0.0548 0.6920
vn -0.5834 0.5645 0.5839
vn -0.5796 0.5450 -0.6059
vn -0.7202 0.0039 -0.6937
vn 0.5796 0.5450 -0.6059
vn 0.7202 0.0039 -0.6937
vn 0.5834 0.5645 0.5839
vn 0.7198 0.0548 0.6920
vn -0.6962 0.0871 0.7125
vn -0.7044 0.0622 -0.7071
vn -0.7132 0.0873 -0.6956
vn -0.7132 0.0873 0.6956
vn 0.6962 0.0871 0.7125
vn 0.7044 0.0622 -0.7071
vn 0.7132 0.0873 -0.6956
vn 0.7132 0.0873 0.6956
vn 0.7084 0.3616 0.6062
vn 0.7084 0.3616 -0.6062
vn -0.7084 0.3616 0.6062
vn -0.6498 -0.0045 0.7601
vn 0.6498 -0.0045 0.7601
vn -0.7084 0.3616 -0.6062
vn 0.6498 -0.0045 -0.7601
vn 0.5924 -0.6388 0.4909
vn 0.5924 -0.6388 -0.4909
vn -0.6498 -0.0045 -0.7601
vn -0.5924 -0.6388 0.4909
vn -0.5924 -0.6388 -0.4909
vn -0.4395 -0.8707 -0.2209
vn -0.4395 -0.8707 0.2209
vn 0.4395 -0.8707 -0.2209
vn 0.4395 -0.8707 0.2209
vn 0.7071 -0.0000 -0.7071
vn 0.5774 0.5774 -0.5774
vn 0.5774 0.5774 0.5774
vn 0.7071 -0.0000 0.7071
vn -0.7071 -0.0000 0.7071
vn 0.7077 0.0019 -0.7065
vn 0.5855 -0.1231 0.8013
vn 0.7867 -0.3167 0.5300
vn 0.7463 -0.1344 -0.6518
vn 0.7034 -0.2459 -0.6669
vn -0.7077 0.0019 -0.7065
vn -0.7071 -0.0000 -0.7071
vn -0.5774 0.5774 -0.5774
vn -0.5774 0.5774 0.5774
vn -0.7867 -0.3167 0.5300
vn -0.7333 -0.0680 0.6764
vn 0.7333 -0.0680 0.6764
vn -0.7034 -0.2459 -0.6669
vn -0.7463 -0.1344 -0.6518
vn -0.5855 -0.1231 0.8013
vn -0.7113 0.0129 0.7028
vn 0.7113 0.0129 0.7028
vn 0.7480 0.1177 -0.6532
vn 0.6473 0.0435 -0.7610
vn -0.6473 0.0435 -0.7610
vn -0.7480 0.1177 -0.6532
vn -0.7701 0.1873 0.6098
vn 0.7701 0.1873 0.6098
vn 0.6961 -0.2033 -0.6886
vn -0.6961 -0.2033 -0.6886
vn -0.7244 0.0605 0.6867
vn -0.1291 0.6763 0.7253
vn 0.1291 0.6763 0.7253
vn 0.7244 0.0605 0.6867
vn 0.7130 -0.0077 -0.7011
vn -0.7130 -0.0077 -0.7011
vn -0.4793 0.8358 0.2677
vn -0.5795 0.7550 -0.3069
vn -0.5925 0.0238 0.8052
vn 0.4793 0.8358 0.2677
vn 0.7071 0.0107 -0.7070
vn -0.7071 0.0107 -0.7070
vn -0.6825 -0.6175 0.3911
vn -0.8521 0.1786 0.4920
vn 0.5202 0.4554 0.7225
vn 0.6825 -0.6175 0.3911
vn 0.5795 0.7550 -0.3069
vn 0.5925 0.0238 0.8052
vn -0.6277 0.0313 0.7778
vn 0.6365 0.0695 0.7681
vn 0.5780 0.8158 -0.0172
vn 0.6778 0.0364 -0.7344
vn -0.6778 0.0364 -0.7344
vn -0.8620 0.4827 -0.1546
vn -0.5745 -0.8185 -0.0000
vn 0.5745 -0.8185 -0.0000
vn 0.6273 0.7788 -0.0000
vn -0.6466 0.7629 -0.0000
vn 0.7077 0.0019 0.7065
vn 0.5855 -0.1231 -0.8013
vn 0.7034 -0.2459 0.6669
vn 0.7463 -0.1344 0.6518
vn 0.7867 -0.3167 -0.5300
vn -0.7077 0.0019 0.7065
vn -0.7867 -0.3167 -0.5300
vn 0.7333 -0.0680 -0.6764
vn -0.7333 -0.0680 -0.6764
vn -0.7034 -0.2459 0.6669
vn -0.5855 -0.1231 -0.8013
vn -0.7463 -0.1344 0.6518
vn 0.7113 0.0129 -0.7028
vn -0.7113 0.0129 -0.7028
vn 0.7480 0.1177 0.6532
vn -0.7480 0.1177 0.6532
vn -0.6473 0.0435 0.7610
vn 0.6473 0.0435 0.7610
vn -0.7701 0.1873 -0.6098
vn 0.7701 0.1873 -0.6098
vn 0.6961 -0.2033 0.6886
vn -0.6961 -0.2033 0.6886
vn -0.7244 0.0605 -0.6867
vn 0.7244 0.0605 -0.6867
vn 0.1291 0.6763 -0.7253
vn -0.1291 0.6763 -0.7253
vn 0.7130 -0.0077 0.7011
vn -0.7130 -0.0077 0.7011
vn -0.4793 0.8358 -0.2677
vn -0.5925 0.0238 -0.8052
vn -0.5795 0.7550 0.3069
vn 0.7071 0.0107 0.7070
vn 0.4793 0.8358 -0.2677
vn -0.7071 0.0107 0.7070
vn -0.6825 -0.6175 -0.3911
vn 0.6825 -0.6175 -0.3911
vn 0.5202 0.4554 -0.7225
vn -0.8521 0.1786 -0.4920
vn 0.5795 0.7550 0.3069
vn 0.5925 0.0238 -0.8052
vn 0.6365 0.0695 -0.7681
vn -0.6277 0.0313 -0.7778
vn 0.6778 0.0364 0.7344
vn 0.5780 0.8158 0.0172
vn -0.6778 0.0364 0.7344
vn -0.8620 0.4827 0.1546
vn -0.9968 -0.0000 0.0795
vn -0.9932 -0.0000 0.1161
vn -0.9814 -0.0000 0.1918
vn 0.9814 -0.0000 0.1918
vn 0.9932 -0.0000 0.1161
vn 0.9968 -0.0000 0.0795
vn -0.0000 -0.9972 -0.0744
vn -0.0000 -0.9544 -0.2986
vn -0.0000 0.8446 0.5353
vn -0.0000 0.9297 0.3683
vn -0.0000 0.2739 0.9618
vn -0.0000 0.3108 0.9505
vn -0.0000 -0.8470 -0.5316
vn -0.0000 0.9964 0.0847
vn -0.0000 0.2674 0.9636
vn -0.0000 -0.3629 -0.9318
vn -0.0000 -0.3519 -0.9360
vn -0.0000 0.3622 0.9321
vn -0.0000 -0.2833 -0.9590
vn -0.0000 -0.2145 -0.9767
vn -0.0000 -0.2042 -0.9789
vn -0.0000 0.2998 0.9540
vn -0.0000 0.3636 0.9315
vn -0.0000 0.3247 0.9458
vn -0.0000 0.3778 0.9259
vn -0.0000 -0.2034 -0.9791
vn -0.0000 -0.7919 -0.6107
vn -0.0000 0.4166 0.9091
vn -0.0000 -0.8943 -0.4474
vn -0.0000 -0.8869 -0.4620
vn -0.0000 0.9749 -0.2225
vn -0.0000 0.9764 -0.2159
vn -0.0000 -0.8835 -0.4685
vn -0.0000 0.4208 0.9071
vn -0.0000 0.4208 0.9072
vn -0.0000 0.4253 0.9051
vn -0.0000 0.3308 -0.9437
vn -0.0000 -0.8983 -0.4394
vn -0.0000 -0.9292 -0.3696
vn -0.0000 -1.0000 0.0014
vn -0.0000 0.9591 0.2832
vn -0.0000 -0.6735 -0.7392
vn -0.0000 -0.4818 -0.8763
vn -0.0000 0.9347 0.3556
vn -0.0000 -0.3419 0.9397
vn -0.0000 -0.3745 0.9272
vn -0.0000 0.8116 -0.5842
vn -0.0000 0.8417 -0.5399
vn -0.0000 -0.6674 0.7447
vn -0.0000 -0.9865 0.1638
vn -0.0000 0.0873 0.9962
vn -0.0000 0.8694 -0.4941
vn -0.0000 -0.4067 0.9136
vn -0.0000 0.7037 0.7105
vn -0.0000 -0.0108 0.9999
vn -0.9968 -0.0000 -0.0795
vn -0.9814 -0.0000 -0.1918
vn -0.9932 -0.0000 -0.1161
vn 0.9814 -0.0000 -0.1918
vn 0.9968 -0.0000 -0.0795
vn 0.9932 -0.0000 -0.1161
vn -0.0000 -0.9972 0.0744
vn -0.0000 -0.9544 0.2986
vn -0.0000 0.8446 -0.5353
vn -0.0000 0.9297 -0.3683
vn -0.0000 0.2739 -0.9618
vn -0.0000 0.3108 -0.9505
vn -0.0000 -0.8470 0.5316
vn -0.0000 0.9964 -0.0847
vn -0.0000 0.2674 -0.9636
vn -0.0000 -0.3629 0.9318
vn -0.0000 -0.3519 0.9360
vn -0.0000 0.3622 -0.9321
vn -0.0000 -0.2833 0.9590
vn -0.0000 -0.2145 0.9767
vn -0.0000 -0.2042 0.9789
vn -0.0000 0.2998 -0.9540
vn -0.0000 0.3636 -0.9315
vn -0.0000 0.3247 -0.9458
vn -0.0000 0.3778 -0.9259
vn -0.0000 -0.2034 0.9791
vn -0.0000 -0.7919 0.6107
vn -0.0000 0.4166 -0.9091
vn -0.0000 -0.8943 0.4474
vn -0.0000 -0.8869 0.4620
vn -0.0000 0.9749 0.2225
vn -0.0000 0.9764 0.2159
vn -0.0000 -0.8835 0.4685
vn -0.0000 0.4208 -0.9071
vn -0.0000 0.4253 -0.9051
vn -0.0000 0.3308 0.9437
vn -0.0000 -0.8983 0.4394
vn -0.0000 -0.9292 0.3696
vn -0.0000 -1.0000 -0.0014
vn -0.0000 0.9591 -0.2832
vn -0.0000 -0.6735 0.7392
vn -0.0000 -0.4818 0.8763
vn -0.0000 0.9347 -0.3556
vn -0.0000 -0.3419 -0.9397
vn -0.0000 -0.3745 -0.9272
vn -0.0000 0.8116 0.5842
vn -0.0000 0.8417 0.5399
vn -0.0000 -0.6674 -0.7447
vn -0.0000 -0.9865 -0.1638
vn -0.0000 0.0873 -0.9962
vn -0.0000 0.8694 0.4941
vn -0.0000 -0.4067 -0.9136
vn -0.0000 0.7037 -0.7105
vn -0.0000 -0.0108 -0.9999
vn -0.5202 0.4555 0.7224
vn 0.8521 0.1786 0.4920
vn -0.6365 0.0695 0.7681
vn 0.6277 0.0313 0.7778
vn -0.5780 0.8158 -0.0172
vn 0.8620 0.4827 -0.1546
vn -0.6273 0.7788 -0.0000
vn 0.6466 0.7629 -0.0000
vn 0.8521 0.1786 -0.4920
vn -0.5202 0.4555 -0.7224
vn 0.6277 0.0313 -0.7778
vn -0.6365 0.0695 -0.7681
vn -0.5780 0.8158 0.0172
vn 0.8620 0.4827 0.1546
vn -0.0000 0.3860 0.9225
vn -0.0000 -0.0187 0.9998
vn -0.0000 -0.9388 -0.3446
vn -0.0000 -0.9931 -0.1173
vn -0.0000 0.7876 0.6162
vn -0.0000 0.8234 0.5675
vn -0.0000 0.6566 0.7542
vn -0.0000 -0.7409 -0.6716
vn -0.0000 -0.2413 0.9704
vn -0.0000 -0.4306 -0.9026
vn -0.0000 -0.1030 -0.9947
vn -0.0000 -0.9466 -0.3223
vn -0.0000 -0.9256 -0.3786
vn -0.0000 0.7453 -0.6668
vn -0.0000 0.8943 -0.4475
vn -0.0000 0.5801 -0.8146
vn -0.0000 -0.7820 0.6233
vn -0.0000 0.9684 0.2492
vn -0.0000 0.7948 0.6068
vn -0.0000 0.9786 -0.2057
vn -0.0000 0.0349 0.9994
vn -0.0000 -0.0617 0.9981
vn -0.0000 0.6922 0.7217
vn -0.0000 -0.3205 -0.9473
vn -0.0000 -0.0799 -0.9968
vn -0.0000 -0.1579 0.9875
vn -0.0000 -0.4235 0.9059
vn -0.0000 -0.9011 -0.4336
vn -0.0000 -0.6565 0.7543
vn -0.0000 0.3428 -0.9394
vn -0.0000 0.5085 -0.8610
vn -0.0000 0.3860 -0.9225
vn -0.0000 -0.0187 -0.9998
vn -0.0000 -0.9421 0.3352
vn -0.0000 -0.9935 0.1136
vn -0.0000 0.7876 -0.6162
vn -0.0000 0.8234 -0.5675
vn -0.0000 0.6566 -0.7542
vn -0.0000 -0.7074 0.7068
vn -0.0000 -0.2413 -0.9704
vn -0.0000 -0.3788 0.9255
vn -0.0000 -0.1030 0.9947
vn -0.0000 -0.9466 0.3223
vn -0.0000 -0.9256 0.3786
vn -0.0000 0.7453 0.6668
vn -0.0000 0.8943 0.4475
vn -0.0000 0.5801 0.8146
vn -0.0000 -0.7820 -0.6233
vn -0.0000 0.9684 -0.2492
vn -0.0000 0.7948 -0.6068
vn -0.0000 0.9786 0.2057
vn -0.0000 0.0349 -0.9994
vn -0.0000 -0.0617 -0.9981
vn -0.0000 0.6922 -0.7217
vn -0.0000 -0.3205 0.9473
vn -0.0000 -0.0799 0.9968
vn -0.0000 -0.1579 -0.9875
vn -0.0000 -0.4235 -0.9059
vn -0.0000 -0.9011 0.4336
vn -0.0000 -0.6565 -0.7543
vn -0.0000 0.3428 0.9394
vn -0.0000 0.5085 0.8610
vn -0.0000 0.5864 -0.8100
vn -0.0000 0.6011 -0.7992
vn -0.0000 -0.9749 0.2228
vn -0.0000 -0.9989 0.0460
vn -0.0000 0.7222 -0.6917
vn -0.0000 0.7886 -0.6149
vn -0.0000 -0.9541 0.2993
vn -0.0000 -0.9996 -0.0266
vn -0.0000 -0.9860 0.1666
vn -0.0000 0.9955 -0.0948
vn -0.0000 0.9165 -0.4000
vn -0.0000 0.4190 -0.9080
vn -0.0000 0.3304 -0.9439
vn -0.0000 0.9858 -0.1677
vn -0.0000 0.7782 -0.6280
vn -0.0000 -0.8652 0.5014
vn -0.0000 -0.6883 0.7254
vn -0.0000 -0.9445 0.3285
vn -0.0000 0.9306 -0.3661
vn -0.0000 0.0539 0.9985
vn -0.0000 0.2732 0.9620
vn -0.0000 -0.6156 0.7880
vn -0.0000 -0.4041 0.9147
vn -0.0000 0.5685 -0.8227
vn -0.0000 0.1707 -0.9853
vn -0.0000 0.2874 0.9578
vn -0.0000 -0.6402 0.7682
vn -0.0000 -0.8710 0.4913
vn -0.0000 -0.1047 0.9945
vn -0.0000 -0.1763 0.9843
vn -0.0000 0.2182 -0.9759
vn -0.0000 -0.9886 0.1504
vn -0.0000 0.5750 -0.8181
vn -0.0000 -0.4571 0.8894
vn -0.0000 -0.7418 0.6706
vn -0.0000 0.8227 -0.5685
vn -0.0000 0.9614 -0.2751
vn -0.0000 0.9911 -0.1331
vn -0.0000 -0.8258 0.5640
vn -0.0000 0.2203 -0.9754
vn -0.0000 0.5921 -0.8059
vn -0.0000 -0.9864 0.1646
vn -0.0000 0.8650 -0.5018
vn -0.0000 0.9844 -0.1758
vn -0.0000 -0.9244 0.3815
vn -0.0000 -0.7909 0.6119
vn -0.0000 0.9852 0.1713
vn -0.0000 -0.9923 0.1240
vn -0.0000 0.0942 0.9955
vn -0.0000 0.6300 0.7766
vn -0.0000 0.8742 0.4856
vn -0.0000 -0.9842 0.1770
vn -0.0000 -0.5304 0.8477
vn -0.0000 -0.1104 0.9939
vn -0.0000 -0.9382 -0.3461
vn -0.0000 -0.2013 -0.9795
vn -0.0000 -0.5948 -0.8039
vn -0.0000 0.9417 0.3363
vn -0.0000 -0.9458 0.3246
vn -0.9973 0.0279 -0.0685
vn -0.9984 -0.0136 -0.0549
vn -0.9970 -0.0088 -0.0769
vn -0.9969 0.0021 -0.0787
vn -0.0000 -0.9143 -0.4049
vn -0.0000 -0.5877 -0.8090
vn 0.9973 0.0279 -0.0685
vn 0.9984 -0.0136 -0.0549
vn 0.9988 -0.0112 -0.0480
vn 0.9983 0.0144 -0.0568
vn -0.0000 0.2402 0.9707
vn -0.0000 -0.9920 0.1261
vn -0.0000 -0.8972 0.4416
vn 0.9980 -0.0287 -0.0559
vn 0.9982 -0.0258 -0.0546
vn -0.0000 0.9991 -0.0433
vn -0.0000 0.7078 0.7064
vn -0.9996 -0.0000 -0.0266
vn -0.9990 -0.0000 -0.0438
vn 0.9969 0.0021 -0.0787
vn 0.9968 0.0165 -0.0777
vn 0.9973 -0.0000 -0.0734
vn 0.9990 -0.0000 -0.0438
vn -0.0000 0.0654 -0.9979
vn -0.0000 0.2681 -0.9634
vn -0.0000 -0.4377 -0.8991
vn -0.0000 -0.2925 -0.9563
vn -0.0000 0.1854 0.9827
vn -0.0000 0.0542 0.9985
vn 0.9996 -0.0000 -0.0266
vn -0.9973 -0.0000 -0.0734
vn 0.9970 -0.0088 -0.0769
vn -0.9968 0.0165 -0.0777
vn -0.0000 -0.8341 0.5516
vn 0.9962 0.0407 -0.0765
vn 0.9924 0.0878 -0.0864
vn -0.9962 0.0407 -0.0765
vn -0.9924 0.0878 -0.0864
vn -0.9983 0.0144 -0.0568
vn -0.0000 0.9256 -0.3784
vn -0.9988 -0.0112 -0.0480
vn -0.0000 -0.2555 -0.9668
vn -0.0000 -0.5587 -0.8293
vn -0.9982 -0.0258 -0.0546
vn -0.9980 -0.0287 -0.0559
vn -0.0000 0.5636 0.8260
vn -0.9933 -0.0534 -0.1027
vn -0.9930 -0.0512 -0.1062
vn -0.9745 0.0004 -0.2245
vn -0.6355 0.0165 -0.7720
vn -0.0000 0.7007 0.7135
vn -0.9962 -0.0549 -0.0674
vn -0.9958 -0.0594 -0.0693
vn 0.9958 -0.0594 -0.0693
vn 0.9962 -0.0549 -0.0674
vn 0.9745 0.0004 -0.2245
vn 0.6355 0.0165 -0.7720
vn 0.5774 0.1419 -0.8040
vn 0.1734 0.2913 -0.9408
vn 0.9930 -0.0512 -0.1062
vn 0.9933 -0.0534 -0.1027
vn -0.0000 -0.3283 -0.9446
vn -0.0000 0.5797 0.8148
vn -0.0000 0.1787 0.9839
vn -0.5774 0.1419 -0.8040
vn -0.1734 0.2913 -0.9408
vn -0.0000 -0.0370 0.9993
vn -0.6722 0.6406 0.3711
vn -0.7128 0.6497 0.2643
vn -0.8862 0.0452 -0.4611
vn -0.7071 0.6481 0.2828
vn 0.7071 0.6481 0.2828
vn 0.7653 0.5109 0.3915
vn -0.7653 0.5109 0.3915
vn 0.8862 0.0452 -0.4611
vn 0.7128 0.6497 0.2643
vn 0.6722 0.6406 0.3711
vn -0.6903 -0.7105 0.1368
vn -0.5616 -0.2829 0.7776
vn -0.7071 0.4028 0.5811
vn -0.6616 -0.7497 0.0169
vn 0.7208 -0.6930 0.0156
vn 0.6903 -0.7105 0.1368
vn 0.7071 0.4028 0.5811
vn 0.6774 0.4982 0.5412
vn -0.6774 0.4982 0.5412
vn 0.5616 -0.2829 0.7776
vn -0.8675 0.4932 -0.0640
vn 0.8675 0.4932 -0.0640
vn 0.8151 0.3416 0.4679
vn -0.8151 0.3416 0.4679
vn 0.7446 0.3289 0.5808
vn -0.7446 0.3289 0.5808
vn -0.8643 -0.4747 -0.1662
vn -0.6006 -0.7626 -0.2403
vn 0.8643 -0.4747 -0.1662
vn 0.6006 -0.7626 -0.2403
vn 0.6711 -0.3590 -0.6486
vn 0.6598 -0.0820 -0.7470
vn 0.5406 0.8353 -0.0999
vn -0.6711 -0.3590 -0.6486
vn -0.6598 -0.0820 -0.7470
vn -0.5406 0.8353 -0.0999
vn 0.7470 0.6586 -0.0905
vn 0.7071 -0.6399 -0.3009
vn 0.6628 -0.5958 -0.4535
vn 0.7393 0.6636 0.1139
vn 0.8240 -0.5661 -0.0245
vn 0.6995 -0.6955 -0.1644
vn -0.5924 -0.8048 -0.0370
vn -0.6331 -0.7534 -0.1780
vn -0.7393 0.6636 0.1139
vn 0.6856 0.6687 0.2877
vn -0.6856 0.6687 0.2877
vn -0.7071 -0.6399 -0.3009
vn -0.7470 0.6586 -0.0905
vn -0.6628 -0.5958 -0.4535
vn -0.5390 0.5318 -0.6532
vn 0.5390 0.5318 -0.6532
vn 0.5718 0.7060 0.4178
vn -0.5718 0.7060 0.4178
vn -0.7185 -0.4127 -0.5598
vn -0.6861 -0.4582 -0.5650
vn -0.7298 0.4023 0.5527
vn -0.7016 0.3760 0.6053
vn 0.7298 0.4023 0.5527
vn 0.7016 0.3760 0.6053
vn 0.6861 -0.4582 -0.5650
vn 0.7185 -0.4127 -0.5598
vn -0.7043 0.3967 0.5887
vn -0.6752 -0.3769 -0.6341
vn -0.6297 -0.7164 -0.3004
vn -0.8119 0.5328 0.2388
vn 0.7043 0.3967 0.5887
vn 0.5375 0.7349 -0.4136
vn -0.5375 0.7349 -0.4136
vn 0.6752 -0.3769 -0.6341
vn 0.7035 -0.2791 -0.6536
vn -0.7035 -0.2791 -0.6536
vn 0.6297 -0.7164 -0.3004
vn 0.5810 -0.5953 0.5549
vn -0.5810 -0.5953 0.5549
vn 0.8119 0.5328 0.2388
vn 0.5738 0.5589 0.5987
vn -0.5738 0.5589 0.5987
vn -0.7194 -0.4686 -0.5127
vn -0.6874 -0.5094 -0.5178
vn -0.7352 0.4607 0.4973
vn -0.7010 0.4340 0.5659
vn 0.7352 0.4607 0.4973
vn 0.7010 0.4340 0.5659
vn 0.6874 -0.5094 -0.5178
vn 0.7194 -0.4686 -0.5127
vn -0.7041 0.4549 0.5453
vn -0.6717 -0.4351 -0.5997
vn 0.7597 0.5758 0.3021
vn 0.6611 -0.6644 -0.3485
vn 0.7041 0.4549 0.5453
vn 0.5377 0.6940 -0.4789
vn -0.5377 0.6940 -0.4789
vn 0.6717 -0.4351 -0.5997
vn 0.7029 -0.3286 -0.6309
vn -0.7029 -0.3286 -0.6309
vn 0.7402 0.6674 0.0817
vn 0.6806 -0.7255 -0.1025
vn -0.6611 -0.6644 -0.3485
vn -0.7597 0.5758 0.3021
vn -0.6806 -0.7255 -0.1025
vn 0.5822 -0.6096 0.5380
vn -0.5822 -0.6096 0.5380
vn -0.7402 0.6674 0.0817
vn 0.5710 0.5546 0.6053
vn -0.5710 0.5546 0.6053
vn -0.7184 -0.6945 -0.0387
vn -0.5560 -0.5015 0.6628
vn -0.6112 0.6181 0.4944
vn -0.7016 0.7061 0.0956
vn 0.6112 0.6181 0.4944
vn 0.7016 0.7061 0.0956
vn 0.5560 -0.5015 0.6628
vn 0.7184 -0.6945 -0.0387
vn -0.7043 0.7065 0.0692
vn -0.6754 -0.7287 -0.1129
vn 0.7043 0.7065 0.0692
vn 0.5375 0.1488 -0.8300
vn -0.5375 0.1488 -0.8300
vn 0.6754 -0.7287 -0.1129
vn 0.7035 -0.6819 -0.2001
vn -0.7035 -0.6819 -0.2001
vn -0.7192 -0.4252 0.5495
vn -0.5887 -0.0221 0.8080
vn -0.5705 0.8199 0.0490
vn -0.7005 0.4846 -0.5238
vn 0.5705 0.8199 0.0490
vn 0.7005 0.4846 -0.5238
vn 0.5887 -0.0221 0.8080
vn 0.7192 -0.4252 0.5495
vn -0.7040 0.4592 -0.5419
vn -0.6680 -0.5286 0.5237
vn 0.7040 0.4592 -0.5419
vn 0.5379 -0.5827 -0.6092
vn -0.5379 -0.5827 -0.6092
vn 0.6680 -0.5286 0.5237
vn 0.7017 -0.5797 0.4142
vn -0.7017 -0.5797 0.4142
vn -0.7194 -0.1937 0.6670
vn -0.5660 0.4426 0.6956
vn -0.5946 0.6912 -0.4108
vn -0.7009 0.2576 -0.6651
vn 0.5946 0.6912 -0.4108
vn 0.7009 0.2576 -0.6651
vn 0.5660 0.4426 0.6956
vn 0.7194 -0.1937 0.6670
vn -0.7040 0.2288 -0.6723
vn -0.6712 -0.2868 0.6835
vn 0.7040 0.2288 -0.6723
vn 0.5377 -0.7696 -0.3444
vn -0.5377 -0.7696 -0.3444
vn 0.6712 -0.2868 0.6835
vn 0.7028 -0.3697 0.6078
vn -0.7028 -0.3697 0.6078
vn -0.7196 -0.5781 0.3846
vn -0.5771 -0.2028 0.7911
vn -0.5810 0.7815 0.2273
vn -0.7006 0.6271 -0.3405
vn 0.5810 0.7815 0.2273
vn 0.7006 0.6271 -0.3405
vn 0.5771 -0.2028 0.7911
vn 0.7196 -0.5781 0.3846
vn -0.7039 0.6088 -0.3658
vn -0.6688 -0.6658 0.3308
vn 0.7039 0.6088 -0.3658
vn 0.5378 -0.3592 -0.7627
vn -0.5378 -0.3592 -0.7627
vn 0.6688 -0.6658 0.3308
vn 0.7022 -0.6796 0.2123
vn -0.7022 -0.6796 0.2123
vn -0.7194 -0.6668 0.1947
vn -0.5650 -0.3410 0.7513
vn -0.5959 0.7209 0.3538
vn -0.7010 0.6993 -0.1401
vn 0.5959 0.7209 0.3538
vn 0.7010 0.6993 -0.1401
vn 0.5650 -0.3410 0.7513
vn 0.7194 -0.6668 0.1947
vn -0.7041 0.6900 -0.1680
vn -0.6715 -0.7302 0.1259
vn 0.7041 0.6900 -0.1680
vn 0.5377 -0.1237 -0.8340
vn -0.5377 -0.1237 -0.8340
vn 0.6715 -0.7302 0.1259
vn 0.7028 -0.7112 0.0163
vn -0.7028 -0.7112 0.0163
vn -0.0000 0.2020 -0.9794
vn -0.0000 -0.0334 -0.9994
vn -0.0000 0.3081 -0.9513
vn -0.0000 0.0965 0.9953
vn -0.0000 0.3044 0.9525
vn -0.0000 -0.3977 0.9175
vn -0.0000 -0.6401 0.7683
vn -0.0000 -0.4736 0.8808
vn -0.0000 -0.6876 -0.7261
vn -0.0000 -0.5194 -0.8545
vn -0.0000 -0.6544 -0.7561
vn -0.0000 -0.9790 0.2039
vn -0.0000 -1.0000 -0.0095
vn -0.0000 -0.9250 0.3800
vn -0.0000 -0.9896 -0.1436
vn -0.0000 -0.9640 0.2659
vn -0.0000 -0.8978 -0.4404
vn -0.0000 0.4059 0.9139
vn -0.0000 -0.4208 0.9071
vn -0.0000 0.0815 -0.9967
vn -0.0000 0.1093 -0.9940
vn -0.0000 0.0537 -0.9986
vn -0.0000 -0.2598 0.9657
vn -0.0000 0.5177 0.8556
vn -0.0000 -0.6486 -0.7611
vn -0.0000 -0.4286 -0.9035
vn -0.0000 -0.7515 0.6597
vn -0.0000 -0.5188 -0.8549
vn -0.0000 0.0430 -0.9991
vn -0.0000 -0.9723 -0.2337
vn -0.0000 -0.9992 -0.0395
vn -0.0000 -0.9080 -0.4189
vn -0.0000 -0.3060 0.9520
vn -0.0000 -0.2709 0.9626
vn -0.0000 -0.8269 0.5623
vn -0.0000 0.7389 -0.6738
vn -0.0000 0.8250 -0.5651
vn -0.0000 -0.2854 -0.9584
vn -0.0000 -0.3687 0.9296
vn -0.0000 -0.4947 0.8691
vn -0.0000 0.8162 -0.5777
vn -0.0000 0.7179 -0.6962
vn -0.0000 0.9999 -0.0149
vn -0.0000 1.0000 0.0070
vn -0.0000 0.9993 -0.0367
vn -0.0000 -0.4024 -0.9155
vn -0.0000 -0.4608 -0.8875
vn -0.0000 -0.1740 -0.9847
vn -0.0000 0.1139 0.9935
vn -0.0000 -0.1594 0.9872
vn -0.0000 -0.0591 -0.9983
vn -0.0000 0.2547 0.9670
vn -0.0000 -0.2723 0.9622
vn -0.0000 -0.9396 -0.3422
vn -0.0000 -0.8265 -0.5629
vn -0.0000 -0.9975 -0.0702
vn -0.0000 -0.9992 -0.0399
vn -0.0000 0.9804 -0.1969
vn -0.0000 0.9850 -0.1725
vn -0.0000 0.9752 -0.2213
vn -0.0000 0.3375 -0.9413
vn -0.0000 -0.1835 -0.9830
vn -0.0000 -0.2709 -0.9626
vn -0.0000 -0.0730 0.9973
vn -0.0000 -0.1176 0.9931
vn -0.0000 0.5489 0.8359
vn -0.0000 0.9134 0.4070
vn -0.0000 0.8773 -0.4800
vn -0.0000 0.9629 -0.2698
vn -0.0000 0.9537 -0.3008
vn -0.0000 0.7864 -0.6177
vn -0.0000 0.9976 -0.0688
vn -0.0000 0.7257 -0.6880
vn -0.0000 -0.0059 1.0000
vn -0.0000 0.1503 0.9886
vn -0.0000 -0.9992 -0.0400
vn -0.0000 0.9748 0.2229
vn -0.0000 0.9107 -0.4131
vn -0.0000 0.9859 0.1672
vn -0.0000 0.6950 0.7190
vn -0.0000 0.3717 -0.9284
vn -0.0000 0.4489 -0.8936
vn -0.0000 0.4259 -0.9048
vn -0.0000 0.2719 0.9623
vn -0.0000 0.2317 0.9728
vn -0.0000 0.3115 0.9502
vn -0.0000 0.7464 -0.6655
vn -0.0000 0.8919 -0.4523
vn -0.0000 0.8992 -0.4376
vn -0.0000 0.9647 0.2635
vn -0.0000 0.1578 -0.9875
vn -0.0000 0.4002 -0.9164
vn -0.0000 0.6205 0.7842
vn -0.0000 0.5902 0.8072
vn -0.0000 0.6500 0.7600
vn -0.3860 -0.1793 -0.9049
vn -0.3885 -0.1755 -0.9046
vn -0.3596 -0.3017 -0.8830
vn -0.3596 -0.3026 -0.8827
vn -0.9872 -0.0500 -0.1514
vn -0.9876 -0.0478 -0.1499
vn -0.9868 -0.0509 -0.1538
vn -0.9869 -0.0502 -0.1534
vn -0.9886 -0.0337 -0.1469
vn -0.9886 -0.0336 -0.1469
vn -0.5738 0.1536 0.8044
vn -0.5734 0.1442 0.8065
vn -0.5802 0.3053 0.7551
vn -0.5804 0.3119 0.7522
vn -0.4507 -0.0494 -0.8913
vn -0.4547 -0.0385 -0.8898
vn 0.3923 0.1985 0.8982
vn 0.3880 0.2062 0.8983
vn 0.3459 0.3627 0.8653
vn 0.3458 0.3613 0.8659
vn 0.3601 0.5094 0.7815
vn 0.3600 0.5087 0.7821
vn 0.3853 0.6451 0.6599
vn 0.3855 0.6463 0.6586
vn 0.9890 0.0569 0.1365
vn 0.9882 0.0588 0.1418
vn 0.9863 0.0557 0.1552
vn 0.9862 0.0565 0.1556
vn 0.5565 -0.1506 -0.8171
vn 0.5611 -0.1563 -0.8129
vn 0.5966 -0.2745 -0.7542
vn 0.5963 -0.2704 -0.7559
vn 0.4159 0.7637 0.4937
vn 0.4160 0.7640 0.4931
vn -0.3758 -0.4579 -0.8057
vn -0.3758 -0.4576 -0.8059
vn -0.3958 -0.6217 -0.6759
vn -0.5845 0.4711 0.6606
vn -0.5845 0.4694 0.6618
vn -0.5824 0.6184 0.5277
vn -0.5824 0.6181 0.5280
vn -0.9894 -0.0223 -0.1436
vn 0.5106 0.0123 -0.8597
vn 0.5043 0.0484 -0.8621
vn 0.9882 0.0383 0.1481
vn 0.9882 0.0382 0.1481
vn 0.9893 0.0248 0.1440
vn 0.6023 -0.4378 -0.6676
vn 0.6022 -0.4390 -0.6668
vn 0.5927 -0.6039 -0.5329
vn 0.5927 -0.6038 -0.5330
vn -0.4192 -0.7590 -0.4981
vn -0.5679 0.7432 0.3538
vn -0.9896 -0.0186 -0.1429
vn 0.4472 0.8459 0.2907
vn 0.9896 0.0193 0.1429
vn 0.5703 -0.7407 -0.3551
vn -0.4475 -0.8455 -0.2911
vn -0.5419 0.8273 0.1481
vn -0.5419 0.8273 0.1480
vn -0.9896 -0.0183 -0.1430
vn 0.4791 0.8751 0.0692
vn 0.9896 0.0183 0.1430
vn 0.5420 -0.8272 -0.1482
vn -0.4791 -0.8751 -0.0692
vn -0.5105 0.8567 -0.0738
vn 0.5116 0.8455 -0.1526
vn 0.5105 -0.8567 0.0738
vn -0.5116 -0.8455 0.1526
vn -0.4779 0.8272 -0.2955
vn 0.5431 0.7590 -0.3591
vn 0.4779 -0.8272 0.2955
vn -0.5431 -0.7590 0.3590
vn -0.4465 0.7407 -0.5020
vn 0.5723 0.6201 -0.5366
vn 0.5723 0.6202 -0.5365
vn 0.4465 -0.7407 0.5020
vn -0.5712 -0.6214 0.5362
vn -0.4196 0.6013 -0.6800
vn 0.6005 0.4313 -0.6733
vn 0.6003 0.4324 -0.6728
vn 0.4183 -0.6031 0.6792
vn -0.5942 -0.4421 0.6720
vn -0.4047 0.4110 -0.8169
vn -0.9896 -0.0188 -0.1428
vn 0.6248 0.1962 -0.7557
vn 0.6244 0.2015 -0.7547
vn 0.9896 0.0195 0.1425
vn 0.3954 -0.4238 0.8149
vn -0.6109 -0.2327 0.7567
vn -0.6109 -0.2326 0.7567
vn -0.4058 0.1722 -0.8976
vn -0.4059 0.1708 -0.8978
vn -0.9899 -0.0221 -0.1400
vn -0.9899 -0.0221 -0.1399
vn 0.6134 0.0853 -0.7852
vn 0.6125 0.0861 -0.7858
vn 0.9901 0.0243 0.1384
vn 0.9901 0.0242 0.1384
vn 0.3818 -0.2125 0.8995
vn 0.3818 -0.2126 0.8995
vn -0.6314 -0.0434 0.7743
vn -0.6310 -0.0452 0.7745
vn -0.3249 0.0524 -0.9443
vn -0.3287 0.0518 -0.9430
vn -0.9905 -0.0255 -0.1353
vn -0.9905 -0.0255 -0.1354
vn 0.4093 0.3606 -0.8381
vn 0.5114 0.3681 -0.7765
vn 0.9905 0.0067 0.1377
vn 0.9904 0.0044 0.1380
vn 0.3043 -0.0516 0.9512
vn 0.3021 -0.0501 0.9520
vn -0.6587 -0.0337 0.7517
vn -0.6558 -0.0189 0.7547
vn -0.2444 0.0642 -0.9676
vn -0.9802 0.0688 -0.1856
vn -0.9868 0.0222 -0.1601
vn 0.3141 0.5230 -0.7924
vn 0.4350 0.5259 -0.7309
vn 0.9792 -0.1031 0.1748
vn 0.9438 -0.2404 0.2266
vn 0.2281 -0.0017 0.9736
vn -0.6941 0.1941 0.6932
vn -0.6934 0.1447 0.7059
vn 0.1327 0.5023 -0.8545
vn -0.9810 0.0393 -0.1897
vn -0.9743 0.0906 -0.2061
vn 0.6166 -0.4065 -0.6742
vn 0.9443 -0.2473 0.2171
vn 0.9802 -0.1215 0.1562
vn -0.1513 -0.3638 0.9191
vn -0.3484 0.7399 0.5755
vn -0.7219 0.5359 0.4378
vn 0.0192 -0.4208 -0.9070
vn -0.9963 -0.0796 -0.0314
vn -0.9950 -0.0474 -0.0876
vn 0.2823 -0.8965 -0.3413
vn 0.4462 -0.8751 -0.1872
vn 0.1654 -0.9353 -0.3129
vn 0.9932 -0.0349 0.1111
vn 0.9931 -0.0355 0.1116
vn -0.1073 0.4831 0.8689
vn -0.6637 0.6758 0.3206
vn -0.1207 -0.9325 -0.3403
vn -0.2863 -0.9297 -0.2317
vn -0.9847 -0.1481 0.0913
vn -0.4523 -0.8913 0.0325
vn 0.9943 -0.0252 0.1037
vn 0.5267 -0.3665 0.7670
vn 0.5266 -0.3741 0.7634
vn 0.5146 -0.0290 0.8570
vn 0.5155 -0.0416 0.8559
vn 0.0687 0.9082 0.4128
vn 0.1258 0.8488 0.5135
vn -0.4605 0.6345 -0.6208
vn -0.4582 0.6381 -0.6188
vn -0.4606 0.6344 -0.6208
vn -0.9823 -0.0654 -0.1755
vn -0.9830 -0.0590 -0.1739
vn -0.9784 -0.1101 -0.1749
vn -0.9781 -0.1176 -0.1716
vn -0.4700 0.5134 -0.7179
vn -0.4701 0.5111 -0.7196
vn -0.4815 0.2136 -0.8500
vn -0.4817 0.2090 -0.8510
vn -0.6886 -0.5583 -0.4628
vn -0.1141 0.9184 0.3788
vn 0.4647 0.1158 0.8779
vn 0.4705 0.1154 0.8748
vn -0.0031 -0.7116 0.7026
vn 0.8804 -0.3608 -0.3078
vn -0.8640 -0.3484 0.3635
vn 0.7569 0.6454 0.1022
vn -0.8512 0.5053 -0.1421
vn -0.0154 0.9644 -0.2639
vn 0.7820 -0.3429 0.5204
vn -0.8417 0.5317 0.0935
vn 0.8386 0.5324 0.1153
vn 0.1029 0.9535 0.2831
vn -0.5252 -0.6640 0.5323
vn -0.5467 -0.5460 0.6348
vn -0.5512 -0.4989 0.6688
vn 0.5123 -0.5445 0.6641
vn 0.9970 -0.0331 0.0699
vn 0.9960 -0.0234 0.0863
vn 0.9856 0.0603 0.1582
vn 0.9859 0.0541 0.1583
vn 0.5020 0.7057 -0.5000
vn 0.5010 0.7070 -0.4992
vn 0.4918 0.6084 -0.6229
vn 0.4934 0.6293 -0.6004
vn -0.9716 -0.0610 -0.2287
vn -0.9265 -0.1242 -0.3551
vn -0.9689 -0.0659 -0.2386
vn -0.5627 -0.2536 0.7868
vn -0.5640 -0.1905 0.8035
vn 0.9832 0.1189 0.1386
vn 0.9833 0.1114 0.1441
vn 0.4854 0.3256 -0.8114
vn 0.4857 0.3698 -0.7921
vn 0.4999 -0.8516 0.1578
vn 0.9905 -0.1170 -0.0727
vn -0.5653 -0.0123 0.8248
vn -0.5667 0.0124 0.8238
vn -0.9831 -0.0956 -0.1560
vn -0.9854 -0.0771 -0.1520
vn 0.5124 0.6923 -0.5081
vn 0.9891 0.0840 0.1213
vn 0.9870 0.1036 0.1229
vn 0.8666 -0.0488 -0.4966
vn 0.8667 -0.0468 -0.4966
vn 0.8365 -0.2343 -0.4953
vn -0.0000 -0.0204 -0.9998
vn -0.8666 0.0331 -0.4980
vn -0.8667 0.0309 -0.4979
vn -0.8365 0.2139 -0.5045
vn 0.8449 0.1750 -0.5055
vn 0.8440 0.1791 -0.5056
vn -0.8667 0.0512 0.4962
vn -0.8666 0.0534 0.4962
vn -0.8365 0.2343 0.4953
vn -0.7500 0.4431 0.4911
vn -0.6124 0.6224 0.4874
vn -0.0000 0.0204 0.9998
vn 0.8667 -0.0265 0.4981
vn 0.8666 -0.0286 0.4982
vn 0.8365 -0.2139 0.5045
vn -0.4330 0.7600 0.4846
vn 0.7500 -0.4431 -0.4911
vn 0.6124 -0.6224 -0.4874
vn -0.7500 0.4227 -0.5087
vn -0.6124 0.6021 -0.5124
vn 0.8449 0.1955 0.4979
vn 0.8440 0.1996 0.4978
vn 0.7500 -0.4227 0.5087
vn 0.6124 -0.6020 0.5124
vn 0.4330 -0.7600 -0.4846
vn -0.4330 0.7396 -0.5152
vn -0.2241 0.8465 0.4828
vn 0.4330 -0.7396 0.5152
vn 0.2241 -0.8465 -0.4828
vn -0.2241 0.8261 -0.5170
vn -0.0000 0.8760 0.4822
vn 0.2241 -0.8261 0.5170
vn -0.0000 -0.8760 -0.4822
vn -0.0000 0.8556 -0.5176
vn 0.2241 0.8465 0.4828
vn -0.0000 -0.8556 0.5176
vn -0.2241 -0.8465 -0.4828
vn 0.2241 0.8261 -0.5170
vn 0.4330 0.7600 0.4846
vn -0.2241 -0.8261 0.5170
vn -0.4330 -0.7600 -0.4846
vn 0.4330 0.7396 -0.5152
vn 0.6124 0.6224 0.4874
vn -0.4330 -0.7396 0.5152
vn -0.6124 -0.6224 -0.4874
vn 0.6124 0.6021 -0.5124
vn 0.7500 0.4431 0.4911
vn -0.6124 -0.6020 0.5124
vn -0.7500 -0.4431 -0.4911
vn 0.7500 0.4227 -0.5087
vn 0.8365 0.2343 0.4953
vn -0.7500 -0.4227 0.5087
vn -0.8365 -0.2343 -0.4953
vn 0.8365 0.2139 -0.5045
vn 0.8666 0.0534 0.4962
vn 0.8667 0.0512 0.4962
vn -0.8365 -0.2139 0.5045
vn -0.8667 -0.0468 -0.4966
vn -0.8666 -0.0488 -0.4966
vn 0.8667 0.0309 -0.4979
vn 0.8666 0.0331 -0.4980
vn 0.8458 -0.1703 0.5055
vn 0.8448 -0.1750 0.5057
vn -0.8666 -0.0286 0.4982
vn -0.8667 -0.0265 0.4981
vn -0.8440 0.1791 -0.5056
vn -0.8449 0.1750 -0.5055
vn 0.8448 -0.1955 -0.4981
vn 0.8458 -0.1908 -0.4982
vn -0.8449 0.1955 0.4979
vn -0.8440 0.1996 0.4978
vn -0.6124 0.6020 -0.5124
vn 0.4330 0.7397 -0.5152
vn 0.6124 0.6020 -0.5124
vn -0.8458 -0.1703 0.5055
vn -0.8448 -0.1750 0.5057
vn -0.8448 -0.1955 -0.4981
vn -0.8458 -0.1908 -0.4982
vt 0.558159 0.101230
vt 0.574357 0.079194
vt 0.569389 0.069896
vt 0.545124 0.119771
vt 0.592685 0.066178
vt 0.588005 0.054944
vt 0.616335 0.060387
vt 0.611699 0.040453
vt 0.660902 0.062981
vt 0.669179 0.045518
vt 0.635558 0.029403
vt 0.688670 0.029759
vt 0.716900 0.007540
vt 0.659518 0.022475
vt 0.659699 0.068607
vt 0.625859 0.064546
vt 0.625323 0.074118
vt 0.656698 0.081770
vt 0.677857 0.115136
vt 0.610037 0.102904
vt 0.605983 0.111191
vt 0.660034 0.121424
vt 0.667924 0.108820
vt 0.611873 0.097688
vt 0.613567 0.095152
vt 0.663642 0.104133
vt 0.585747 0.130947
vt 0.600362 0.137797
vt 0.558994 0.150853
vt 0.559735 0.155337
vt 0.525764 0.175562
vt 0.526252 0.190019
vt 0.509169 0.195397
vt 0.510593 0.216845
vt 0.391450 0.374625
vt 0.404485 0.393166
vt 0.379425 0.344136
vt 0.374740 0.353132
vt 0.360338 0.329860
vt 0.355661 0.341070
vt 0.336625 0.315520
vt 0.331989 0.335454
vt 0.279145 0.320585
vt 0.287422 0.338048
vt 0.312765 0.304470
vt 0.288806 0.297542
vt 0.231423 0.282607
vt 0.259654 0.304826
vt 0.288625 0.343674
vt 0.291626 0.356837
vt 0.323001 0.349185
vt 0.322464 0.339613
vt 0.270428 0.389936
vt 0.288322 0.396568
vt 0.342355 0.386293
vt 0.338246 0.377718
vt 0.280329 0.383352
vt 0.336402 0.372410
vt 0.284689 0.379341
vt 0.334765 0.370352
vt 0.347962 0.412864
vt 0.362576 0.406014
vt 0.388589 0.430404
vt 0.389329 0.425920
vt 0.422127 0.465052
vt 0.422579 0.450617
vt 0.440989 0.492164
vt 0.440339 0.469714
vt 0.459594 0.460181
vt 0.446479 0.470628
vt 0.494695 0.226388
vt 0.556869 0.099559
vt 0.543835 0.118100
vt 0.568892 0.069069
vt 0.573578 0.078065
vt 0.587974 0.054792
vt 0.592651 0.066002
vt 0.611160 0.040579
vt 0.615712 0.060442
vt 0.668349 0.046144
vt 0.659791 0.063292
vt 0.634818 0.030114
vt 0.658949 0.020886
vt 0.716331 0.005951
vt 0.688047 0.028719
vt 0.658326 0.068969
vt 0.655355 0.081426
vt 0.623970 0.073783
vt 0.624501 0.065027
vt 0.677182 0.114029
vt 0.659435 0.119794
vt 0.605209 0.110372
vt 0.609301 0.102196
vt 0.666881 0.110192
vt 0.610748 0.099327
vt 0.662271 0.105678
vt 0.612197 0.096466
vt 0.599699 0.137672
vt 0.585403 0.130882
vt 0.559731 0.155337
vt 0.558989 0.150853
vt 0.526635 0.189672
vt 0.525896 0.175442
vt 0.508850 0.216172
vt 0.509163 0.194879
vt 0.391454 0.374626
vt 0.374745 0.353132
vt 0.379431 0.344136
vt 0.404489 0.393167
vt 0.355672 0.341069
vt 0.360349 0.329859
vt 0.332612 0.335509
vt 0.337163 0.315646
vt 0.288533 0.338359
vt 0.279974 0.321211
vt 0.313506 0.305181
vt 0.260277 0.303786
vt 0.231992 0.281018
vt 0.289375 0.295953
vt 0.289997 0.344036
vt 0.323823 0.340094
vt 0.324354 0.348850
vt 0.292968 0.356493
vt 0.271142 0.389096
vt 0.339022 0.377263
vt 0.343115 0.385439
vt 0.288888 0.394861
vt 0.281443 0.385259
vt 0.337575 0.374394
vt 0.336126 0.371533
vt 0.286052 0.380745
vt 0.362921 0.405949
vt 0.348624 0.412739
vt 0.389334 0.425920
vt 0.388592 0.430404
vt 0.422427 0.450509
vt 0.421688 0.464740
vt 0.439160 0.469946
vt 0.439474 0.492775
vt 0.444260 0.472072
vt 0.457375 0.461624
vt 0.492373 0.225678
vt 0.545124 0.119771
vt 0.659518 0.022475
vt 0.678142 0.115039
vt 0.660491 0.120249
vt 0.606175 0.110666
vt 0.610224 0.103351
vt 0.667684 0.111726
vt 0.611720 0.100143
vt 0.663575 0.105077
vt 0.613500 0.096009
vt 0.558994 0.150853
vt 0.526247 0.190005
vt 0.525762 0.175558
vt 0.505968 0.218333
vt 0.507655 0.195752
vt 0.499592 0.215718
vt 0.493018 0.213207
vt 0.497749 0.221053
vt 0.491047 0.233110
vt 0.360338 0.329860
vt 0.336625 0.315520
vt 0.279145 0.320585
vt 0.312765 0.304470
vt 0.270181 0.390106
vt 0.338100 0.378418
vt 0.342148 0.385733
vt 0.287832 0.395316
vt 0.280639 0.386793
vt 0.336603 0.375210
vt 0.334823 0.371076
vt 0.284748 0.380144
vt 0.422694 0.450571
vt 0.422452 0.464917
vt 0.440881 0.470238
vt 0.442401 0.493156
vt 0.455500 0.488144
vt 0.448707 0.490603
vt 0.457277 0.508178
vt 0.450575 0.496120
vt 0.471130 0.212151
vt 0.484986 0.197845
vt 0.556869 0.099559
vt 0.615712 0.060442
vt 0.609301 0.102196
vt 0.525896 0.175442
vt 0.508850 0.217708
vt 0.495307 0.210896
vt 0.502876 0.214444
vt 0.492591 0.229987
vt 0.499293 0.217930
vt 0.404489 0.393167
vt 0.360349 0.329859
vt 0.288533 0.338359
vt 0.313505 0.305181
vt 0.289997 0.344036
vt 0.324354 0.348850
vt 0.281443 0.385259
vt 0.388592 0.430404
vt 0.421688 0.464740
vt 0.445448 0.489511
vt 0.453017 0.485963
vt 0.449031 0.492997
vt 0.455732 0.505054
vt 0.487065 0.195501
vt 0.473209 0.209807
vt 0.010883 0.358715
vt 0.010883 0.398024
vt 0.043753 0.398024
vt 0.043753 0.358715
vt 0.043753 0.254633
vt 0.010883 0.254633
vt 0.010883 0.223903
vt 0.043753 0.223903
vt 0.004006 0.120047
vt 0.004006 0.146474
vt 0.042892 0.146474
vt 0.042892 0.120047
vt 0.004006 0.127330
vt 0.042892 0.127330
vt 0.042892 0.033649
vt 0.004006 0.033649
vt 0.004006 0.005991
vt 0.042892 0.005991
vt 0.042892 0.029590
vt 0.004006 0.029590
vt 0.084790 0.358715
vt 0.084790 0.398024
vt 0.117661 0.398024
vt 0.117661 0.358715
vt 0.117661 0.254633
vt 0.084790 0.254633
vt 0.084790 0.223903
vt 0.117661 0.223903
vt 0.085705 0.120047
vt 0.085705 0.146474
vt 0.124591 0.146474
vt 0.124591 0.120047
vt 0.085705 0.127330
vt 0.124591 0.127330
vt 0.124591 0.033649
vt 0.085705 0.033649
vt 0.085705 0.005991
vt 0.124591 0.005991
vt 0.124591 0.029590
vt 0.085705 0.029590
vt 0.882221 0.164170
vt 0.882383 0.170600
vt 0.867855 0.170600
vt 0.868483 0.164170
vt 0.883392 0.156696
vt 0.867855 0.156696
vt 0.867266 0.139548
vt 0.883981 0.139548
vt 0.885417 0.129460
vt 0.865829 0.129460
vt 0.890343 0.121895
vt 0.860904 0.121895
vt 0.883955 0.112312
vt 0.867292 0.112312
vt 0.872269 0.108781
vt 0.878978 0.108781
vt 0.772577 0.873062
vt 0.772577 0.990720
vt 0.799356 0.990720
vt 0.799356 0.873062
vt 0.799356 0.662899
vt 0.772577 0.662899
vt 0.807200 0.588347
vt 0.797540 0.580102
vt 0.778024 0.580102
vt 0.774153 0.590090
vt 0.792698 0.557708
vt 0.799356 0.624861
vt 0.799356 0.612013
vt 0.772374 0.624861
vt 0.767665 0.612013
vt 0.799792 0.600180
vt 0.770314 0.601052
vt 0.793001 0.533801
vt 0.796935 0.509895
vt 0.778629 0.563761
vt 0.778024 0.523815
vt 0.774212 0.526621
vt 0.800747 0.507089
vt 0.778326 0.543788
vt 0.793450 0.500650
vt 0.785044 0.495029
vt 0.786463 0.493985
vt 0.771421 0.505056
vt 0.772262 0.516247
vt 0.766647 0.473024
vt 0.766647 0.506101
vt 0.760717 0.873062
vt 0.733938 0.873062
vt 0.733938 0.990720
vt 0.760717 0.990720
vt 0.733938 0.662899
vt 0.760717 0.662899
vt 0.726094 0.588347
vt 0.759141 0.590090
vt 0.755270 0.580102
vt 0.735754 0.580102
vt 0.740596 0.557708
vt 0.733938 0.624861
vt 0.733938 0.612013
vt 0.760920 0.624861
vt 0.765629 0.612013
vt 0.733502 0.600180
vt 0.762979 0.601052
vt 0.740293 0.533801
vt 0.736359 0.509895
vt 0.754665 0.563761
vt 0.755270 0.523815
vt 0.732548 0.507089
vt 0.759082 0.526621
vt 0.754968 0.543788
vt 0.739844 0.500650
vt 0.748250 0.495029
vt 0.746831 0.493985
vt 0.761032 0.516247
vt 0.761873 0.505056
vt 0.901309 0.184503
vt 0.901309 0.199741
vt 0.895846 0.203204
vt 0.895846 0.184911
vt 0.908093 0.198580
vt 0.908093 0.180245
vt 0.930817 0.180245
vt 0.934887 0.166310
vt 0.925729 0.198580
vt 0.913519 0.166310
vt 0.917589 0.155085
vt 0.938956 0.155085
vt 0.942009 0.147731
vt 0.919285 0.147731
vt 0.920981 0.139602
vt 0.951586 0.120697
vt 0.930178 0.120697
vt 0.931156 0.115991
vt 0.953201 0.115991
vt 0.943705 0.139989
vt 0.933530 0.080380
vt 0.953201 0.072113
vt 0.953201 0.062574
vt 0.933530 0.072638
vt 0.927255 0.134764
vt 0.946757 0.134764
vt 0.926068 0.114829
vt 0.986779 0.044769
vt 0.984598 0.049469
vt 0.974569 0.071090
vt 0.926747 0.085024
vt 0.924033 0.077283
vt 0.920642 0.113668
vt 0.921320 0.094895
vt 0.915893 0.098572
vt 0.915215 0.114829
vt 0.908771 0.099733
vt 0.899444 0.098185
vt 0.907923 0.130699
vt 0.889100 0.117152
vt 0.891813 0.089669
vt 0.909110 0.117152
vt 0.902157 0.070509
vt 0.890117 0.037414
vt 0.876159 0.109797
vt 0.876159 0.082315
vt 0.876159 0.006061
vt 0.876159 0.044188
vt 0.891720 0.081047
vt 0.876159 0.065158
vt 0.851008 0.184503
vt 0.856472 0.184911
vt 0.856472 0.203204
vt 0.851008 0.199741
vt 0.844225 0.180245
vt 0.844225 0.198580
vt 0.821501 0.180245
vt 0.817431 0.166310
vt 0.826588 0.198580
vt 0.813361 0.155085
vt 0.834728 0.155085
vt 0.838798 0.166310
vt 0.833033 0.147731
vt 0.810309 0.147731
vt 0.831337 0.139602
vt 0.800732 0.120697
vt 0.799116 0.115991
vt 0.821162 0.115991
vt 0.822140 0.120697
vt 0.808613 0.139989
vt 0.818788 0.080380
vt 0.818788 0.072638
vt 0.799116 0.062574
vt 0.799116 0.072113
vt 0.825062 0.134764
vt 0.805560 0.134764
vt 0.826249 0.114829
vt 0.765539 0.044769
vt 0.767719 0.049469
vt 0.777749 0.071090
vt 0.825571 0.085024
vt 0.828284 0.077283
vt 0.831676 0.113668
vt 0.837102 0.114829
vt 0.836424 0.098572
vt 0.830998 0.094895
vt 0.843547 0.099733
vt 0.852874 0.098185
vt 0.860505 0.089669
vt 0.863218 0.117152
vt 0.844395 0.130699
vt 0.843207 0.117152
vt 0.850160 0.070509
vt 0.862201 0.037414
vt 0.860598 0.081047
vt 0.896379 0.888938
vt 0.902068 0.894519
vt 0.886883 0.907955
vt 0.873067 0.905279
vt 0.876995 0.922844
vt 0.873880 0.937733
vt 0.919135 0.882756
vt 0.919135 0.881170
vt 0.887187 0.883357
vt 0.919135 0.879584
vt 0.859251 0.901903
vt 0.877266 0.951351
vt 0.861768 0.920168
vt 0.858652 0.935057
vt 0.846541 0.917493
vt 0.843425 0.932382
vt 0.887707 0.959673
vt 0.899559 0.955638
vt 0.860346 0.953466
vt 0.843425 0.955582
vt 0.898148 0.967995
vt 0.910001 0.957403
vt 0.868529 0.961788
vt 0.881228 0.970110
vt 0.849351 0.963904
vt 0.864308 0.972226
vt 0.895902 0.978685
vt 0.910001 0.971021
vt 0.878982 0.978783
vt 0.916773 0.963960
vt 0.917338 0.947820
vt 0.910565 0.941263
vt 0.906896 0.952107
vt 0.916773 0.944289
vt 0.916209 0.940759
vt 0.904357 0.927141
vt 0.909718 0.936220
vt 0.941891 0.888938
vt 0.965203 0.905279
vt 0.951387 0.907955
vt 0.936202 0.894519
vt 0.961275 0.922844
vt 0.964390 0.937733
vt 0.952133 0.883357
vt 0.982172 0.902604
vt 0.961004 0.951351
vt 0.976502 0.920168
vt 0.979618 0.935057
vt 0.994845 0.932382
vt 0.991729 0.917493
vt 0.950563 0.959673
vt 0.938711 0.955638
vt 0.977924 0.953466
vt 0.994845 0.955582
vt 0.928270 0.957403
vt 0.940122 0.967995
vt 0.969741 0.961788
vt 0.957042 0.970110
vt 0.973962 0.972226
vt 0.988919 0.963904
vt 0.942368 0.978685
vt 0.928270 0.971021
vt 0.959288 0.978783
vt 0.921497 0.963960
vt 0.920933 0.947820
vt 0.927705 0.941263
vt 0.931374 0.952107
vt 0.921497 0.944289
vt 0.922061 0.940759
vt 0.933913 0.927141
vt 0.928552 0.936220
vt 0.864391 0.759311
vt 0.865022 0.766199
vt 0.856747 0.755607
vt 0.854225 0.752124
vt 0.876323 0.774268
vt 0.876070 0.764228
vt 0.915663 0.774773
vt 0.914150 0.779816
vt 0.886410 0.782843
vt 0.863761 0.752423
vt 0.875818 0.754188
vt 0.851703 0.748640
vt 0.913646 0.752171
vt 0.925751 0.752171
vt 0.913898 0.763220
vt 0.937603 0.768641
vt 0.937351 0.756205
vt 0.948951 0.766293
vt 0.949204 0.775577
vt 0.926003 0.763976
vt 0.926255 0.775781
vt 0.954751 0.793939
vt 0.960047 0.809070
vt 0.937855 0.781077
vt 0.949456 0.784860
vt 0.931551 0.754188
vt 0.931803 0.766309
vt 0.932055 0.780951
vt 0.963830 0.795751
vt 0.956517 0.785664
vt 0.955256 0.774363
vt 0.961560 0.782432
vt 0.888932 0.789904
vt 0.930794 0.787634
vt 0.888932 0.792678
vt 0.888932 0.797469
vt 0.931298 0.792426
vt 0.919194 0.785869
vt 0.937855 0.818148
vt 0.901037 0.823192
vt 0.920202 0.842358
vt 0.953995 0.837314
vt 0.995353 0.865559
vt 0.961560 0.861019
vt 0.908349 0.578499
vt 0.909500 0.590755
vt 0.894355 0.581971
vt 0.892054 0.571785
vt 0.924645 0.599541
vt 0.924645 0.585213
vt 0.953510 0.594521
vt 0.944725 0.587723
vt 0.906362 0.560466
vt 0.924645 0.560466
vt 0.937822 0.560466
vt 0.935940 0.578938
vt 0.947235 0.572663
vt 0.951000 0.560466
vt 0.888080 0.554191
vt 0.937309 0.548144
vt 0.924645 0.549171
vt 0.924645 0.532856
vt 0.936567 0.530346
vt 0.948490 0.537876
vt 0.949973 0.551225
vt 0.913140 0.539131
vt 0.910003 0.554400
vt 0.923873 0.627963
vt 0.916867 0.643251
vt 0.904699 0.638276
vt 0.904699 0.626873
vt 0.899127 0.615471
vt 0.893804 0.626121
vt 0.943047 0.648226
vt 0.943047 0.629052
vt 0.915554 0.614426
vt 0.926409 0.618051
vt 0.916867 0.662515
vt 0.932889 0.667490
vt 0.889890 0.644183
vt 0.890092 0.633746
vt 0.886380 0.641373
vt 0.884560 0.654230
vt 0.893804 0.642152
vt 0.893804 0.634136
vt 0.888870 0.669715
vt 0.889689 0.654620
vt 0.908111 0.677926
vt 0.900966 0.686963
vt 0.909492 0.691938
vt 0.905710 0.700974
vt 0.900966 0.696000
vt 0.919580 0.682901
vt 0.902227 0.710290
vt 0.906550 0.723671
vt 0.956697 0.399235
vt 0.954121 0.419103
vt 0.921216 0.431541
vt 0.912163 0.401812
vt 0.909143 0.436809
vt 0.897070 0.442077
vt 0.960032 0.373522
vt 0.990832 0.381942
vt 0.985227 0.390027
vt 0.903756 0.367105
vt 0.979623 0.398112
vt 0.899330 0.389517
vt 0.883786 0.398132
vt 0.866256 0.480602
vt 0.901915 0.416429
vt 0.888017 0.412348
vt 0.857203 0.450874
vt 0.847549 0.478476
vt 0.852259 0.518272
vt 0.859392 0.406533
vt 0.843851 0.382925
vt 0.826215 0.391218
vt 0.837044 0.407256
vt 0.888922 0.370243
vt 0.874733 0.368403
vt 0.889466 0.366047
vt 0.817245 0.413547
vt 0.797887 0.424245
vt 0.861486 0.374632
vt 0.880772 0.413277
vt 0.620996 0.898894
vt 0.607562 0.878627
vt 0.604344 0.884347
vt 0.621942 0.914307
vt 0.647540 0.953327
vt 0.646082 0.929588
vt 0.589306 0.860080
vt 0.588542 0.866598
vt 0.669737 0.985393
vt 0.659388 0.962200
vt 0.568096 0.860065
vt 0.567640 0.866613
vt 0.641845 0.879588
vt 0.628679 0.863535
vt 0.625395 0.868151
vt 0.642602 0.891909
vt 0.667686 0.922819
vt 0.666520 0.903841
vt 0.610665 0.855663
vt 0.613948 0.851046
vt 0.689458 0.948205
vt 0.679408 0.929773
vt 0.594013 0.851180
vt 0.597297 0.846563
vt 0.568545 0.846055
vt 0.567941 0.851688
vt 0.664427 0.525490
vt 0.701679 0.521554
vt 0.697926 0.530936
vt 0.645037 0.539421
vt 0.573571 0.547312
vt 0.603436 0.525855
vt 0.513723 0.552427
vt 0.551508 0.541993
vt 0.682308 0.422397
vt 0.702966 0.446354
vt 0.697557 0.453370
vt 0.667155 0.422397
vt 0.627399 0.376794
vt 0.650737 0.376794
vt 0.594659 0.337038
vt 0.617997 0.354578
vt 0.713948 0.413433
vt 0.722094 0.436716
vt 0.715387 0.437395
vt 0.701923 0.405315
vt 0.686073 0.360763
vt 0.704593 0.373267
vt 0.673777 0.322951
vt 0.686259 0.344398
vt 0.659244 0.450339
vt 0.689787 0.468330
vt 0.684771 0.476764
vt 0.640783 0.454526
vt 0.582116 0.420399
vt 0.610550 0.413952
vt 0.533308 0.390119
vt 0.565677 0.401020
vt 0.648163 0.486583
vt 0.690558 0.496529
vt 0.684983 0.507028
vt 0.624372 0.496615
vt 0.542992 0.477969
vt 0.579634 0.462518
vt 0.475058 0.460443
vt 0.518992 0.462287
vt 0.326954 0.746199
vt 0.365041 0.747027
vt 0.374791 0.710624
vt 0.333716 0.709903
vt 0.408506 0.747973
vt 0.421667 0.711445
vt 0.414765 0.666520
vt 0.368832 0.666229
vt 0.328583 0.665975
vt 0.334734 0.613033
vt 0.302718 0.613638
vt 0.372179 0.612267
vt 0.329325 0.563780
vt 0.294318 0.566050
vt 0.271832 0.567504
vt 0.242021 0.526633
vt 0.255433 0.524993
vt 0.244234 0.513115
vt 0.232723 0.514420
vt 0.268570 0.519998
vt 0.253999 0.508440
vt 0.239427 0.496885
vt 0.233035 0.501237
vt 0.223424 0.502207
vt 0.285778 0.492984
vt 0.309248 0.504250
vt 0.316054 0.483601
vt 0.292754 0.472289
vt 0.332427 0.516593
vt 0.337917 0.498313
vt 0.333532 0.478880
vt 0.319811 0.460710
vt 0.299660 0.449259
vt 0.286098 0.533632
vt 0.298606 0.521034
vt 0.278318 0.509258
vt 0.321492 0.534667
vt 0.258630 0.498137
vt 0.238904 0.487151
vt 0.261825 0.483521
vt 0.237583 0.475137
vt 0.267928 0.466629
vt 0.242669 0.464417
vt 0.276521 0.448760
vt 0.255795 0.455393
vt 0.268813 0.539057
vt 0.252722 0.540902
vt 0.099786 0.499950
vt 0.115689 0.486860
vt 0.104343 0.470349
vt 0.082515 0.483196
vt 0.135837 0.476066
vt 0.131388 0.462224
vt 0.118445 0.453421
vt 0.092019 0.454465
vt 0.065126 0.466873
vt 0.086385 0.536086
vt 0.090962 0.516869
vt 0.070939 0.502922
vt 0.066313 0.526096
vt 0.051322 0.489625
vt 0.052307 0.512513
vt 0.094724 0.577153
vt 0.126735 0.545584
vt 0.109904 0.532460
vt 0.102561 0.550838
vt 0.133813 0.528884
vt 0.116864 0.516618
vt 0.139087 0.514485
vt 0.126925 0.502864
vt 0.145088 0.500397
vt 0.139245 0.490134
vt 0.110528 0.803614
vt 0.071266 0.803534
vt 0.055642 0.829043
vt 0.099278 0.828989
vt 0.024631 0.803495
vt 0.004905 0.829262
vt 0.001930 0.846102
vt 0.036919 0.852228
vt 0.075251 0.860929
vt 0.112209 0.741522
vt 0.073500 0.740680
vt 0.078124 0.773759
vt 0.115386 0.774437
vt 0.027952 0.739690
vt 0.034223 0.772971
vt 0.357388 0.779559
vt 0.399325 0.780792
vt 0.320699 0.778536
vt 0.317107 0.806814
vt 0.355929 0.809739
vt 0.400784 0.813615
vt 0.360243 0.838311
vt 0.410127 0.846625
vt 0.316467 0.831933
vt 0.324584 0.866003
vt 0.366354 0.865712
vt 0.404728 0.867123
vt 0.243096 0.569218
vt 0.255487 0.568478
vt 0.240580 0.541955
vt 0.231373 0.542755
vt 0.231580 0.527474
vt 0.223663 0.528109
vt 0.223565 0.514997
vt 0.216622 0.515436
vt 0.215550 0.502521
vt 0.209581 0.502760
vt 0.274967 0.665635
vt 0.298086 0.665783
vt 0.278640 0.614079
vt 0.260385 0.614415
vt 0.276219 0.745093
vt 0.298097 0.745569
vt 0.302595 0.709358
vt 0.279000 0.708944
vt 0.060381 0.705110
vt 0.011258 0.704250
vt 0.102125 0.705843
vt 0.101646 0.664541
vt 0.060740 0.664284
vt 0.012605 0.663979
vt 0.091074 0.617511
vt 0.052261 0.618161
vt 0.123534 0.616926
vt 0.150200 0.574758
vt 0.127625 0.575892
vt 0.150308 0.533200
vt 0.152446 0.518750
vt 0.164317 0.532880
vt 0.164574 0.518715
vt 0.164832 0.504548
vt 0.154675 0.504336
vt 0.145888 0.549462
vt 0.162359 0.548738
vt 0.159246 0.742547
vt 0.139425 0.742116
vt 0.141496 0.774924
vt 0.160437 0.775288
vt 0.137419 0.803760
vt 0.156410 0.803940
vt 0.129383 0.828218
vt 0.149287 0.828005
vt 0.118138 0.853674
vt 0.139637 0.853035
vt 0.107192 0.883419
vt 0.128435 0.884670
vt 0.083331 0.883461
vt 0.075506 0.911266
vt 0.097187 0.913463
vt 0.121069 0.925979
vt 0.282712 0.854413
vt 0.281677 0.887905
vt 0.308973 0.889775
vt 0.259301 0.853243
vt 0.257403 0.887884
vt 0.251653 0.932703
vt 0.284472 0.923536
vt 0.311583 0.925435
vt 0.288594 0.805477
vt 0.284789 0.828525
vt 0.267638 0.805108
vt 0.262927 0.827952
vt 0.293016 0.777872
vt 0.272109 0.777450
vt 0.242757 0.744364
vt 0.258100 0.744699
vt 0.259461 0.708601
vt 0.242915 0.708311
vt 0.255820 0.665516
vt 0.239606 0.665413
vt 0.245266 0.614692
vt 0.232465 0.614927
vt 0.232833 0.569831
vt 0.224143 0.570349
vt 0.211556 0.529082
vt 0.217107 0.528637
vt 0.210872 0.515797
vt 0.206003 0.516105
vt 0.204637 0.502957
vt 0.200451 0.503124
vt 0.223749 0.543416
vt 0.217293 0.543975
vt 0.291196 0.949982
vt 0.316496 0.955367
vt 0.264887 0.944503
vt 0.279301 0.959032
vt 0.298634 0.970678
vt 0.314007 0.971739
vt 0.176842 0.573169
vt 0.186772 0.572577
vt 0.189529 0.546382
vt 0.182152 0.547022
vt 0.195629 0.572048
vt 0.196109 0.545811
vt 0.193339 0.530547
vt 0.187681 0.531001
vt 0.181337 0.531511
vt 0.185065 0.517422
vt 0.179501 0.517773
vt 0.190027 0.517110
vt 0.186715 0.503674
vt 0.182449 0.503845
vt 0.177665 0.504036
vt 0.151353 0.664855
vt 0.169880 0.664972
vt 0.177411 0.615938
vt 0.162782 0.616206
vt 0.186404 0.665076
vt 0.190458 0.615699
vt 0.176778 0.742929
vt 0.171759 0.707063
vt 0.152852 0.706732
vt 0.192414 0.743269
vt 0.188623 0.707360
vt 0.199432 0.853139
vt 0.187185 0.853118
vt 0.179696 0.885408
vt 0.193085 0.885582
vt 0.173569 0.853094
vt 0.164415 0.885743
vt 0.151311 0.929154
vt 0.173956 0.920339
vt 0.188520 0.920839
vt 0.211989 0.804525
vt 0.200607 0.804404
vt 0.194443 0.827985
vt 0.206072 0.827979
vt 0.187950 0.804271
vt 0.181510 0.827990
vt 0.217696 0.743819
vt 0.205724 0.743559
vt 0.204810 0.776147
vt 0.216238 0.776369
vt 0.192102 0.775901
vt 0.254812 0.777115
vt 0.240165 0.776832
vt 0.235820 0.804774
vt 0.250409 0.804928
vt 0.245326 0.827959
vt 0.230420 0.827968
vt 0.225070 0.853183
vt 0.240765 0.853211
vt 0.237713 0.887377
vt 0.221151 0.887311
vt 0.222192 0.934142
vt 0.235548 0.928192
vt 0.209948 0.571195
vt 0.216713 0.570791
vt 0.211772 0.544453
vt 0.206747 0.544889
vt 0.206809 0.529464
vt 0.202487 0.529811
vt 0.201840 0.516366
vt 0.198050 0.516605
vt 0.196872 0.503268
vt 0.193613 0.503398
vt 0.213121 0.665245
vt 0.225742 0.665325
vt 0.221519 0.615129
vt 0.211553 0.615311
vt 0.229638 0.744079
vt 0.228768 0.708063
vt 0.215888 0.707837
vt 0.173049 0.950155
vt 0.186788 0.953438
vt 0.159368 0.945192
vt 0.165041 0.963786
vt 0.174139 0.977562
vt 0.186747 0.983955
vt 0.203032 0.922214
vt 0.201428 0.953111
vt 0.216654 0.951037
vt 0.201025 0.981534
vt 0.212123 0.970053
vt 0.202977 0.707612
vt 0.200471 0.665166
vt 0.201565 0.615494
vt 0.203167 0.571599
vt 0.198156 0.530160
vt 0.194251 0.516844
vt 0.190347 0.503528
vt 0.201711 0.545325
vt 0.227641 0.776589
vt 0.223346 0.804644
vt 0.217675 0.827974
vt 0.211650 0.853161
vt 0.206397 0.886131
vt 0.131476 0.706356
vt 0.130407 0.664723
vt 0.146244 0.616509
vt 0.165615 0.573838
vt 0.174165 0.532088
vt 0.173211 0.518169
vt 0.172257 0.504252
vt 0.173812 0.547745
vt 0.157572 0.853067
vt 0.147352 0.885040
vt 0.136522 0.922446
vt 0.173081 0.804116
vt 0.166319 0.827998
vt 0.177174 0.775611
vt 0.092135 0.935344
vt 0.111092 0.937644
vt 0.073431 0.933079
vt 0.079463 0.946895
vt 0.090880 0.952452
vt 0.102608 0.949249
vt 0.368831 0.666229
vt 0.333531 0.478880
vt 0.094724 0.577153
vt 0.298086 0.665781
vt 0.011258 0.704249
vt 0.060740 0.664282
vt 0.091074 0.617511
vt 0.164574 0.518715
vt 0.128434 0.884670
vt 0.258100 0.744698
vt 0.176842 0.573169
vt 0.230420 0.827967
vt 0.257305 0.165188
vt 0.254206 0.165310
vt 0.256964 0.153944
vt 0.259884 0.154945
vt 0.265226 0.165278
vt 0.267528 0.157269
vt 0.264239 0.145495
vt 0.271307 0.149864
vt 0.269976 0.165500
vt 0.272149 0.158607
vt 0.253874 0.197978
vt 0.249381 0.199542
vt 0.266915 0.165616
vt 0.269365 0.157587
vt 0.273278 0.150163
vt 0.275626 0.152226
vt 0.280242 0.146782
vt 0.278483 0.143837
vt 0.259064 0.165516
vt 0.261820 0.155249
vt 0.285796 0.142629
vt 0.284782 0.139017
vt 0.261625 0.143470
vt 0.268446 0.134520
vt 0.270393 0.137438
vt 0.276400 0.143554
vt 0.253009 0.198674
vt 0.266333 0.145777
vt 0.272534 0.137713
vt 0.277324 0.127652
vt 0.278383 0.131257
vt 0.282641 0.138743
vt 0.292038 0.140032
vt 0.292012 0.135995
vt 0.280524 0.131532
vt 0.287653 0.123335
vt 0.287679 0.127372
vt 0.289872 0.135720
vt 0.298684 0.139149
vt 0.299766 0.134964
vt 0.289820 0.127646
vt 0.298729 0.121862
vt 0.297648 0.126046
vt 0.297625 0.134690
vt 0.305325 0.140032
vt 0.307514 0.135995
vt 0.299788 0.126321
vt 0.309797 0.123335
vt 0.307609 0.127372
vt 0.305373 0.135720
vt 0.311509 0.142623
vt 0.314728 0.139017
vt 0.309750 0.127646
vt 0.320104 0.127652
vt 0.316885 0.131257
vt 0.312587 0.138743
vt 0.316814 0.146743
vt 0.320917 0.143825
vt 0.319025 0.131532
vt 0.328946 0.134520
vt 0.324843 0.137438
vt 0.318777 0.143550
vt 0.320820 0.152122
vt 0.325660 0.150090
vt 0.326983 0.137713
vt 0.335721 0.143470
vt 0.330940 0.145493
vt 0.323519 0.149815
vt 0.323112 0.158412
vt 0.328519 0.157402
vt 0.333081 0.145768
vt 0.339967 0.153893
vt 0.334762 0.154874
vt 0.326448 0.157118
vt 0.323408 0.165203
vt 0.329042 0.165300
vt 0.336902 0.155149
vt 0.341395 0.165078
vt 0.336014 0.164946
vt 0.327085 0.164999
vt 0.327201 0.194926
vt 0.332465 0.195960
vt 0.338092 0.165229
vt 0.340089 0.199064
vt 0.333784 0.197934
vt 0.327678 0.195883
vt 0.332143 0.201075
vt 0.338289 0.203054
vt 0.339520 0.198024
vt 0.342821 0.209287
vt 0.335243 0.207296
vt 0.330838 0.203176
vt 0.329476 0.206534
vt 0.335037 0.209435
vt 0.344966 0.207112
vt 0.337720 0.218379
vt 0.330989 0.215495
vt 0.328046 0.209542
vt 0.324268 0.209920
vt 0.340668 0.215297
vt 0.326897 0.221512
vt 0.322019 0.209881
vt 0.322739 0.215689
vt 0.272688 0.211982
vt 0.275146 0.214428
vt 0.270419 0.215481
vt 0.329748 0.215679
vt 0.265089 0.210910
vt 0.268511 0.207392
vt 0.266755 0.201239
vt 0.262228 0.203949
vt 0.331446 0.221472
vt 0.266446 0.222920
vt 0.269996 0.228181
vt 0.264897 0.226867
vt 0.264983 0.210472
vt 0.259144 0.216649
vt 0.254735 0.208142
vt 0.262353 0.203561
vt 0.256672 0.219923
vt 0.250980 0.210678
vt 0.329577 0.222395
vt 0.267165 0.194183
vt 0.262354 0.195793
vt 0.275478 0.214720
vt 0.272325 0.221173
vt 0.270475 0.228446
vt 0.270759 0.216025
vt 0.273225 0.221713
vt 0.267263 0.223383
vt 0.319286 0.224988
vt 0.318269 0.225940
vt 0.259235 0.217226
vt 0.254218 0.208774
vt 0.262231 0.195511
vt 0.288386 0.070437
vt 0.299143 0.070656
vt 0.299471 0.054582
vt 0.288681 0.055969
vt 0.288616 0.059185
vt 0.288956 0.042488
vt 0.288830 0.048699
vt 0.299341 0.061012
vt 0.287470 0.115366
vt 0.298194 0.117193
vt 0.309901 0.070876
vt 0.310130 0.059623
vt 0.310344 0.049138
vt 0.299524 0.052024
vt 0.299681 0.044306
vt 0.310528 0.040133
vt 0.310196 0.056408
vt 0.299802 0.038384
vt 0.310669 0.033225
vt 0.299777 0.039603
vt 0.300039 0.026739
vt 0.289192 0.030911
vt 0.289013 0.039695
vt 0.308985 0.115804
vt 0.310471 0.042927
vt 0.310707 0.031351
vt 0.300241 0.016869
vt 0.289374 0.022028
vt 0.289154 0.032786
vt 0.299878 0.034661
vt 0.310758 0.028882
vt 0.310889 0.022467
vt 0.300367 0.010665
vt 0.289488 0.016444
vt 0.289243 0.028442
vt 0.299904 0.033391
vt 0.310788 0.027400
vt 0.311002 0.016883
vt 0.300411 0.008549
vt 0.289526 0.014540
vt 0.289273 0.026961
vt 0.311041 0.014979
vt 0.298325 0.110763
vt 0.309050 0.112589
vt 0.287535 0.112151
vt 0.298142 0.119750
vt 0.308836 0.123075
vt 0.308985 0.115805
vt 0.297889 0.132172
vt 0.287195 0.128847
vt 0.287322 0.122636
vt 0.297985 0.127468
vt 0.308653 0.132079
vt 0.308710 0.129286
vt 0.297626 0.145035
vt 0.286959 0.140423
vt 0.287138 0.131640
vt 0.297864 0.133390
vt 0.308512 0.138988
vt 0.308473 0.140863
vt 0.297425 0.154905
vt 0.286777 0.149306
vt 0.286997 0.138549
vt 0.297788 0.137113
vt 0.308423 0.143331
vt 0.308293 0.149746
vt 0.297298 0.161109
vt 0.286663 0.154891
vt 0.286908 0.142893
vt 0.297762 0.138383
vt 0.308393 0.144813
vt 0.308178 0.155330
vt 0.297255 0.163225
vt 0.286624 0.156796
vt 0.286878 0.144374
vt 0.308139 0.157235
s 1
usemtl Material.002
f 1/1/1 2/2/2 4/3/3 3/4/1
f 4/3/3 2/2/2 5/5/4 6/6/5
f 6/6/5 5/5/4 7/7/6 8/8/7
f 8/8/7 7/7/6 9/9/8 10/10/9
f 14/11/10 13/12/11 12/13/12 11/14/12
f 8/8/7 10/10/9 13/12/11 14/11/10
f 18/15/13 17/16/14 15/17/15 16/18/16
f 9/9/8 7/7/6 17/16/14 18/15/13
f 22/19/17 21/20/18 19/21/19 20/22/20
f 26/23/21 25/24/22 21/20/18 22/19/17
f 16/18/16 15/17/15 24/25/23 23/26/24
f 23/26/24 24/25/23 25/24/22 26/23/21
f 20/22/20 19/21/19 27/27/25 28/28/26
f 28/28/26 27/27/25 29/29/27 30/30/28
f 30/30/28 29/29/27 31/31/29 32/32/30
f 32/32/30 31/31/29 33/33/31 34/34/32
f 35/35/33 37/36/33 38/37/34 36/38/35
f 38/37/34 40/39/36 39/40/37 36/38/35
f 40/39/36 42/41/38 41/42/39 39/40/37
f 42/41/38 44/43/40 43/44/41 41/42/39
f 48/45/42 45/46/43 46/47/43 47/48/44
f 42/41/38 48/45/42 47/48/44 44/43/40
f 52/49/45 50/50/46 49/51/47 51/52/48
f 43/44/41 52/49/45 51/52/48 41/42/39
f 56/53/49 54/54/50 53/55/51 55/56/49
f 60/57/52 56/53/53 55/56/53 59/58/54
f 50/50/46 57/59/55 58/60/56 49/51/47
f 57/59/55 60/57/52 59/58/54 58/60/56
f 54/54/50 62/61/57 61/62/58 53/55/51
f 62/61/57 64/63/59 63/64/60 61/62/58
f 64/63/59 66/65/61 65/66/62 63/64/60
f 66/65/61 68/67/63 67/68/64 65/66/62
f 67/68/64 68/67/63 69/69/65 70/70/65
f 34/34/32 33/33/31 71/71/66
f 72/72/67 74/73/67 75/74/68 73/75/69
f 75/74/68 77/76/70 76/77/71 73/75/69
f 77/76/70 79/78/72 78/79/73 76/77/71
f 79/78/72 81/80/74 80/81/75 78/79/73
f 85/82/76 82/83/77 83/84/77 84/85/78
f 79/78/72 85/82/76 84/85/78 81/80/74
f 89/86/79 87/87/80 86/88/81 88/89/82
f 80/81/75 89/86/79 88/89/82 78/79/73
f 93/90/83 91/91/84 90/92/85 92/93/86
f 97/94/87 93/90/83 92/93/86 96/95/88
f 87/87/80 94/96/89 95/97/90 86/88/81
f 94/96/89 97/94/87 96/95/88 95/97/90
f 91/91/84 99/98/91 98/99/92 90/92/85
f 99/98/91 101/100/93 100/101/94 98/99/92
f 101/100/93 103/102/95 102/103/96 100/101/94
f 103/102/95 105/104/97 104/105/98 102/103/96
f 106/106/99 107/107/100 109/108/101 108/109/99
f 109/108/101 107/107/100 110/110/102 111/111/103
f 111/111/103 110/110/102 112/112/104 113/113/105
f 113/113/105 112/112/104 114/114/106 115/115/107
f 119/116/108 118/117/109 117/118/110 116/119/110
f 113/113/105 115/115/107 118/117/109 119/116/108
f 123/120/111 122/121/112 120/122/113 121/123/114
f 114/114/106 112/112/104 122/121/112 123/120/111
f 127/124/115 126/125/115 124/126/116 125/127/117
f 131/128/118 130/129/119 126/125/120 127/124/120
f 121/123/114 120/122/113 129/130/121 128/131/122
f 128/131/122 129/130/121 130/129/119 131/128/118
f 125/127/117 124/126/116 132/132/123 133/133/124
f 133/133/124 132/132/123 134/134/125 135/135/126
f 135/135/126 134/134/125 136/136/127 137/137/128
f 137/137/128 136/136/127 138/138/129 139/139/130
f 138/138/129 141/140/131 140/141/131 139/139/130
f 105/104/97 142/142/132 104/105/98
f 1/1/133 3/4/134 74/73/134 72/72/135
f 2/2/136 1/1/133 72/72/135 73/75/137
f 3/4/138 4/3/139 75/74/140 74/73/138
f 5/5/141 2/2/136 73/75/137 76/77/142
f 4/3/139 6/6/143 77/76/144 75/74/140
f 7/7/145 5/5/141 76/77/142 78/79/145
f 6/6/143 8/8/146 79/78/147 77/76/144
f 10/10/148 9/9/149 80/81/150 81/80/151
f 11/14/152 12/13/153 83/84/153 82/83/154
f 12/13/155 13/12/156 84/85/157 83/84/155
f 8/8/146 14/11/158 85/82/159 79/78/147
f 13/12/156 10/10/148 81/80/151 84/85/157
f 14/11/158 11/14/152 82/83/154 85/82/159
f 15/17/160 17/16/161 88/89/161 86/88/162
f 9/9/149 18/15/163 89/86/164 80/81/150
f 17/16/165 7/7/165 78/79/165 88/89/165
f 18/15/163 16/18/166 87/87/167 89/86/164
f 19/21/168 21/20/169 92/93/170 90/92/171
f 16/18/166 23/26/172 94/96/173 87/87/167
f 21/20/169 25/24/174 96/95/175 92/93/170
f 22/19/176 20/22/177 91/91/178 93/90/176
f 23/26/172 26/23/179 97/94/180 94/96/173
f 24/25/181 15/17/160 86/88/162 95/97/182
f 25/24/174 24/25/181 95/97/182 96/95/175
f 26/23/179 22/19/183 93/90/183 97/94/180
f 27/27/184 19/21/168 90/92/171 98/99/185
f 20/22/177 28/28/186 99/98/187 91/91/178
f 29/29/188 27/27/184 98/99/185 100/101/188
f 28/28/186 30/30/189 101/100/190 99/98/187
f 31/31/191 29/29/188 100/101/188 102/103/192
f 30/30/189 32/32/193 103/102/194 101/100/190
f 33/33/195 31/31/191 102/103/192 104/105/196
f 32/32/193 34/34/197 105/104/198 103/102/194
f 37/36/199 35/35/200 106/106/200 108/109/199
f 35/35/200 36/38/201 107/107/202 106/106/200
f 38/37/203 37/36/204 108/109/204 109/108/203
f 36/38/201 39/40/205 110/110/206 107/107/202
f 40/39/207 38/37/203 109/108/203 111/111/207
f 39/40/205 41/42/208 112/112/208 110/110/206
f 42/41/209 40/39/207 111/111/207 113/113/210
f 43/44/211 44/43/212 115/115/213 114/114/214
f 46/47/215 45/46/216 116/119/217 117/118/215
f 47/48/218 46/47/219 117/118/219 118/117/220
f 48/45/221 42/41/209 113/113/210 119/116/222
f 44/43/212 47/48/218 118/117/220 115/115/213
f 45/46/216 48/45/221 119/116/222 116/119/217
f 51/52/223 49/51/224 120/122/225 122/121/223
f 52/49/226 43/44/211 114/114/214 123/120/227
f 41/42/228 51/52/228 122/121/228 112/112/228
f 50/50/229 52/49/226 123/120/227 121/123/230
f 55/56/231 53/55/232 124/126/233 126/125/234
f 57/59/235 50/50/229 121/123/230 128/131/236
f 59/58/237 55/56/231 126/125/234 130/129/238
f 54/54/239 56/53/240 127/124/240 125/127/241
f 60/57/242 57/59/235 128/131/236 131/128/243
f 49/51/224 58/60/244 129/130/245 120/122/225
f 58/60/244 59/58/237 130/129/238 129/130/245
f 56/53/246 60/57/242 131/128/243 127/124/246
f 53/55/232 61/62/247 132/132/248 124/126/233
f 62/61/249 54/54/239 125/127/241 133/133/250
f 61/62/247 63/64/251 134/134/251 132/132/248
f 64/63/252 62/61/249 133/133/250 135/135/252
f 63/64/251 65/66/253 136/136/254 134/134/251
f 66/65/255 64/63/252 135/135/252 137/137/256
f 65/66/253 67/68/257 138/138/257 136/136/254
f 68/67/258 66/65/255 137/137/256 139/139/258
f 67/68/259 70/70/259 141/140/259 138/138/259
f 69/69/260 68/67/260 139/139/260 140/141/260
f 70/70/261 69/69/261 140/141/261 141/140/261
f 71/71/262 33/33/195 104/105/196 142/142/262
f 34/34/197 71/71/263 142/142/263 105/104/198
f 143/1/264 145/143/264 146/3/265 144/2/266
f 146/3/265 148/6/267 147/5/268 144/2/266
f 148/6/267 150/8/269 149/7/270 147/5/268
f 150/8/269 152/10/271 151/9/272 149/7/270
f 156/11/273 153/144/274 154/13/274 155/12/275
f 150/8/269 156/11/273 155/12/275 152/10/271
f 160/15/276 158/18/277 157/17/278 159/16/279
f 151/9/272 160/15/276 159/16/279 149/7/270
f 164/145/280 162/146/281 161/147/282 163/148/283
f 168/149/284 164/145/280 163/148/283 167/150/285
f 158/18/277 165/151/286 166/152/287 157/17/278
f 165/151/286 168/149/284 167/150/285 166/152/287
f 162/146/281 170/28/288 169/27/289 161/147/282
f 170/28/288 172/30/290 171/153/291 169/27/289
f 172/30/290 174/154/292 173/155/293 171/153/291
f 174/154/292 176/156/294 175/157/294 173/155/293
f 176/156/295 178/158/295 177/159/296 175/157/297
f 178/158/298 180/160/298 179/161/298 177/159/298
f 181/35/299 182/38/300 184/37/301 183/36/299
f 184/37/301 182/38/300 185/40/302 186/162/303
f 186/162/303 185/40/302 187/42/304 188/163/305
f 188/163/305 187/42/304 189/44/306 190/164/307
f 194/165/308 193/48/309 192/47/310 191/46/310
f 188/163/305 190/164/307 193/48/309 194/165/308
f 198/49/311 197/52/312 195/51/313 196/50/314
f 189/44/306 187/42/304 197/52/312 198/49/311
f 202/166/315 201/167/316 199/168/317 200/169/318
f 206/170/319 205/171/320 201/167/316 202/166/315
f 196/50/314 195/51/313 204/172/321 203/173/322
f 203/173/322 204/172/321 205/171/320 206/170/319
f 200/169/318 199/168/317 207/62/323 208/61/324
f 208/61/324 207/62/323 209/64/325 210/63/326
f 210/63/326 209/64/325 211/174/327 212/175/328
f 212/175/328 211/174/327 213/176/329 214/177/330
f 214/177/330 213/176/329 215/178/331 216/179/331
f 216/179/332 215/178/332 217/180/332 218/181/332
f 177/159/296 220/182/333 219/183/333 175/157/297
f 221/184/334 222/75/335 224/74/336 223/73/334
f 224/74/336 222/75/335 225/77/337 226/76/338
f 226/76/338 225/77/337 227/185/339 228/78/340
f 228/78/340 227/185/339 229/81/341 230/80/342
f 234/82/343 233/85/344 232/84/345 231/83/345
f 228/78/340 230/80/342 233/85/344 234/82/343
f 238/86/346 237/89/347 235/88/348 236/87/349
f 229/81/341 227/185/339 237/89/347 238/86/346
f 242/90/350 241/186/351 239/92/352 240/91/353
f 246/94/354 245/95/355 241/186/351 242/90/350
f 236/87/349 235/88/348 244/97/356 243/96/357
f 243/96/357 244/97/356 245/95/355 246/94/354
f 240/91/353 239/92/352 247/99/358 248/98/359
f 248/98/359 247/99/358 249/101/360 250/100/361
f 250/100/361 249/101/360 251/187/362 252/102/363
f 252/102/363 251/187/362 253/105/364 254/188/364
f 254/188/365 253/105/366 255/189/367 256/190/365
f 256/190/368 255/189/368 257/191/368 258/192/368
f 259/106/369 261/193/369 262/108/370 260/107/371
f 262/108/370 264/194/372 263/110/373 260/107/371
f 264/194/372 266/113/374 265/112/375 263/110/373
f 266/113/374 268/115/376 267/195/377 265/112/375
f 272/196/378 269/119/379 270/118/379 271/117/380
f 266/113/374 272/196/378 271/117/380 268/115/376
f 276/197/381 274/123/382 273/198/383 275/121/384
f 267/195/377 276/197/381 275/121/384 265/112/375
f 280/124/385 278/127/386 277/126/387 279/125/388
f 284/199/389 280/124/385 279/125/388 283/129/390
f 274/123/382 281/131/391 282/130/392 273/198/383
f 281/131/391 284/199/389 283/129/390 282/130/392
f 278/127/386 286/133/393 285/132/394 277/126/387
f 286/133/393 288/200/395 287/134/396 285/132/394
f 288/200/395 290/201/397 289/136/398 287/134/396
f 290/201/397 292/139/399 291/138/400 289/136/398
f 292/139/399 294/202/401 293/203/401 291/138/400
f 294/202/402 296/204/402 295/205/402 293/203/402
f 255/189/367 253/105/366 297/206/403 298/207/403
f 143/1/404 221/184/405 223/73/406 145/143/406
f 144/2/407 222/75/408 221/184/405 143/1/404
f 145/143/409 223/73/409 224/74/410 146/3/411
f 147/5/412 225/77/413 222/75/408 144/2/407
f 146/3/411 224/74/410 226/76/414 148/6/415
f 149/7/416 227/185/416 225/77/413 147/5/412
f 148/6/415 226/76/414 228/78/417 150/8/418
f 152/10/419 230/80/420 229/81/421 151/9/422
f 153/144/423 231/83/424 232/84/425 154/13/425
f 154/13/426 232/84/426 233/85/427 155/12/428
f 150/8/418 228/78/417 234/82/429 156/11/430
f 155/12/428 233/85/427 230/80/420 152/10/419
f 156/11/430 234/82/429 231/83/424 153/144/423
f 157/17/431 235/88/432 237/89/433 159/16/433
f 151/9/422 229/81/421 238/86/434 160/15/435
f 159/16/436 237/89/436 227/185/436 149/7/436
f 160/15/435 238/86/434 236/87/437 158/18/438
f 161/147/439 239/92/440 241/186/441 163/148/442
f 158/18/438 236/87/437 243/96/443 165/151/444
f 163/148/442 241/186/441 245/95/445 167/150/446
f 164/145/447 242/90/447 240/91/448 162/146/449
f 165/151/444 243/96/443 246/94/450 168/149/451
f 166/152/452 244/97/453 235/88/432 157/17/431
f 167/150/446 245/95/445 244/97/453 166/152/452
f 168/149/451 246/94/450 242/90/454 164/145/454
f 169/27/455 247/99/456 239/92/440 161/147/439
f 162/146/449 240/91/448 248/98/457 170/28/458
f 171/153/459 249/101/459 247/99/456 169/27/455
f 170/28/458 248/98/457 250/100/460 172/30/460
f 173/155/461 251/187/462 249/101/459 171/153/459
f 172/30/460 250/100/460 252/102/463 174/154/464
f 175/157/465 253/105/465 251/187/462 173/155/461
f 174/154/464 252/102/463 254/188/466 176/156/466
f 176/156/467 254/188/467 256/190/467 178/158/467
f 180/160/468 258/192/469 257/191/470 179/161/470
f 179/161/471 257/191/471 255/189/471 177/159/471
f 178/158/472 256/190/472 258/192/469 180/160/468
f 183/36/473 261/193/473 259/106/474 181/35/474
f 181/35/474 259/106/474 260/107/475 182/38/476
f 184/37/477 262/108/477 261/193/478 183/36/478
f 182/38/476 260/107/475 263/110/479 185/40/480
f 186/162/481 264/194/481 262/108/477 184/37/477
f 185/40/480 263/110/479 265/112/482 187/42/482
f 188/163/483 266/113/484 264/194/481 186/162/481
f 189/44/485 267/195/486 268/115/487 190/164/488
f 192/47/489 270/118/489 269/119/490 191/46/491
f 193/48/492 271/117/493 270/118/494 192/47/494
f 194/165/495 272/196/496 266/113/484 188/163/483
f 190/164/488 268/115/487 271/117/493 193/48/492
f 191/46/491 269/119/490 272/196/496 194/165/495
f 197/52/497 275/121/497 273/198/498 195/51/499
f 198/49/500 276/197/501 267/195/486 189/44/485
f 187/42/502 265/112/502 275/121/502 197/52/502
f 196/50/503 274/123/504 276/197/501 198/49/500
f 201/167/505 279/125/506 277/126/507 199/168/508
f 203/173/509 281/131/510 274/123/504 196/50/503
f 205/171/511 283/129/512 279/125/506 201/167/505
f 200/169/513 278/127/514 280/124/515 202/166/515
f 206/170/516 284/199/517 281/131/510 203/173/509
f 195/51/499 273/198/498 282/130/518 204/172/519
f 204/172/519 282/130/518 283/129/512 205/171/511
f 202/166/520 280/124/520 284/199/517 206/170/516
f 199/168/508 277/126/507 285/132/521 207/62/522
f 208/61/523 286/133/524 278/127/514 200/169/513
f 207/62/522 285/132/521 287/134/525 209/64/525
f 210/63/526 288/200/526 286/133/524 208/61/523
f 209/64/525 287/134/525 289/136/527 211/174/528
f 212/175/529 290/201/530 288/200/526 210/63/526
f 211/174/528 289/136/527 291/138/531 213/176/532
f 214/177/533 292/139/533 290/201/530 212/175/529
f 213/176/532 291/138/531 293/203/534 215/178/535
f 216/179/536 294/202/536 292/139/536 214/177/536
f 217/180/537 295/205/537 296/204/538 218/181/539
f 215/178/535 293/203/534 295/205/540 217/180/540
f 218/181/539 296/204/538 294/202/541 216/179/541
f 220/182/542 298/207/542 297/206/542 219/183/542
f 219/183/543 297/206/543 253/105/543 175/157/543
f 177/159/544 255/189/544 298/207/544 220/182/544
s 0
f 299/208/545 300/209/545 302/210/545 301/211/545
f 301/211/546 302/210/546 306/210/546 305/211/546
f 304/209/547 303/208/547 309/208/547 310/209/547
f 303/208/547 304/209/547 300/209/547 299/208/547
f 301/211/548 305/211/548 303/208/548 299/208/548
f 306/210/549 302/210/549 300/209/549 304/209/549
f 308/211/550 307/210/550 310/209/550 309/208/550
f 316/212/550 315/213/550 313/214/550 314/215/550
f 306/210/549 304/209/549 310/209/549 307/210/549
f 305/211/546 306/210/546 307/210/546 308/211/546
f 311/214/548 312/215/548 314/215/548 313/214/548
f 317/212/546 312/215/546 320/215/546 321/212/546
f 317/212/546 316/212/546 314/215/546 312/215/546
f 315/213/547 318/213/547 311/214/547 313/214/547
f 309/208/547 303/208/547 318/213/547 315/213/547
f 305/211/546 308/211/546 316/212/546 317/212/546
f 303/208/545 305/211/545 317/212/545 318/213/545
f 308/211/550 309/208/550 315/213/550 316/212/550
f 322/213/545 321/212/545 320/215/545 319/214/545
f 312/215/548 311/214/548 319/214/548 320/215/548
f 311/214/547 318/213/547 322/213/547 319/214/547
f 318/213/549 317/212/549 321/212/549 322/213/549
f 323/216/545 324/217/545 326/218/545 325/219/545
f 325/219/546 326/218/546 330/218/546 329/219/546
f 328/217/547 327/216/547 333/220/547 334/217/547
f 327/216/547 328/217/547 324/217/547 323/216/547
f 325/219/548 329/219/548 327/216/548 323/216/548
f 330/218/549 326/218/549 324/217/549 328/217/549
f 332/221/550 331/218/550 334/217/550 333/220/550
f 340/222/550 339/223/550 337/224/550 338/225/550
f 330/218/549 328/217/549 334/217/549 331/218/549
f 329/219/546 330/218/546 331/218/546 332/221/546
f 335/224/548 336/225/548 338/225/548 337/224/548
f 341/226/546 336/225/546 344/225/546 345/226/546
f 341/226/546 340/222/546 338/225/546 336/225/546
f 339/223/547 342/227/547 335/224/547 337/224/547
f 333/220/547 327/216/547 342/227/547 339/223/547
f 329/219/546 332/221/546 340/222/546 341/226/546
f 327/216/545 329/219/545 341/226/545 342/227/545
f 332/221/550 333/220/550 339/223/550 340/222/550
f 346/227/545 345/226/545 344/225/545 343/224/545
f 336/225/548 335/224/548 343/224/548 344/225/548
f 335/224/547 342/227/547 346/227/547 343/224/547
f 342/227/549 341/226/549 345/226/549 346/227/549
f 347/228/545 348/229/545 350/230/545 349/231/545
f 349/231/546 350/230/546 354/230/546 353/231/546
f 352/229/547 351/228/547 357/228/547 358/229/547
f 351/228/547 352/229/547 348/229/547 347/228/547
f 349/231/548 353/231/548 351/228/548 347/228/548
f 354/230/549 350/230/549 348/229/549 352/229/549
f 356/231/550 355/230/550 358/229/550 357/228/550
f 364/232/550 363/233/550 361/234/550 362/235/550
f 354/230/549 352/229/549 358/229/549 355/230/549
f 353/231/546 354/230/546 355/230/546 356/231/546
f 359/234/548 360/235/548 362/235/548 361/234/548
f 365/232/546 360/235/546 368/235/546 369/232/546
f 365/232/546 364/232/546 362/235/546 360/235/546
f 363/233/547 366/233/547 359/234/547 361/234/547
f 357/228/547 351/228/547 366/233/547 363/233/547
f 353/231/546 356/231/546 364/232/546 365/232/546
f 351/228/545 353/231/545 365/232/545 366/233/545
f 356/231/550 357/228/550 363/233/550 364/232/550
f 370/233/545 369/232/545 368/235/545 367/234/545
f 360/235/548 359/234/548 367/234/548 368/235/548
f 359/234/547 366/233/547 370/233/547 367/234/547
f 366/233/549 365/232/549 369/232/549 370/233/549
f 371/236/545 372/237/545 374/238/545 373/239/545
f 373/239/546 374/238/546 378/238/546 377/239/546
f 376/237/547 375/236/547 381/240/547 382/237/547
f 375/236/547 376/237/547 372/237/547 371/236/547
f 373/239/548 377/239/548 375/236/548 371/236/548
f 378/238/549 374/238/549 372/237/549 376/237/549
f 380/241/550 379/238/550 382/237/550 381/240/550
f 388/242/550 387/243/550 385/244/550 386/245/550
f 378/238/549 376/237/549 382/237/549 379/238/549
f 377/239/546 378/238/546 379/238/546 380/241/546
f 383/244/548 384/245/548 386/245/548 385/244/548
f 389/246/546 384/245/546 392/245/546 393/246/546
f 389/246/546 388/242/546 386/245/546 384/245/546
f 387/243/547 390/247/547 383/244/547 385/244/547
f 381/240/547 375/236/547 390/247/547 387/243/547
f 377/239/546 380/241/546 388/242/546 389/246/546
f 375/236/545 377/239/545 389/246/545 390/247/545
f 380/241/550 381/240/550 387/243/550 388/242/550
f 394/247/545 393/246/545 392/245/545 391/244/545
f 384/245/548 383/244/548 391/244/548 392/245/548
f 383/244/547 390/247/547 394/247/547 391/244/547
f 390/247/549 389/246/549 393/246/549 394/247/549
s 1
f 403/248/551 396/249/552 398/250/553 404/251/554
f 404/251/554 398/250/553 402/250/555 405/251/556
f 405/251/556 402/250/555 400/249/557 406/248/558
f 406/248/558 400/249/557 396/249/552 403/248/551
f 395/252/559 397/253/560 408/254/561 407/255/562
f 402/250/555 398/250/553 396/249/552 400/249/557
f 399/252/563 406/248/558 403/248/551 395/252/559
f 401/253/564 405/251/556 406/248/558 399/252/563
f 397/253/560 404/251/554 405/251/556 401/253/564
f 395/252/559 403/248/551 404/251/554 397/253/560
f 410/254/565 409/255/566 413/256/567 414/257/568
f 401/253/564 399/252/563 409/255/566 410/254/565
f 399/252/563 395/252/559 407/255/562 409/255/566
f 397/253/560 401/253/564 410/254/565 408/254/561
f 413/256/567 411/256/569 415/258/570 417/258/571
f 407/255/562 408/254/561 412/257/572 411/256/569
f 409/255/566 407/255/562 411/256/569 413/256/567
f 408/254/561 410/254/565 414/257/568 412/257/572
f 418/259/573 417/258/571 421/260/574 422/261/575
f 412/257/572 414/257/568 418/259/573 416/259/576
f 414/257/568 413/256/567 417/258/571 418/259/573
f 411/256/569 412/257/572 416/259/576 415/258/570
f 419/260/577 420/261/578 424/262/579 423/263/580
f 415/258/570 416/259/576 420/261/578 419/260/577
f 417/258/571 415/258/570 419/260/577 421/260/574
f 416/259/576 418/259/573 422/261/575 420/261/578
f 424/262/579 426/262/581 425/263/582 423/263/580
f 421/260/574 419/260/577 423/263/580 425/263/582
f 420/261/578 422/261/575 426/262/581 424/262/579
f 422/261/575 421/260/574 425/263/582 426/262/581
f 431/264/583 437/265/584 438/266/585 433/267/586
f 430/268/587 434/268/586 433/267/586 429/267/587
f 434/268/586 432/269/588 431/264/583 433/267/586
f 453/270/589 442/271/590 441/272/591 451/273/592
f 428/269/593 430/268/587 429/267/587 427/264/594
f 432/269/588 428/269/593 427/264/594 431/264/583
f 435/265/595 436/266/596 438/266/585 437/265/584
f 429/267/587 436/266/596 435/265/595 427/264/594
f 427/264/594 435/265/595 437/265/584 431/264/583
f 433/267/586 438/266/585 436/266/596 429/267/587
f 440/271/597 460/274/598 462/274/599 442/271/590
f 454/273/600 439/272/601 440/271/597 452/270/602
f 451/273/592 441/272/591 439/272/601 454/273/600
f 452/270/602 440/271/597 442/271/590 453/270/589
f 450/275/587 445/276/603 444/276/604 447/275/586
f 449/277/605 443/278/606 446/278/607 448/277/608
f 448/277/608 446/278/607 445/276/603 450/275/587
f 447/275/586 444/276/604 443/278/606 449/277/605
f 434/268/586 447/275/586 449/277/605 432/269/588
f 428/269/593 448/277/608 450/275/587 430/268/587
f 432/269/588 449/277/605 448/277/608 428/269/593
f 430/268/587 450/275/587 447/275/586 434/268/586
f 458/279/609 452/270/602 453/270/589 455/279/610
f 457/280/611 451/273/592 454/273/600 456/280/612
f 456/280/612 454/273/600 452/270/602 458/279/609
f 455/279/610 453/270/589 451/273/592 457/280/611
f 444/276/604 455/279/610 457/280/611 443/278/606
f 446/278/607 456/280/612 458/279/609 445/276/603
f 443/278/606 457/280/611 456/280/612 446/278/607
f 445/276/603 458/279/609 455/279/610 444/276/604
f 468/281/613 464/282/614 466/282/615 467/281/616
f 442/271/590 462/274/599 461/283/617 441/272/591
f 439/272/601 459/283/618 460/274/598 440/271/597
f 441/272/591 461/283/617 459/283/618 439/272/601
f 463/284/619 471/285/620 472/286/621 464/282/614
f 467/281/616 466/282/615 465/284/622 469/287/623
f 470/287/624 463/284/619 464/282/614 468/281/613
f 469/287/623 465/284/622 463/284/619 470/287/624
f 461/283/617 469/287/623 470/287/624 459/283/618
f 459/283/618 470/287/624 468/281/613 460/274/598
f 462/274/599 467/281/616 469/287/623 461/283/617
f 460/274/598 468/281/613 467/281/616 462/274/599
f 480/288/625 476/289/626 478/289/627 479/288/628
f 465/284/622 473/285/629 471/285/620 463/284/619
f 464/282/614 472/286/621 474/286/630 466/282/615
f 466/282/615 474/286/630 473/285/629 465/284/622
f 476/289/626 486/290/631 484/290/632 478/289/627
f 479/288/628 478/289/627 477/291/633 481/292/634
f 482/292/635 475/291/636 476/289/626 480/288/625
f 481/292/634 477/291/633 475/291/636 482/292/635
f 473/285/629 481/292/634 482/292/635 471/285/620
f 471/285/620 482/292/635 480/288/625 472/286/621
f 474/286/630 479/288/628 481/292/634 473/285/629
f 472/286/621 480/288/625 479/288/628 474/286/630
f 486/290/631 488/293/637 487/293/638 484/290/632
f 478/289/627 484/290/632 483/294/639 477/291/633
f 475/291/636 485/294/640 486/290/631 476/289/626
f 477/291/633 483/294/639 485/294/640 475/291/636
f 484/290/632 487/293/638 483/294/639
f 488/293/637 486/290/631 485/294/640
f 493/295/586 495/296/583 500/297/584 499/298/585
f 492/299/594 491/296/594 495/296/583 496/299/583
f 496/299/583 495/296/583 493/295/586 494/300/641
f 515/301/642 513/302/643 503/303/644 504/304/645
f 490/300/646 489/295/587 491/296/594 492/299/594
f 494/300/641 493/295/586 489/295/587 490/300/646
f 497/298/596 499/298/585 500/297/584 498/297/595
f 491/296/594 489/295/587 497/298/596 498/297/595
f 489/295/587 493/295/586 499/298/585 497/298/596
f 495/296/583 491/296/594 498/297/595 500/297/584
f 502/304/647 504/304/645 524/305/648 522/305/649
f 516/302/650 514/301/651 502/304/647 501/303/652
f 513/302/643 516/302/650 501/303/652 503/303/644
f 514/301/651 515/301/642 504/304/645 502/304/647
f 512/306/594 509/306/583 506/307/653 507/307/654
f 511/308/655 510/308/656 508/309/657 505/309/658
f 510/308/656 512/306/594 507/307/654 508/309/657
f 509/306/583 511/308/655 505/309/658 506/307/653
f 496/299/583 494/300/641 511/308/655 509/306/583
f 490/300/646 492/299/594 512/306/594 510/308/656
f 494/300/641 490/300/646 510/308/656 511/308/655
f 492/299/594 496/299/583 509/306/583 512/306/594
f 520/310/659 517/310/660 515/301/642 514/301/651
f 519/311/661 518/311/662 516/302/650 513/302/643
f 518/311/662 520/310/659 514/301/651 516/302/650
f 517/310/660 519/311/661 513/302/643 515/301/642
f 506/307/653 505/309/658 519/311/661 517/310/660
f 508/309/657 507/307/654 520/310/659 518/311/662
f 505/309/658 508/309/657 518/311/662 519/311/661
f 507/307/654 506/307/653 517/310/660 520/310/659
f 530/312/663 529/312/664 528/313/665 526/313/666
f 504/304/645 503/303/644 523/314/667 524/305/648
f 501/303/652 502/304/647 522/305/649 521/314/668
f 503/303/644 501/303/652 521/314/668 523/314/667
f 525/315/669 526/313/666 534/316/670 533/317/671
f 529/312/664 531/318/672 527/315/673 528/313/665
f 532/318/674 530/312/663 526/313/666 525/315/669
f 531/318/672 532/318/674 525/315/669 527/315/673
f 523/314/667 521/314/668 532/318/674 531/318/672
f 521/314/668 522/305/649 530/312/663 532/318/674
f 524/305/648 523/314/667 531/318/672 529/312/664
f 522/305/649 524/305/648 529/312/664 530/312/663
f 542/319/675 541/319/676 540/320/677 538/320/678
f 527/315/673 525/315/669 533/317/671 535/317/679
f 526/313/666 528/313/665 536/316/680 534/316/670
f 528/313/665 527/315/673 535/317/679 536/316/680
f 538/320/678 540/320/677 545/321/681 546/321/682
f 541/319/676 543/322/683 539/323/684 540/320/677
f 544/322/685 542/319/675 538/320/678 537/323/686
f 543/322/683 544/322/685 537/323/686 539/323/684
f 535/317/679 533/317/671 544/322/685 543/322/683
f 533/317/671 534/316/670 542/319/675 544/322/685
f 536/316/680 535/317/679 543/322/683 541/319/676
f 534/316/670 536/316/680 541/319/676 542/319/675
f 546/321/682 545/321/681 487/293/638 488/293/637
f 540/320/677 539/323/684 483/294/639 545/321/681
f 537/323/686 538/320/678 546/321/682 485/294/640
f 539/323/684 537/323/686 485/294/640 483/294/639
f 545/321/681 483/294/639 487/293/638
f 488/293/637 485/294/640 546/321/682
f 551/264/583 557/265/584 558/266/585 553/267/586
f 550/268/587 554/268/586 553/267/586 549/267/587
f 554/268/586 552/269/588 551/264/583 553/267/586
f 573/270/589 562/271/590 561/272/591 571/273/592
f 548/269/593 550/268/587 549/267/587 547/264/594
f 552/269/588 548/269/593 547/264/594 551/264/583
f 555/265/595 556/266/596 558/266/585 557/265/584
f 549/267/587 556/266/596 555/265/595 547/264/594
f 547/264/594 555/265/595 557/265/584 551/264/583
f 553/267/586 558/266/585 556/266/596 549/267/587
f 560/271/597 580/274/598 582/274/599 562/271/590
f 574/273/600 559/272/601 560/271/597 572/270/602
f 571/273/592 561/272/591 559/272/601 574/273/600
f 572/270/602 560/271/597 562/271/590 573/270/589
f 570/275/587 565/276/603 564/276/604 567/275/586
f 569/277/605 563/278/606 566/278/607 568/277/608
f 568/277/608 566/278/607 565/276/603 570/275/587
f 567/275/586 564/276/604 563/278/606 569/277/605
f 554/268/586 567/275/586 569/277/605 552/269/588
f 548/269/593 568/277/608 570/275/587 550/268/587
f 552/269/588 569/277/605 568/277/608 548/269/593
f 550/268/587 570/275/587 567/275/586 554/268/586
f 578/279/609 572/270/602 573/270/589 575/279/610
f 577/280/611 571/273/592 574/273/600 576/280/612
f 576/280/612 574/273/600 572/270/602 578/279/609
f 575/279/610 573/270/589 571/273/592 577/280/611
f 564/276/604 575/279/610 577/280/611 563/278/606
f 566/278/607 576/280/612 578/279/609 565/276/603
f 563/278/606 577/280/611 576/280/612 566/278/607
f 565/276/603 578/279/609 575/279/610 564/276/604
f 588/281/613 584/282/614 586/282/615 587/281/616
f 562/271/590 582/274/599 581/283/617 561/272/591
f 559/272/601 579/283/618 580/274/598 560/271/597
f 561/272/591 581/283/617 579/283/618 559/272/601
f 583/284/619 591/285/620 592/286/621 584/282/614
f 587/281/616 586/282/615 585/284/622 589/287/623
f 590/287/624 583/284/619 584/282/614 588/281/613
f 589/287/623 585/284/622 583/284/619 590/287/624
f 581/283/617 589/287/623 590/287/624 579/283/618
f 579/283/618 590/287/624 588/281/613 580/274/598
f 582/274/599 587/281/616 589/287/623 581/283/617
f 580/274/598 588/281/613 587/281/616 582/274/599
f 600/288/625 596/289/626 598/289/627 599/288/628
f 585/284/622 593/285/629 591/285/620 583/284/619
f 584/282/614 592/286/621 594/286/630 586/282/615
f 586/282/615 594/286/630 593/285/629 585/284/622
f 596/289/626 606/290/631 604/290/632 598/289/627
f 599/288/628 598/289/627 597/291/633 601/292/634
f 602/292/635 595/291/636 596/289/626 600/288/625
f 601/292/634 597/291/633 595/291/636 602/292/635
f 593/285/629 601/292/634 602/292/635 591/285/620
f 591/285/620 602/292/635 600/288/625 592/286/621
f 594/286/630 599/288/628 601/292/634 593/285/629
f 592/286/621 600/288/625 599/288/628 594/286/630
f 606/290/631 608/293/637 607/293/638 604/290/632
f 598/289/627 604/290/632 603/294/639 597/291/633
f 595/291/636 605/294/640 606/290/631 596/289/626
f 597/291/633 603/294/639 605/294/640 595/291/636
f 604/290/632 607/293/638 603/294/639
f 608/293/637 606/290/631 605/294/640
f 613/295/586 615/296/583 620/297/584 619/298/585
f 612/299/594 611/296/594 615/296/583 616/299/583
f 616/299/583 615/296/583 613/295/586 614/300/641
f 635/301/642 633/302/643 623/303/644 624/304/645
f 610/300/646 609/295/587 611/296/594 612/299/594
f 614/300/641 613/295/586 609/295/587 610/300/646
f 617/298/596 619/298/585 620/297/584 618/297/595
f 611/296/594 609/295/587 617/298/596 618/297/595
f 609/295/587 613/295/586 619/298/585 617/298/596
f 615/296/583 611/296/594 618/297/595 620/297/584
f 622/304/647 624/304/645 644/305/648 642/305/649
f 636/302/650 634/301/651 622/304/647 621/303/652
f 633/302/643 636/302/650 621/303/652 623/303/644
f 634/301/651 635/301/642 624/304/645 622/304/647
f 632/306/594 629/306/583 626/307/653 627/307/654
f 631/308/655 630/308/656 628/309/657 625/309/658
f 630/308/656 632/306/594 627/307/654 628/309/657
f 629/306/583 631/308/655 625/309/658 626/307/653
f 616/299/583 614/300/641 631/308/655 629/306/583
f 610/300/646 612/299/594 632/306/594 630/308/656
f 614/300/641 610/300/646 630/308/656 631/308/655
f 612/299/594 616/299/583 629/306/583 632/306/594
f 640/310/659 637/310/660 635/301/642 634/301/651
f 639/311/661 638/311/662 636/302/650 633/302/643
f 638/311/662 640/310/659 634/301/651 636/302/650
f 637/310/660 639/311/661 633/302/643 635/301/642
f 626/307/653 625/309/658 639/311/661 637/310/660
f 628/309/657 627/307/654 640/310/659 638/311/662
f 625/309/658 628/309/657 638/311/662 639/311/661
f 627/307/654 626/307/653 637/310/660 640/310/659
f 650/312/663 649/312/664 648/313/665 646/313/666
f 624/304/645 623/303/644 643/314/667 644/305/648
f 621/303/652 622/304/647 642/305/649 641/314/668
f 623/303/644 621/303/652 641/314/668 643/314/667
f 645/315/669 646/313/666 654/316/670 653/317/671
f 649/312/664 651/318/672 647/315/673 648/313/665
f 652/318/674 650/312/663 646/313/666 645/315/669
f 651/318/672 652/318/674 645/315/669 647/315/673
f 643/314/667 641/314/668 652/318/674 651/318/672
f 641/314/668 642/305/649 650/312/663 652/318/674
f 644/305/648 643/314/667 651/318/672 649/312/664
f 642/305/649 644/305/648 649/312/664 650/312/663
f 662/319/675 661/319/676 660/320/677 658/320/678
f 647/315/673 645/315/669 653/317/671 655/317/679
f 646/313/666 648/313/665 656/316/680 654/316/670
f 648/313/665 647/315/673 655/317/679 656/316/680
f 658/320/678 660/320/677 665/321/681 666/321/682
f 661/319/676 663/322/683 659/323/684 660/320/677
f 664/322/685 662/319/675 658/320/678 657/323/686
f 663/322/683 664/322/685 657/323/686 659/323/684
f 655/317/679 653/317/671 664/322/685 663/322/683
f 653/317/671 654/316/670 662/319/675 664/322/685
f 656/316/680 655/317/679 663/322/683 661/319/676
f 654/316/670 656/316/680 661/319/676 662/319/675
f 666/321/682 665/321/681 607/293/638 608/293/637
f 660/320/677 659/323/684 603/294/639 665/321/681
f 657/323/686 658/320/678 666/321/682 605/294/640
f 659/323/684 657/323/686 605/294/640 603/294/639
f 665/321/681 603/294/639 607/293/638
f 608/293/637 605/294/640 666/321/682
f 667/324/687 668/325/688 670/326/689 669/327/689
f 669/327/546 670/326/546 674/326/546 673/327/546
f 673/327/690 674/326/690 672/325/691 671/324/692
f 671/324/692 672/325/691 677/328/550 678/329/550
f 669/327/693 673/327/693 671/324/694 667/324/694
f 674/326/695 670/326/695 668/325/696 672/325/696
f 682/330/697 679/330/697 685/331/698 686/331/698
f 668/325/688 667/324/687 675/329/545 676/328/545
f 667/324/694 671/324/694 678/329/699 675/329/699
f 672/325/696 668/325/696 676/328/700 677/328/700
f 682/330/697 681/332/701 680/332/701 679/330/697
f 676/328/545 675/329/545 679/330/545 680/332/545
f 677/328/700 676/328/700 680/332/549 681/332/549
f 678/329/550 677/328/550 681/332/550 682/330/550
f 685/331/545 683/333/545 687/334/545 689/335/545
f 675/329/702 678/329/702 684/333/703 683/333/703
f 679/330/545 675/329/545 683/333/545 685/331/545
f 678/329/550 682/330/550 686/331/550 684/333/550
f 688/334/550 690/335/550 694/336/550 692/337/550
f 686/331/698 685/331/698 689/335/704 690/335/704
f 684/333/550 686/331/550 690/335/550 688/334/550
f 683/333/703 684/333/703 688/334/705 687/334/705
f 691/337/706 692/337/706 696/338/707 695/338/707
f 687/334/705 688/334/705 692/337/706 691/337/706
f 689/335/545 687/334/545 691/337/545 693/336/545
f 690/335/704 689/335/704 693/336/708 694/336/708
f 728/339/545 727/340/545 699/341/545 701/342/545
f 693/336/545 691/337/545 695/338/545 697/343/545
f 694/336/708 693/336/708 697/343/709 698/343/709
f 692/337/550 694/336/550 698/343/550 696/338/550
f 720/344/550 719/345/550 710/346/550 708/347/550
f 729/339/710 728/339/710 701/342/711 702/342/711
f 730/340/550 729/339/550 702/342/550 700/341/550
f 727/340/712 730/340/712 700/341/712 699/341/712
f 695/338/713 696/338/713 706/348/713 703/348/713
f 696/338/550 698/343/550 705/349/550 706/348/550
f 698/343/709 697/343/709 704/349/714 705/349/714
f 697/343/545 695/338/545 703/348/545 704/349/545
f 707/347/715 708/347/715 710/346/716 709/346/716
f 699/341/717 700/341/717 716/350/718 715/350/718
f 722/345/545 721/344/545 707/347/545 709/346/545
f 709/346/716 710/346/716 714/351/719 713/351/719
f 723/352/720 724/352/720 713/351/721 714/351/721
f 719/345/550 702/342/550 712/353/550 723/352/550
f 702/342/711 701/342/711 711/353/722 712/353/722
f 722/345/545 709/346/545 713/351/545 724/352/545
f 726/354/723 725/354/723 718/355/723 717/355/723
f 721/344/545 699/341/545 715/350/545 726/354/545
f 708/347/715 707/347/715 717/355/724 718/355/724
f 720/344/550 708/347/550 718/355/550 725/354/550
f 700/341/550 720/344/550 725/354/550 716/350/550
f 707/347/545 721/344/545 726/354/545 717/355/545
f 736/356/550 735/357/550 733/358/550 732/359/550
f 701/342/545 722/345/545 724/352/545 711/353/545
f 710/346/550 719/345/550 723/352/550 714/351/550
f 712/353/722 711/353/722 724/352/720 723/352/720
f 701/342/545 699/341/545 721/344/545 722/345/545
f 700/341/550 702/342/550 719/345/550 720/344/550
f 703/348/712 706/348/712 730/340/712 727/340/712
f 706/348/550 705/349/550 729/339/550 730/340/550
f 705/349/714 704/349/714 728/339/710 729/339/710
f 704/349/545 703/348/545 727/340/545 728/339/545
f 733/358/725 734/358/725 742/360/726 741/360/726
f 737/356/549 736/356/549 732/359/727 731/359/727
f 735/357/728 738/357/728 734/358/725 733/358/725
f 738/357/545 737/356/545 731/359/545 734/358/545
f 726/354/545 715/350/545 737/356/545 738/357/545
f 725/354/729 726/354/729 738/357/728 735/357/728
f 715/350/718 716/350/718 736/356/549 737/356/549
f 716/350/550 725/354/550 735/357/550 736/356/550
f 748/361/545 747/362/545 743/363/545 746/364/545
f 732/359/550 733/358/550 741/360/550 740/365/550
f 734/358/545 731/359/545 739/365/545 742/360/545
f 731/359/727 732/359/727 740/365/730 739/365/730
f 760/366/731 759/366/731 756/367/732 755/367/732
f 747/362/733 749/362/733 744/363/734 743/363/734
f 750/361/735 748/361/735 746/364/735 745/364/735
f 749/362/550 750/361/550 745/364/550 744/363/550
f 740/365/550 741/360/550 750/361/550 749/362/550
f 741/360/726 742/360/726 748/361/736 750/361/736
f 739/365/737 740/365/737 749/362/737 747/362/737
f 742/360/545 739/365/545 747/362/545 748/361/545
f 751/368/547 754/369/547 753/369/547 752/368/547
f 744/363/550 745/364/550 753/369/550 752/368/550
f 746/364/545 743/363/545 751/368/545 754/369/545
f 743/363/734 744/363/734 752/368/738 751/368/738
f 755/367/732 756/367/732 758/370/739 757/370/739
f 761/371/550 760/366/550 755/367/550 757/370/550
f 762/371/546 761/371/546 757/370/546 758/370/546
f 759/366/545 762/371/545 758/370/545 756/367/545
f 766/372/545 765/373/545 762/371/545 759/366/545
f 765/373/547 762/371/547 761/371/547 764/373/547
f 764/373/550 763/372/550 760/366/550 761/371/550
f 763/372/740 766/372/740 759/366/740 760/366/740
f 745/364/741 746/364/741 766/372/741 763/372/741
f 753/369/550 745/364/550 763/372/550 764/373/550
f 754/369/547 765/373/547 764/373/547 753/369/547
f 746/364/545 754/369/545 765/373/545 766/372/545
f 767/374/742 769/375/743 770/376/743 768/377/744
f 769/375/547 773/375/547 774/376/547 770/376/547
f 773/375/745 771/374/746 772/377/747 774/376/745
f 771/374/746 778/378/550 777/379/550 772/377/747
f 769/375/748 767/374/749 771/374/749 773/375/748
f 774/376/750 772/377/751 768/377/751 770/376/750
f 782/380/752 786/381/753 785/381/753 779/380/752
f 768/377/744 776/379/545 775/378/545 767/374/742
f 767/374/749 775/378/754 778/378/754 771/374/749
f 772/377/751 777/379/755 776/379/755 768/377/751
f 782/380/752 779/380/752 780/382/756 781/382/756
f 776/379/545 780/382/545 779/380/545 775/378/545
f 777/379/755 781/382/549 780/382/549 776/379/755
f 778/378/550 782/380/550 781/382/550 777/379/550
f 785/381/545 789/383/545 787/384/545 783/385/545
f 775/378/757 783/385/758 784/385/758 778/378/757
f 779/380/545 785/381/545 783/385/545 775/378/545
f 778/378/550 784/385/550 786/381/550 782/380/550
f 788/384/550 792/386/550 794/387/550 790/383/550
f 786/381/753 790/383/759 789/383/759 785/381/753
f 784/385/550 788/384/550 790/383/550 786/381/550
f 783/385/758 787/384/760 788/384/760 784/385/758
f 791/386/761 795/388/762 796/388/762 792/386/761
f 787/384/760 791/386/761 792/386/761 788/384/760
f 789/383/545 793/387/545 791/386/545 787/384/545
f 790/383/759 794/387/763 793/387/763 789/383/759
f 828/389/545 801/390/545 799/391/545 827/392/545
f 793/387/545 797/393/545 795/388/545 791/386/545
f 794/387/763 798/393/764 797/393/764 793/387/763
f 792/386/550 796/388/550 798/393/550 794/387/550
f 820/394/550 808/395/550 810/396/550 819/397/550
f 829/389/765 802/390/766 801/390/766 828/389/765
f 830/392/550 800/391/550 802/390/550 829/389/550
f 827/392/767 799/391/767 800/391/767 830/392/767
f 795/388/768 803/398/768 806/398/768 796/388/768
f 796/388/550 806/398/550 805/399/550 798/393/550
f 798/393/764 805/399/769 804/399/769 797/393/764
f 797/393/545 804/399/545 803/398/545 795/388/545
f 807/395/770 809/396/771 810/396/771 808/395/770
f 799/391/772 815/400/773 816/400/773 800/391/772
f 822/397/545 809/396/545 807/395/545 821/394/545
f 809/396/771 813/401/774 814/401/774 810/396/771
f 823/402/775 814/401/775 813/401/775 824/402/775
f 819/397/550 823/402/550 812/403/550 802/390/550
f 802/390/766 812/403/776 811/403/776 801/390/766
f 822/397/545 824/402/545 813/401/545 809/396/545
f 826/404/777 817/405/777 818/405/777 825/404/777
f 821/394/545 826/404/545 815/400/545 799/391/545
f 808/395/770 818/405/778 817/405/778 807/395/770
f 820/394/550 825/404/550 818/405/550 808/395/550
f 800/391/550 816/400/550 825/404/550 820/394/550
f 807/395/545 817/405/545 826/404/545 821/394/545
f 836/406/550 832/407/550 833/408/550 835/409/550
f 801/390/545 811/403/545 824/402/545 822/397/545
f 810/396/550 814/401/550 823/402/550 819/397/550
f 812/403/776 823/402/775 824/402/775 811/403/776
f 801/390/545 822/397/545 821/394/545 799/391/545
f 800/391/550 820/394/550 819/397/550 802/390/550
f 803/398/767 827/392/767 830/392/767 806/398/767
f 806/398/550 830/392/550 829/389/550 805/399/550
f 805/399/769 829/389/765 828/389/765 804/399/769
f 804/399/545 828/389/545 827/392/545 803/398/545
f 833/408/779 841/410/780 842/410/780 834/408/779
f 837/406/549 831/407/781 832/407/781 836/406/549
f 835/409/782 833/408/779 834/408/779 838/409/782
f 838/409/545 834/408/545 831/407/545 837/406/545
f 826/404/545 838/409/545 837/406/545 815/400/545
f 825/404/783 835/409/782 838/409/782 826/404/783
f 815/400/773 837/406/549 836/406/549 816/400/773
f 816/400/550 836/406/550 835/409/550 825/404/550
f 848/411/545 846/412/545 843/413/545 847/414/545
f 832/407/550 840/415/550 841/410/550 833/408/550
f 834/408/545 842/410/545 839/415/545 831/407/545
f 831/407/781 839/415/784 840/415/784 832/407/781
f 854/416/785 851/417/786 852/417/786 853/416/785
f 847/414/787 843/413/788 844/413/788 849/414/787
f 850/411/789 845/412/789 846/412/789 848/411/789
f 849/414/550 844/413/550 845/412/550 850/411/550
f 840/415/550 849/414/550 850/411/550 841/410/550
f 841/410/780 850/411/790 848/411/790 842/410/780
f 839/415/791 847/414/791 849/414/791 840/415/791
f 842/410/545 848/411/545 847/414/545 839/415/545
f 844/413/550 752/368/550 753/369/550 845/412/550
f 846/412/545 754/369/545 751/368/545 843/413/545
f 843/413/788 751/368/792 752/368/792 844/413/788
f 851/417/786 757/370/793 758/370/793 852/417/786
f 761/371/550 757/370/550 851/417/550 854/416/550
f 853/416/545 852/417/545 758/370/545 762/371/545
f 856/418/545 853/416/545 762/371/545 765/373/545
f 764/373/550 761/371/550 854/416/550 855/418/550
f 855/418/794 854/416/794 853/416/794 856/418/794
f 845/412/795 855/418/795 856/418/795 846/412/795
f 753/369/550 764/373/550 855/418/550 845/412/550
f 846/412/545 856/418/545 765/373/545 754/369/545
f 861/264/594 863/267/587 868/266/596 867/265/595
f 860/268/586 859/267/586 863/267/587 864/268/587
f 864/268/587 863/267/587 861/264/594 862/269/593
f 883/270/602 881/273/600 871/272/601 872/271/597
f 858/269/588 857/264/583 859/267/586 860/268/586
f 862/269/593 861/264/594 857/264/583 858/269/588
f 865/265/584 867/265/595 868/266/596 866/266/585
f 859/267/586 857/264/583 865/265/584 866/266/585
f 857/264/583 861/264/594 867/265/595 865/265/584
f 863/267/587 859/267/586 866/266/585 868/266/596
f 870/271/590 872/271/597 892/274/598 890/274/599
f 884/273/592 882/270/589 870/271/590 869/272/591
f 881/273/600 884/273/592 869/272/591 871/272/601
f 882/270/589 883/270/602 872/271/597 870/271/590
f 880/275/586 877/275/587 874/276/603 875/276/604
f 879/277/608 878/277/605 876/278/606 873/278/607
f 878/277/605 880/275/586 875/276/604 876/278/606
f 877/275/587 879/277/608 873/278/607 874/276/603
f 864/268/587 862/269/593 879/277/608 877/275/587
f 858/269/588 860/268/586 880/275/586 878/277/605
f 862/269/593 858/269/588 878/277/605 879/277/608
f 860/268/586 864/268/587 877/275/587 880/275/586
f 888/279/610 885/279/609 883/270/602 882/270/589
f 887/280/612 886/280/611 884/273/592 881/273/600
f 886/280/611 888/279/610 882/270/589 884/273/592
f 885/279/609 887/280/612 881/273/600 883/270/602
f 874/276/603 873/278/607 887/280/612 885/279/609
f 876/278/606 875/276/604 888/279/610 886/280/611
f 873/278/607 876/278/606 886/280/611 887/280/612
f 875/276/604 874/276/603 885/279/609 888/279/610
f 898/281/616 897/281/613 896/282/614 894/282/615
f 872/271/597 871/272/601 891/283/618 892/274/598
f 869/272/591 870/271/590 890/274/599 889/283/617
f 871/272/601 869/272/591 889/283/617 891/283/618
f 893/284/622 894/282/615 902/286/630 901/285/629
f 897/281/613 899/287/624 895/284/619 896/282/614
f 900/287/623 898/281/616 894/282/615 893/284/622
f 899/287/624 900/287/623 893/284/622 895/284/619
f 891/283/618 889/283/617 900/287/623 899/287/624
f 889/283/617 890/274/599 898/281/616 900/287/623
f 892/274/598 891/283/618 899/287/624 897/281/613
f 890/274/599 892/274/598 897/281/613 898/281/616
f 910/288/628 909/288/625 908/289/796 906/289/797
f 895/284/619 893/284/622 901/285/629 903/285/620
f 894/282/615 896/282/614 904/286/621 902/286/630
f 896/282/614 895/284/619 903/285/620 904/286/621
f 906/289/797 908/289/796 914/290/798 916/290/799
f 909/288/625 911/292/635 907/291/800 908/289/796
f 912/292/634 910/288/628 906/289/797 905/291/801
f 911/292/635 912/292/634 905/291/801 907/291/800
f 903/285/620 901/285/629 912/292/634 911/292/635
f 901/285/629 902/286/630 910/288/628 912/292/634
f 904/286/621 903/285/620 911/292/635 909/288/625
f 902/286/630 904/286/621 909/288/625 910/288/628
f 916/290/799 914/290/798 917/293/637 918/293/638
f 908/289/796 907/291/800 913/294/802 914/290/798
f 905/291/801 906/289/797 916/290/799 915/294/803
f 907/291/800 905/291/801 915/294/803 913/294/802
f 914/290/798 913/294/802 917/293/637
f 918/293/638 915/294/803 916/290/799
f 923/295/587 929/298/596 930/297/595 925/296/594
f 922/299/583 926/299/594 925/296/594 921/296/583
f 926/299/594 924/300/646 923/295/587 925/296/594
f 945/301/651 934/304/647 933/303/652 943/302/650
f 920/300/641 922/299/583 921/296/583 919/295/586
f 924/300/646 920/300/641 919/295/586 923/295/587
f 927/298/585 928/297/584 930/297/595 929/298/596
f 921/296/583 928/297/584 927/298/585 919/295/586
f 919/295/586 927/298/585 929/298/596 923/295/587
f 925/296/594 930/297/595 928/297/584 921/296/583
f 932/304/645 952/305/648 954/305/649 934/304/647
f 946/302/643 931/303/644 932/304/645 944/301/642
f 943/302/650 933/303/652 931/303/644 946/302/643
f 944/301/642 932/304/645 934/304/647 945/301/651
f 942/306/583 937/307/653 936/307/654 939/306/594
f 941/308/656 935/309/657 938/309/658 940/308/655
f 940/308/655 938/309/658 937/307/653 942/306/583
f 939/306/594 936/307/654 935/309/657 941/308/656
f 926/299/594 939/306/594 941/308/656 924/300/646
f 920/300/641 940/308/655 942/306/583 922/299/583
f 924/300/646 941/308/656 940/308/655 920/300/641
f 922/299/583 942/306/583 939/306/594 926/299/594
f 950/310/660 944/301/642 945/301/651 947/310/659
f 949/311/662 943/302/650 946/302/643 948/311/661
f 948/311/661 946/302/643 944/301/642 950/310/660
f 947/310/659 945/301/651 943/302/650 949/311/662
f 936/307/654 947/310/659 949/311/662 935/309/657
f 938/309/658 948/311/661 950/310/660 937/307/653
f 935/309/657 949/311/662 948/311/661 938/309/658
f 937/307/653 950/310/660 947/310/659 936/307/654
f 960/312/664 956/313/665 958/313/666 959/312/663
f 934/304/647 954/305/649 953/314/668 933/303/652
f 931/303/644 951/314/667 952/305/648 932/304/645
f 933/303/652 953/314/668 951/314/667 931/303/644
f 955/315/673 963/317/679 964/316/680 956/313/665
f 959/312/663 958/313/666 957/315/669 961/318/674
f 962/318/672 955/315/673 956/313/665 960/312/664
f 961/318/674 957/315/669 955/315/673 962/318/672
f 953/314/668 961/318/674 962/318/672 951/314/667
f 951/314/667 962/318/672 960/312/664 952/305/648
f 954/305/649 959/312/663 961/318/674 953/314/668
f 952/305/648 960/312/664 959/312/663 954/305/649
f 972/319/676 968/320/804 970/320/805 971/319/675
f 957/315/669 965/317/671 963/317/679 955/315/673
f 956/313/665 964/316/680 966/316/670 958/313/666
f 958/313/666 966/316/670 965/317/671 957/315/669
f 968/320/804 976/321/806 975/321/807 970/320/805
f 971/319/675 970/320/805 969/323/808 973/322/685
f 974/322/683 967/323/809 968/320/804 972/319/676
f 973/322/685 969/323/808 967/323/809 974/322/683
f 965/317/671 973/322/685 974/322/683 963/317/679
f 963/317/679 974/322/683 972/319/676 964/316/680
f 966/316/670 971/319/675 973/322/685 965/317/671
f 964/316/680 972/319/676 971/319/675 966/316/670
f 976/321/806 918/293/638 917/293/637 975/321/807
f 970/320/805 975/321/807 913/294/802 969/323/808
f 967/323/809 915/294/803 976/321/806 968/320/804
f 969/323/808 913/294/802 915/294/803 967/323/809
f 975/321/807 917/293/637 913/294/802
f 918/293/638 976/321/806 915/294/803
f 981/264/594 983/267/587 988/266/596 987/265/595
f 980/268/586 979/267/586 983/267/587 984/268/587
f 984/268/587 983/267/587 981/264/594 982/269/593
f 1003/270/602 1001/273/600 991/272/601 992/271/597
f 978/269/588 977/264/583 979/267/586 980/268/586
f 982/269/593 981/264/594 977/264/583 978/269/588
f 985/265/584 987/265/595 988/266/596 986/266/585
f 979/267/586 977/264/583 985/265/584 986/266/585
f 977/264/583 981/264/594 987/265/595 985/265/584
f 983/267/587 979/267/586 986/266/585 988/266/596
f 990/271/590 992/271/597 1012/274/598 1010/274/599
f 1004/273/592 1002/270/589 990/271/590 989/272/591
f 1001/273/600 1004/273/592 989/272/591 991/272/601
f 1002/270/589 1003/270/602 992/271/597 990/271/590
f 1000/275/586 997/275/587 994/276/603 995/276/604
f 999/277/608 998/277/605 996/278/606 993/278/607
f 998/277/605 1000/275/586 995/276/604 996/278/606
f 997/275/587 999/277/608 993/278/607 994/276/603
f 984/268/587 982/269/593 999/277/608 997/275/587
f 978/269/588 980/268/586 1000/275/586 998/277/605
f 982/269/593 978/269/588 998/277/605 999/277/608
f 980/268/586 984/268/587 997/275/587 1000/275/586
f 1008/279/610 1005/279/609 1003/270/602 1002/270/589
f 1007/280/612 1006/280/611 1004/273/592 1001/273/600
f 1006/280/611 1008/279/610 1002/270/589 1004/273/592
f 1005/279/609 1007/280/612 1001/273/600 1003/270/602
f 994/276/603 993/278/607 1007/280/612 1005/279/609
f 996/278/606 995/276/604 1008/279/610 1006/280/611
f 993/278/607 996/278/606 1006/280/611 1007/280/612
f 995/276/604 994/276/603 1005/279/609 1008/279/610
f 1018/281/616 1017/281/613 1016/282/614 1014/282/615
f 992/271/597 991/272/601 1011/283/618 1012/274/598
f 989/272/591 990/271/590 1010/274/599 1009/283/617
f 991/272/601 989/272/591 1009/283/617 1011/283/618
f 1013/284/622 1014/282/615 1022/286/630 1021/285/629
f 1017/281/613 1019/287/624 1015/284/619 1016/282/614
f 1020/287/623 1018/281/616 1014/282/615 1013/284/622
f 1019/287/624 1020/287/623 1013/284/622 1015/284/619
f 1011/283/618 1009/283/617 1020/287/623 1019/287/624
f 1009/283/617 1010/274/599 1018/281/616 1020/287/623
f 1012/274/598 1011/283/618 1019/287/624 1017/281/613
f 1010/274/599 1012/274/598 1017/281/613 1018/281/616
f 1030/288/628 1029/288/625 1028/289/796 1026/289/797
f 1015/284/619 1013/284/622 1021/285/629 1023/285/620
f 1014/282/615 1016/282/614 1024/286/621 1022/286/630
f 1016/282/614 1015/284/619 1023/285/620 1024/286/621
f 1026/289/797 1028/289/796 1034/290/798 1036/290/799
f 1029/288/625 1031/292/635 1027/291/800 1028/289/796
f 1032/292/634 1030/288/628 1026/289/797 1025/291/801
f 1031/292/635 1032/292/634 1025/291/801 1027/291/800
f 1023/285/620 1021/285/629 1032/292/634 1031/292/635
f 1021/285/629 1022/286/630 1030/288/628 1032/292/634
f 1024/286/621 1023/285/620 1031/292/635 1029/288/625
f 1022/286/630 1024/286/621 1029/288/625 1030/288/628
f 1036/290/799 1034/290/798 1037/293/637 1038/293/638
f 1028/289/796 1027/291/800 1033/294/802 1034/290/798
f 1025/291/801 1026/289/797 1036/290/799 1035/294/803
f 1027/291/800 1025/291/801 1035/294/803 1033/294/802
f 1034/290/798 1033/294/802 1037/293/637
f 1038/293/638 1035/294/803 1036/290/799
f 1043/295/587 1049/298/596 1050/297/595 1045/296/594
f 1042/299/583 1046/299/594 1045/296/594 1041/296/583
f 1046/299/594 1044/300/646 1043/295/587 1045/296/594
f 1065/301/651 1054/304/647 1053/303/652 1063/302/650
f 1040/300/641 1042/299/583 1041/296/583 1039/295/586
f 1044/300/646 1040/300/641 1039/295/586 1043/295/587
f 1047/298/585 1048/297/584 1050/297/595 1049/298/596
f 1041/296/583 1048/297/584 1047/298/585 1039/295/586
f 1039/295/586 1047/298/585 1049/298/596 1043/295/587
f 1045/296/594 1050/297/595 1048/297/584 1041/296/583
f 1052/304/645 1072/305/648 1074/305/649 1054/304/647
f 1066/302/643 1051/303/644 1052/304/645 1064/301/642
f 1063/302/650 1053/303/652 1051/303/644 1066/302/643
f 1064/301/642 1052/304/645 1054/304/647 1065/301/651
f 1062/306/583 1057/307/653 1056/307/654 1059/306/594
f 1061/308/656 1055/309/657 1058/309/658 1060/308/655
f 1060/308/655 1058/309/658 1057/307/653 1062/306/583
f 1059/306/594 1056/307/654 1055/309/657 1061/308/656
f 1046/299/594 1059/306/594 1061/308/656 1044/300/646
f 1040/300/641 1060/308/655 1062/306/583 1042/299/583
f 1044/300/646 1061/308/656 1060/308/655 1040/300/641
f 1042/299/583 1062/306/583 1059/306/594 1046/299/594
f 1070/310/660 1064/301/642 1065/301/651 1067/310/659
f 1069/311/662 1063/302/650 1066/302/643 1068/311/661
f 1068/311/661 1066/302/643 1064/301/642 1070/310/660
f 1067/310/659 1065/301/651 1063/302/650 1069/311/662
f 1056/307/654 1067/310/659 1069/311/662 1055/309/657
f 1058/309/658 1068/311/661 1070/310/660 1057/307/653
f 1055/309/657 1069/311/662 1068/311/661 1058/309/658
f 1057/307/653 1070/310/660 1067/310/659 1056/307/654
f 1080/312/664 1076/313/665 1078/313/666 1079/312/663
f 1054/304/647 1074/305/649 1073/314/668 1053/303/652
f 1051/303/644 1071/314/667 1072/305/648 1052/304/645
f 1053/303/652 1073/314/668 1071/314/667 1051/303/644
f 1075/315/673 1083/317/679 1084/316/680 1076/313/665
f 1079/312/663 1078/313/666 1077/315/669 1081/318/674
f 1082/318/672 1075/315/673 1076/313/665 1080/312/664
f 1081/318/674 1077/315/669 1075/315/673 1082/318/672
f 1073/314/668 1081/318/674 1082/318/672 1071/314/667
f 1071/314/667 1082/318/672 1080/312/664 1072/305/648
f 1074/305/649 1079/312/663 1081/318/674 1073/314/668
f 1072/305/648 1080/312/664 1079/312/663 1074/305/649
f 1092/319/676 1088/320/804 1090/320/805 1091/319/675
f 1077/315/669 1085/317/671 1083/317/679 1075/315/673
f 1076/313/665 1084/316/680 1086/316/670 1078/313/666
f 1078/313/666 1086/316/670 1085/317/671 1077/315/669
f 1088/320/804 1096/321/806 1095/321/807 1090/320/805
f 1091/319/675 1090/320/805 1089/323/808 1093/322/685
f 1094/322/683 1087/323/809 1088/320/804 1092/319/676
f 1093/322/685 1089/323/808 1087/323/809 1094/322/683
f 1085/317/671 1093/322/685 1094/322/683 1083/317/679
f 1083/317/679 1094/322/683 1092/319/676 1084/316/680
f 1086/316/670 1091/319/675 1093/322/685 1085/317/671
f 1084/316/680 1092/319/676 1091/319/675 1086/316/670
f 1096/321/806 1038/293/638 1037/293/637 1095/321/807
f 1090/320/805 1095/321/807 1033/294/802 1089/323/808
f 1087/323/809 1035/294/803 1096/321/806 1088/320/804
f 1089/323/808 1033/294/802 1035/294/803 1087/323/809
f 1095/321/807 1037/293/637 1033/294/802
f 1038/293/638 1096/321/806 1035/294/803
f 1138/419/545 1106/420/545 1100/421/545 1134/422/545
f 1114/423/810 1113/423/810 1112/424/811 1110/424/811
f 1137/419/550 1108/420/550 1102/425/550 1136/426/550
f 1136/426/547 1102/425/547 1098/425/547 1133/426/547
f 1105/427/812 1107/427/812 1101/428/813 1097/428/813
f 1108/420/814 1106/420/814 1098/425/815 1102/425/815
f 1104/421/816 1100/421/816 1106/420/814 1108/420/814
f 1099/429/817 1103/429/817 1107/427/812 1105/427/812
f 1135/422/550 1104/421/550 1108/420/550 1137/419/550
f 1133/426/545 1098/425/545 1106/420/545 1138/419/545
f 1110/424/811 1112/424/811 1120/430/818 1118/430/818
f 1142/431/545 1114/423/545 1110/424/545 1139/432/545
f 1141/431/550 1116/433/550 1111/434/550 1140/432/550
f 1116/433/819 1115/433/819 1109/434/820 1111/434/820
f 1103/429/817 1099/429/817 1115/433/819 1116/433/819
f 1135/422/550 1103/429/550 1116/433/550 1141/431/550
f 1134/422/545 1100/421/545 1114/423/545 1142/431/545
f 1100/421/816 1104/421/816 1113/423/810 1114/423/810
f 1126/435/821 1125/435/821 1153/436/822 1154/436/822
f 1139/432/545 1110/424/545 1118/430/545 1143/437/545
f 1140/432/550 1111/434/550 1119/438/550 1144/437/550
f 1111/434/820 1109/434/820 1117/438/546 1119/438/546
f 1125/435/550 1124/439/550 1152/440/550 1153/436/550
f 1148/441/545 1126/435/545 1122/439/545 1145/442/545
f 1147/441/550 1128/443/550 1123/444/550 1146/442/550
f 1128/443/823 1127/443/823 1121/444/824 1123/444/824
f 1119/438/825 1117/438/825 1127/443/823 1128/443/823
f 1144/437/550 1119/438/550 1128/443/550 1147/441/550
f 1143/437/545 1118/430/545 1126/435/545 1148/441/545
f 1118/430/826 1120/430/826 1125/435/826 1126/435/826
f 1149/445/827 1130/446/828 1132/446/828 1150/445/827
f 1145/442/545 1122/439/545 1130/446/545 1149/445/545
f 1146/442/550 1123/444/550 1131/447/550 1150/445/550
f 1123/444/824 1121/444/824 1129/447/829 1131/447/829
f 1124/439/550 1146/442/550 1150/445/550 1132/446/550
f 1121/444/545 1145/442/545 1149/445/545 1129/447/545
f 1129/447/829 1149/445/827 1150/445/827 1131/447/829
f 1117/438/545 1143/437/545 1148/441/545 1127/443/545
f 1120/430/550 1144/437/550 1147/441/550 1125/435/550
f 1125/435/550 1147/441/550 1146/442/550 1124/439/550
f 1127/443/545 1148/441/545 1145/442/545 1121/444/545
f 1112/424/550 1140/432/550 1144/437/550 1120/430/550
f 1109/434/545 1139/432/545 1143/437/545 1117/438/545
f 1099/429/545 1134/422/545 1142/431/545 1115/433/545
f 1104/421/550 1135/422/550 1141/431/550 1113/423/550
f 1113/423/550 1141/431/550 1140/432/550 1112/424/550
f 1115/433/545 1142/431/545 1139/432/545 1109/434/545
f 1097/428/545 1133/426/545 1138/419/545 1105/427/545
f 1103/429/550 1135/422/550 1137/419/550 1107/427/550
f 1101/428/547 1136/426/547 1133/426/547 1097/428/547
f 1107/427/550 1137/419/550 1136/426/550 1101/428/550
f 1105/427/545 1138/419/545 1134/422/545 1099/429/545
f 1156/448/830 1155/448/830 1161/449/831 1162/449/831
f 1155/448/545 1151/440/545 1157/450/545 1161/449/545
f 1124/439/550 1132/446/550 1156/448/550 1152/440/550
f 1122/439/545 1126/435/545 1154/436/545 1151/440/545
f 1132/446/828 1130/446/828 1155/448/832 1156/448/832
f 1130/446/545 1122/439/545 1151/440/545 1155/448/545
f 1160/451/833 1159/451/833 1158/450/834 1157/450/834
f 1168/452/835 1167/452/835 1165/453/836 1166/453/836
f 1151/440/545 1154/436/545 1160/451/545 1157/450/545
f 1152/440/550 1156/448/550 1162/449/550 1158/450/550
f 1154/436/822 1153/436/822 1159/451/837 1160/451/837
f 1153/436/550 1152/440/550 1158/450/550 1159/451/550
f 1163/454/838 1164/454/838 1166/453/836 1165/453/836
f 1170/455/839 1169/455/839 1164/454/840 1163/454/840
f 1169/455/550 1168/452/550 1166/453/550 1164/454/550
f 1167/452/545 1170/455/545 1163/454/545 1165/453/545
f 1161/449/545 1157/450/545 1170/455/545 1167/452/545
f 1158/450/550 1162/449/550 1168/452/550 1169/455/550
f 1157/450/834 1158/450/834 1169/455/839 1170/455/839
f 1162/449/831 1161/449/831 1167/452/835 1168/452/835
f 1206/456/545 1203/457/545 1172/458/545 1176/459/545
f 1184/460/841 1180/461/842 1182/461/842 1183/460/841
f 1205/456/550 1136/426/550 1102/425/550 1178/459/550
f 1175/462/843 1097/428/844 1101/428/844 1177/462/843
f 1178/459/845 1102/425/846 1098/425/846 1176/459/845
f 1174/458/847 1178/459/845 1176/459/845 1172/458/847
f 1171/463/848 1175/462/843 1177/462/843 1173/463/848
f 1204/457/550 1205/456/550 1178/459/550 1174/458/550
f 1133/426/545 1206/456/545 1176/459/545 1098/425/545
f 1180/461/842 1188/464/849 1190/464/849 1182/461/842
f 1210/465/545 1207/466/545 1180/461/545 1184/460/545
f 1209/465/550 1208/466/550 1181/467/550 1186/468/550
f 1186/468/850 1181/467/851 1179/467/851 1185/468/850
f 1173/463/848 1186/468/850 1185/468/850 1171/463/848
f 1204/457/550 1209/465/550 1186/468/550 1173/463/550
f 1203/457/545 1210/465/545 1184/460/545 1172/458/545
f 1172/458/847 1184/460/841 1183/460/841 1174/458/847
f 1196/469/852 1222/470/853 1221/470/853 1195/469/852
f 1207/466/545 1211/471/545 1188/464/545 1180/461/545
f 1208/466/550 1212/471/550 1189/472/550 1181/467/550
f 1181/467/851 1189/472/547 1187/472/547 1179/467/851
f 1195/469/550 1221/470/550 1220/473/550 1194/474/550
f 1216/475/545 1213/476/545 1192/474/545 1196/469/545
f 1215/475/550 1214/476/550 1193/477/550 1198/478/550
f 1198/478/854 1193/477/855 1191/477/855 1197/478/854
f 1189/472/856 1198/478/854 1197/478/854 1187/472/856
f 1212/471/550 1215/475/550 1198/478/550 1189/472/550
f 1211/471/545 1216/475/545 1196/469/545 1188/464/545
f 1188/464/857 1196/469/857 1195/469/857 1190/464/857
f 1217/479/858 1218/479/858 1202/480/859 1200/480/859
f 1213/476/545 1217/479/545 1200/480/545 1192/474/545
f 1214/476/550 1218/479/550 1201/481/550 1193/477/550
f 1193/477/855 1201/481/860 1199/481/860 1191/477/855
f 1194/474/550 1202/480/550 1218/479/550 1214/476/550
f 1191/477/545 1199/481/545 1217/479/545 1213/476/545
f 1199/481/860 1201/481/860 1218/479/858 1217/479/858
f 1187/472/545 1197/478/545 1216/475/545 1211/471/545
f 1190/464/550 1195/469/550 1215/475/550 1212/471/550
f 1195/469/550 1194/474/550 1214/476/550 1215/475/550
f 1197/478/545 1191/477/545 1213/476/545 1216/475/545
f 1182/461/550 1190/464/550 1212/471/550 1208/466/550
f 1179/467/545 1187/472/545 1211/471/545 1207/466/545
f 1171/463/545 1185/468/545 1210/465/545 1203/457/545
f 1174/458/550 1183/460/550 1209/465/550 1204/457/550
f 1183/460/550 1182/461/550 1208/466/550 1209/465/550
f 1185/468/545 1179/467/545 1207/466/545 1210/465/545
f 1097/428/545 1175/462/545 1206/456/545 1133/426/545
f 1173/463/550 1177/462/550 1205/456/550 1204/457/550
f 1177/462/550 1101/428/550 1136/426/550 1205/456/550
f 1175/462/545 1171/463/545 1203/457/545 1206/456/545
f 1224/482/861 1230/483/862 1229/483/862 1223/482/861
f 1223/482/545 1229/483/545 1225/484/545 1219/473/545
f 1194/474/550 1220/473/550 1224/482/550 1202/480/550
f 1192/474/545 1219/473/545 1222/470/545 1196/469/545
f 1202/480/859 1224/482/863 1223/482/863 1200/480/859
f 1200/480/545 1223/482/545 1219/473/545 1192/474/545
f 1228/485/864 1225/484/865 1226/484/865 1227/485/864
f 1236/486/866 1234/487/867 1233/487/867 1235/486/866
f 1219/473/545 1225/484/545 1228/485/545 1222/470/545
f 1220/473/550 1226/484/550 1230/483/550 1224/482/550
f 1222/470/853 1228/485/868 1227/485/868 1221/470/853
f 1221/470/550 1227/485/550 1226/484/550 1220/473/550
f 1231/488/869 1233/487/867 1234/487/867 1232/488/869
f 1238/489/870 1231/488/871 1232/488/871 1237/489/870
f 1237/489/550 1232/488/550 1234/487/550 1236/486/550
f 1235/486/545 1233/487/545 1231/488/545 1238/489/545
f 1229/483/545 1235/486/545 1238/489/545 1225/484/545
f 1226/484/550 1237/489/550 1236/486/550 1230/483/550
f 1225/484/865 1238/489/870 1237/489/870 1226/484/865
f 1230/483/862 1236/486/866 1235/486/866 1229/483/862
f 1276/490/545 1248/491/545 1242/492/545 1272/493/545
f 1272/493/872 1242/492/873 1246/492/873 1273/493/872
f 1275/490/550 1250/491/550 1244/494/550 1274/495/550
f 1240/494/545 1252/496/545 1301/497/545 1299/498/545
f 1247/499/874 1249/499/874 1243/500/875 1239/500/875
f 1250/491/876 1248/491/876 1240/494/877 1244/494/877
f 1246/492/873 1242/492/873 1248/491/876 1250/491/876
f 1241/501/878 1245/501/878 1249/499/874 1247/499/874
f 1273/493/550 1246/492/550 1250/491/550 1275/490/550
f 1271/495/545 1240/494/545 1248/491/545 1276/490/545
f 1251/502/879 1253/502/879 1257/503/880 1255/503/880
f 1274/495/550 1244/494/550 1254/496/550 1278/504/550
f 1271/495/545 1239/500/545 1251/502/545 1277/504/545
f 1239/500/875 1243/500/875 1253/502/879 1251/502/879
f 1284/505/545 1263/506/545 1259/507/545 1281/508/545
f 1277/504/545 1251/502/545 1255/503/545 1279/509/545
f 1254/496/881 1252/496/881 1256/510/882 1258/510/882
f 1278/504/550 1254/496/550 1258/510/550 1280/509/550
f 1288/511/883 1287/511/883 1268/512/884 1270/512/884
f 1265/513/885 1264/513/885 1260/514/886 1262/514/886
f 1283/505/550 1265/513/550 1262/514/550 1282/508/550
f 1263/506/887 1266/506/887 1261/507/888 1259/507/888
f 1296/515/889 1295/515/889 1266/506/887 1263/506/887
f 1298/516/550 1294/517/550 1265/513/550 1283/505/550
f 1294/517/890 1293/517/890 1264/513/885 1265/513/885
f 1297/516/545 1296/515/545 1263/506/545 1284/505/545
f 1286/518/891 1270/512/892 1268/512/892 1285/518/891
f 1292/519/550 1288/511/550 1270/512/550 1286/518/550
f 1290/520/893 1289/520/893 1269/521/894 1267/521/894
f 1291/519/545 1290/520/545 1267/521/545 1285/518/545
f 1287/511/545 1291/519/545 1285/518/545 1268/512/545
f 1289/520/550 1292/519/550 1286/518/550 1269/521/550
f 1269/521/894 1286/518/891 1285/518/891 1267/521/894
f 1293/517/545 1297/516/545 1284/505/545 1264/513/545
f 1295/515/550 1298/516/550 1283/505/550 1266/506/550
f 1266/506/550 1283/505/550 1282/508/550 1261/507/550
f 1253/502/550 1278/504/550 1280/509/550 1257/503/550
f 1252/496/545 1277/504/545 1279/509/545 1256/510/545
f 1264/513/545 1284/505/545 1281/508/545 1260/514/545
f 1240/494/545 1271/495/545 1277/504/545 1252/496/545
f 1243/500/550 1274/495/550 1278/504/550 1253/502/550
f 1239/500/545 1271/495/545 1276/490/545 1247/499/545
f 1245/501/550 1273/493/550 1275/490/550 1249/499/550
f 1249/499/550 1275/490/550 1274/495/550 1243/500/550
f 1241/501/872 1272/493/872 1273/493/872 1245/501/872
f 1247/499/545 1276/490/545 1272/493/545 1241/501/545
f 1261/507/550 1282/508/550 1292/519/550 1289/520/550
f 1260/514/545 1281/508/545 1291/519/545 1287/511/545
f 1281/508/545 1259/507/545 1290/520/545 1291/519/545
f 1259/507/888 1261/507/888 1289/520/893 1290/520/893
f 1282/508/550 1262/514/550 1288/511/550 1292/519/550
f 1262/514/886 1260/514/886 1287/511/883 1288/511/883
f 1257/503/550 1280/509/550 1298/516/550 1295/515/550
f 1256/510/545 1279/509/545 1297/516/545 1293/517/545
f 1279/509/545 1255/503/545 1296/515/545 1297/516/545
f 1258/510/882 1256/510/882 1293/517/890 1294/517/890
f 1280/509/550 1258/510/550 1294/517/550 1298/516/550
f 1255/503/880 1257/503/880 1295/515/889 1296/515/889
f 1300/498/895 1299/498/895 1303/522/896 1304/522/896
f 1244/494/877 1240/494/877 1299/498/895 1300/498/895
f 1254/496/550 1244/494/550 1300/498/550 1302/497/550
f 1252/496/897 1254/496/897 1302/497/897 1301/497/897
f 1312/523/550 1311/524/550 1308/525/550 1310/526/550
f 1302/497/550 1300/498/550 1304/522/550 1306/527/550
f 1301/497/898 1302/497/898 1306/527/899 1305/527/899
f 1299/498/545 1301/497/545 1305/527/545 1303/522/545
f 1307/525/545 1309/526/545 1317/528/545 1315/529/545
f 1313/523/900 1312/523/900 1310/526/901 1309/526/901
f 1314/524/545 1313/523/545 1309/526/545 1307/525/545
f 1311/524/546 1314/524/546 1307/525/902 1308/525/902
f 1304/522/896 1303/522/896 1314/524/546 1311/524/546
f 1303/522/545 1305/527/545 1313/523/545 1314/524/545
f 1305/527/899 1306/527/899 1312/523/903 1313/523/903
f 1306/527/550 1304/522/550 1311/524/550 1312/523/550
f 1318/528/550 1316/529/550 1320/530/550 1322/531/550
f 1308/525/902 1307/525/902 1315/529/904 1316/529/904
f 1310/526/550 1308/525/550 1316/529/550 1318/528/550
f 1309/526/901 1310/526/901 1318/528/905 1317/528/905
f 1319/530/545 1321/531/545 1325/532/545 1323/533/545
f 1317/528/905 1318/528/905 1322/531/906 1321/531/906
f 1315/529/545 1317/528/545 1321/531/545 1319/530/545
f 1316/529/904 1315/529/904 1319/530/907 1320/530/907
f 1324/533/908 1323/533/908 1325/532/909 1326/532/909
f 1320/530/907 1319/530/907 1323/533/908 1324/533/908
f 1322/531/550 1320/530/550 1324/533/550 1326/532/550
f 1321/531/906 1322/531/906 1326/532/910 1325/532/910
f 1372/534/545 1368/535/545 1330/536/545 1336/537/545
f 1336/537/911 1330/536/912 1334/536/912 1337/537/911
f 1371/534/550 1370/535/550 1332/538/550 1338/539/550
f 1338/539/550 1332/538/550 1340/540/550 1342/541/550
f 1367/542/913 1369/542/913 1331/543/548 1327/543/548
f 1370/535/914 1368/535/914 1328/538/915 1332/538/915
f 1352/544/550 1351/545/550 1346/546/550 1344/547/550
f 1369/542/550 1371/534/550 1338/539/550 1331/543/550
f 1329/548/911 1336/537/911 1337/537/911 1333/548/911
f 1367/542/545 1372/534/545 1336/537/545 1329/548/545
f 1342/541/916 1340/540/917 1339/540/917 1341/541/916
f 1332/538/915 1328/538/915 1339/540/918 1340/540/918
f 1335/539/919 1338/539/919 1342/541/916 1341/541/916
f 1328/538/545 1335/539/545 1341/541/545 1339/540/545
f 1344/547/920 1346/546/921 1345/546/921 1343/547/920
f 1351/545/922 1353/545/922 1345/546/921 1346/546/921
f 1353/545/545 1354/544/545 1343/547/545 1345/546/545
f 1362/549/545 1357/550/545 1347/551/545 1356/552/545
f 1356/552/923 1355/552/923 1350/553/924 1349/553/924
f 1361/549/550 1359/554/550 1350/553/550 1355/552/550
f 1359/554/925 1358/554/925 1349/553/924 1350/553/924
f 1360/550/550 1348/551/550 1364/555/550 1366/556/550
f 1360/550/550 1361/549/550 1355/552/550 1348/551/550
f 1347/551/926 1348/551/926 1355/552/923 1356/552/923
f 1358/554/545 1362/549/545 1356/552/545 1349/553/545
f 1335/539/545 1327/543/545 1354/544/545 1353/545/545
f 1338/539/922 1335/539/922 1353/545/922 1351/545/922
f 1331/543/550 1338/539/550 1351/545/550 1352/544/550
f 1343/547/545 1354/544/545 1362/549/545 1358/554/545
f 1331/543/550 1352/544/550 1361/549/550 1360/550/550
f 1327/543/546 1331/543/546 1360/550/546 1357/550/546
f 1344/547/920 1343/547/920 1358/554/925 1359/554/925
f 1352/544/550 1344/547/550 1359/554/550 1361/549/550
f 1354/544/545 1327/543/545 1357/550/545 1362/549/545
f 1365/556/927 1366/556/927 1364/555/928 1363/555/928
f 1357/550/929 1360/550/929 1366/556/929 1365/556/929
f 1347/551/545 1357/550/545 1365/556/545 1363/555/545
f 1348/551/926 1347/551/926 1363/555/928 1364/555/928
f 1327/543/545 1335/539/545 1372/534/545 1367/542/545
f 1333/548/550 1337/537/550 1371/534/550 1369/542/550
f 1334/536/912 1330/536/912 1368/535/914 1370/535/914
f 1329/548/930 1333/548/930 1369/542/913 1367/542/913
f 1337/537/550 1334/536/550 1370/535/550 1371/534/550
f 1335/539/545 1328/538/545 1368/535/545 1372/534/545
f 1408/557/931 1404/558/932 1376/559/933 1394/560/934
f 1379/561/935 1375/561/935 1381/562/936 1383/562/936
f 1407/557/937 1406/558/938 1378/563/939 1396/564/940
f 1396/564/547 1378/563/941 1374/563/941 1393/564/547
f 1403/565/942 1405/565/942 1377/566/943 1373/566/943
f 1378/563/939 1406/558/938 1412/567/944 1410/568/945
f 1402/569/550 1389/570/550 1387/571/550 1400/572/550
f 1376/559/946 1380/559/946 1384/573/947 1382/573/947
f 1394/560/934 1376/559/933 1382/573/948 1397/574/949
f 1395/560/950 1379/561/951 1383/562/952 1398/574/953
f 1399/572/954 1386/575/955 1388/575/955 1400/572/954
f 1389/570/956 1391/570/956 1385/571/957 1387/571/957
f 1392/576/958 1390/576/958 1388/575/959 1386/575/959
f 1401/569/545 1392/576/545 1386/575/545 1399/572/545
f 1397/574/949 1382/573/948 1392/576/545 1401/569/545
f 1382/573/947 1384/573/947 1390/576/958 1392/576/958
f 1383/562/936 1381/562/936 1391/570/956 1389/570/956
f 1398/574/953 1383/562/952 1389/570/550 1402/569/550
f 1384/573/960 1398/574/953 1402/569/550 1390/576/550
f 1381/562/961 1397/574/949 1401/569/545 1391/570/545
f 1391/570/545 1401/569/545 1399/572/545 1385/571/545
f 1385/571/957 1399/572/954 1400/572/954 1387/571/957
f 1380/559/962 1395/560/950 1398/574/953 1384/573/960
f 1375/561/963 1394/560/934 1397/574/949 1381/562/961
f 1390/576/550 1402/569/550 1400/572/550 1388/575/550
f 1377/566/943 1396/564/964 1393/564/964 1373/566/943
f 1405/565/965 1407/557/937 1396/564/940 1377/566/966
f 1403/565/967 1408/557/931 1394/560/934 1375/561/963
f 1373/566/968 1393/564/969 1408/557/931 1403/565/967
f 1379/561/951 1395/560/950 1407/557/937 1405/565/965
f 1380/559/946 1376/559/946 1404/558/970 1406/558/970
f 1375/561/935 1379/561/935 1405/565/942 1403/565/942
f 1395/560/950 1380/559/962 1406/558/938 1407/557/937
f 1393/564/969 1374/563/971 1404/558/932 1408/557/931
f 1412/567/972 1411/567/972 1415/577/973 1416/577/973
f 1404/558/932 1374/563/971 1409/568/974 1411/567/975
f 1374/563/941 1378/563/941 1410/568/976 1409/568/976
f 1406/558/546 1404/558/546 1411/567/972 1412/567/972
f 1422/578/977 1421/579/978 1417/580/979 1419/581/980
f 1409/568/976 1410/568/976 1414/582/981 1413/582/981
f 1411/567/975 1409/568/974 1413/582/982 1415/577/983
f 1410/568/945 1412/567/944 1416/577/984 1414/582/985
f 1418/580/986 1420/581/987 1428/583/988 1426/584/989
f 1424/579/990 1423/578/991 1420/581/987 1418/580/986
f 1423/578/992 1422/578/992 1419/581/980 1420/581/987
f 1421/579/993 1424/579/993 1418/580/994 1417/580/994
f 1413/582/981 1414/582/981 1424/579/993 1421/579/993
f 1416/577/973 1415/577/973 1422/578/992 1423/578/992
f 1414/582/985 1416/577/984 1423/578/991 1424/579/990
f 1415/577/983 1413/582/982 1421/579/978 1422/578/977
f 1428/583/988 1427/583/995 1425/584/996 1426/584/989
f 1420/581/987 1419/581/980 1427/583/995 1428/583/988
f 1417/580/994 1418/580/994 1426/584/997 1425/584/997
f 1419/581/980 1417/580/979 1425/584/996 1427/583/995
f 1441/585/545 1430/586/998 1432/587/999 1442/588/1000
f 1452/589/1001 1451/589/1002 1448/590/1003 1447/590/1004
f 1443/588/1005 1436/587/1006 1434/586/1007 1444/585/550
f 1441/585/545 1429/591/1008 1437/592/1009 1445/593/1010
f 1431/594/1011 1435/594/1012 1433/591/1013 1429/591/1008
f 1436/587/1006 1432/587/999 1430/586/998 1434/586/1007
f 1446/593/1014 1440/595/1015 1438/595/1016 1445/593/1010
f 1429/591/1008 1433/591/1013 1439/592/1017 1437/592/1009
f 1434/586/1007 1430/586/998 1438/595/1016 1440/595/1015
f 1444/585/550 1434/586/1007 1440/595/1015 1446/593/1014
f 1433/591/1013 1444/585/550 1446/593/1014 1439/592/1017
f 1439/592/1017 1446/593/1014 1445/593/1010 1437/592/1009
f 1430/586/998 1441/585/545 1445/593/1010 1438/595/1016
f 1435/594/1012 1443/588/1005 1444/585/550 1433/591/1013
f 1468/596/1018 1467/596/1019 1466/597/1020 1465/597/1021
f 1429/591/1008 1441/585/545 1442/588/1000 1431/594/1011
f 1447/590/1004 1448/590/1003 1456/598/1022 1455/598/1023
f 1453/599/1024 1452/589/1001 1447/590/1004 1449/600/1025
f 1454/599/1026 1453/599/1024 1449/600/1025 1450/600/1027
f 1451/589/1002 1454/599/1026 1450/600/1027 1448/590/1003
f 1436/587/1006 1443/588/1005 1454/599/1026 1451/589/1002
f 1443/588/1005 1442/588/1000 1453/599/1024 1454/599/1026
f 1442/588/1000 1432/587/999 1452/589/1001 1453/599/1024
f 1432/587/999 1436/587/1006 1451/589/1002 1452/589/1001
f 1456/598/1022 1458/601/1028 1462/602/1029 1460/603/1030
f 1450/600/1027 1449/600/1025 1457/601/1031 1458/601/1028
f 1449/600/1025 1447/590/1004 1455/598/1023 1457/601/1031
f 1448/590/1003 1450/600/1027 1458/601/1028 1456/598/1022
f 1461/602/1032 1459/603/1033 1460/603/1030 1462/602/1029
f 1455/598/1023 1456/598/1022 1460/603/1030 1459/603/1033
f 1458/601/1028 1457/601/1031 1461/602/1032 1462/602/1029
f 1457/601/1031 1455/598/1023 1459/603/1033 1461/602/1032
f 1485/604/1034 1483/605/1035 1472/606/1036 1474/607/1037
f 1467/596/1019 1469/608/1038 1464/609/1039 1466/597/1020
f 1469/608/1038 1470/610/1040 1463/609/1041 1464/609/1039
f 1470/610/1040 1468/596/1018 1465/597/1021 1463/609/1041
f 1431/594/1011 1442/588/1000 1468/596/1018 1470/610/1040
f 1435/594/1012 1431/594/1011 1470/610/1040 1469/608/1038
f 1443/588/1005 1435/594/1012 1469/608/1038 1467/596/1019
f 1442/588/1000 1443/588/1005 1467/596/1019 1468/596/1018
f 1473/607/1042 1474/607/1037 1478/611/1043 1477/611/1044
f 1486/605/1045 1484/604/1046 1473/607/1042 1471/606/1047
f 1484/604/1046 1485/604/1034 1474/607/1037 1473/607/1042
f 1483/605/1035 1486/605/1045 1471/606/1047 1472/606/1036
f 1475/612/1048 1477/611/1044 1478/611/1043 1476/612/1049
f 1472/606/1036 1471/606/1047 1475/612/1048 1476/612/1049
f 1474/607/1037 1472/606/1036 1476/612/1049 1478/611/1043
f 1471/606/1047 1473/607/1042 1477/611/1044 1475/612/1048
f 1464/609/1039 1463/609/1041 1482/613/1045 1479/613/1035
f 1465/597/1021 1466/597/1020 1480/614/1050 1481/614/1051
f 1463/609/1041 1465/597/1021 1481/614/1051 1482/613/1045
f 1466/597/1020 1464/609/1039 1479/613/1035 1480/614/1050
f 1479/613/1035 1482/613/1045 1486/605/1045 1483/605/1035
f 1481/614/1051 1480/614/1050 1485/604/1034 1484/604/1046
f 1482/613/1045 1481/614/1051 1484/604/1046 1486/605/1045
f 1480/614/1050 1479/613/1035 1483/605/1035 1485/604/1034
f 1487/615/1052 1488/616/1053 1490/617/1054 1489/618/1055
f 1489/618/1055 1490/617/1054 1494/617/1056 1493/618/1057
f 1493/618/1057 1494/617/1056 1492/616/1058 1491/615/1059
f 1491/615/1059 1492/616/1058 1488/616/1053 1487/615/1052
f 1487/615/1052 1489/618/1055 1496/619/1060 1495/620/1061
f 1490/617/1054 1488/616/1053 1503/621/1062 1504/622/1063
f 1496/619/1060 1498/619/1064 1502/623/1065 1500/623/1066
f 1493/618/1057 1491/615/1059 1497/620/1067 1498/619/1064
f 1491/615/1059 1487/615/1052 1495/620/1061 1497/620/1067
f 1489/618/1055 1493/618/1057 1498/619/1064 1496/619/1060
f 1500/623/1066 1502/623/1065 1501/624/1068 1499/624/1069
f 1498/619/1064 1497/620/1067 1501/624/1068 1502/623/1065
f 1495/620/1061 1496/619/1060 1500/623/1066 1499/624/1069
f 1497/620/1067 1495/620/1061 1499/624/1069 1501/624/1068
f 1503/621/1062 1506/621/1070 1510/625/1071 1507/625/1072
f 1488/616/1053 1492/616/1058 1506/621/1070 1503/621/1062
f 1494/617/1056 1490/617/1054 1504/622/1063 1505/622/1073
f 1492/616/1058 1494/617/1056 1505/622/1073 1506/621/1070
f 1509/626/1074 1508/626/1075 1507/625/1072 1510/625/1071
f 1505/622/1073 1504/622/1063 1508/626/1075 1509/626/1074
f 1506/621/1070 1505/622/1073 1509/626/1074 1510/625/1071
f 1504/622/1063 1503/621/1062 1507/625/1072 1508/626/1075
f 1511/627/1076 1512/628/1077 1514/629/1078 1513/630/1079
f 1513/630/1079 1514/629/1078 1518/629/1080 1517/630/1081
f 1517/630/1081 1518/629/1080 1516/628/1082 1515/627/1083
f 1515/627/1083 1516/628/1082 1512/628/1077 1511/627/1076
f 1511/627/1076 1513/630/1079 1520/631/1084 1519/632/1085
f 1516/628/1082 1518/629/1080 1529/633/1086 1530/634/1087
f 1520/631/1084 1522/631/1088 1526/635/1089 1524/635/1090
f 1517/630/1081 1515/627/1083 1521/632/1091 1522/631/1088
f 1515/627/1083 1511/627/1076 1519/632/1085 1521/632/1091
f 1513/630/1079 1517/630/1081 1522/631/1088 1520/631/1084
f 1524/635/1090 1526/635/1089 1525/636/1092 1523/636/1093
f 1522/631/1088 1521/632/1091 1525/636/1092 1526/635/1089
f 1519/632/1085 1520/631/1084 1524/635/1090 1523/636/1093
f 1521/632/1091 1519/632/1085 1523/636/1093 1525/636/1092
f 1530/634/1087 1529/633/1086 1533/637/1094 1534/638/1095
f 1514/629/1078 1512/628/1077 1527/634/1096 1528/633/1097
f 1512/628/1077 1516/628/1082 1530/634/1087 1527/634/1096
f 1518/629/1080 1514/629/1078 1528/633/1097 1529/633/1086
f 1531/638/1098 1534/638/1095 1538/639/1099 1535/639/1100
f 1528/633/1097 1527/634/1096 1531/638/1098 1532/637/1101
f 1527/634/1096 1530/634/1087 1534/638/1095 1531/638/1098
f 1529/633/1086 1528/633/1097 1532/637/1101 1533/637/1094
f 1537/640/1102 1536/640/1103 1535/639/1100 1538/639/1099
f 1533/637/1094 1532/637/1101 1536/640/1103 1537/640/1102
f 1534/638/1095 1533/637/1094 1537/640/1102 1538/639/1099
f 1532/637/1101 1531/638/1098 1535/639/1100 1536/640/1103
f 1539/641/1104 1540/642/1105 1542/643/1106 1541/644/1107
f 1541/644/1107 1542/643/1106 1546/643/1108 1545/644/1109
f 1545/644/1109 1546/643/1108 1544/642/1110 1543/641/1111
f 1543/641/1111 1544/642/1110 1540/642/1105 1539/641/1104
f 1539/641/1104 1541/644/1107 1548/645/1112 1547/646/1113
f 1546/643/1108 1542/643/1106 1540/642/1105 1544/642/1110
f 1548/645/1112 1550/645/1114 1554/647/1115 1552/647/1116
f 1545/644/1109 1543/641/1111 1549/646/1117 1550/645/1114
f 1543/641/1111 1539/641/1104 1547/646/1113 1549/646/1117
f 1541/644/1107 1545/644/1109 1550/645/1114 1548/645/1112
f 1552/647/1116 1554/647/1115 1553/648/1118 1551/648/1119
f 1550/645/1114 1549/646/1117 1553/648/1118 1554/647/1115
f 1547/646/1113 1548/645/1112 1552/647/1116 1551/648/1119
f 1549/646/1117 1547/646/1113 1551/648/1119 1553/648/1118
f 1555/649/1120 1556/650/1121 1558/651/1122 1557/652/1123
f 1557/652/1123 1558/651/1122 1562/651/1124 1561/652/1125
f 1561/652/1125 1562/651/1124 1560/650/1126 1559/649/1127
f 1559/649/1127 1560/650/1126 1556/650/1121 1555/649/1120
f 1555/649/1120 1557/652/1123 1564/653/1128 1563/654/1129
f 1562/651/1124 1558/651/1122 1556/650/1121 1560/650/1126
f 1564/653/1128 1566/653/1130 1570/655/1131 1568/655/1132
f 1561/652/1125 1559/649/1127 1565/654/1133 1566/653/1130
f 1559/649/1127 1555/649/1120 1563/654/1129 1565/654/1133
f 1557/652/1123 1561/652/1125 1566/653/1130 1564/653/1128
f 1568/655/1132 1570/655/1131 1569/656/1134 1567/656/1135
f 1566/653/1130 1565/654/1133 1569/656/1134 1570/655/1131
f 1563/654/1129 1564/653/1128 1568/655/1132 1567/656/1135
f 1565/654/1133 1563/654/1129 1567/656/1135 1569/656/1134
f 1571/657/1136 1572/658/1137 1574/659/1138 1573/660/1139
f 1573/660/1139 1574/659/1138 1578/659/1140 1577/660/1141
f 1577/660/1141 1578/659/1140 1576/658/1142 1575/657/1143
f 1575/657/1143 1576/658/1142 1572/658/1137 1571/657/1136
f 1571/657/1136 1573/660/1139 1580/661/1144 1579/662/1145
f 1578/659/1140 1574/659/1138 1572/658/1137 1576/658/1142
f 1580/661/1144 1582/661/1146 1586/663/1147 1584/663/1148
f 1577/660/1141 1575/657/1143 1581/662/1149 1582/661/1146
f 1575/657/1143 1571/657/1136 1579/662/1145 1581/662/1149
f 1573/660/1139 1577/660/1141 1582/661/1146 1580/661/1144
f 1584/663/1148 1586/663/1147 1585/664/1150 1583/664/1151
f 1582/661/1146 1581/662/1149 1585/664/1150 1586/663/1147
f 1579/662/1145 1580/661/1144 1584/663/1148 1583/664/1151
f 1581/662/1149 1579/662/1145 1583/664/1151 1585/664/1150
f 1587/665/1152 1588/666/1153 1590/667/1154 1589/668/1155
f 1589/668/1155 1590/667/1154 1594/667/1156 1593/668/1157
f 1593/668/1157 1594/667/1156 1592/666/1158 1591/665/1159
f 1591/665/1159 1592/666/1158 1588/666/1153 1587/665/1152
f 1587/665/1152 1589/668/1155 1596/669/1160 1595/670/1161
f 1594/667/1156 1590/667/1154 1588/666/1153 1592/666/1158
f 1596/669/1160 1598/669/1162 1602/671/1163 1600/671/1164
f 1593/668/1157 1591/665/1159 1597/670/1165 1598/669/1162
f 1591/665/1159 1587/665/1152 1595/670/1161 1597/670/1165
f 1589/668/1155 1593/668/1157 1598/669/1162 1596/669/1160
f 1600/671/1164 1602/671/1163 1601/672/1166 1599/672/1167
f 1598/669/1162 1597/670/1165 1601/672/1166 1602/671/1163
f 1595/670/1161 1596/669/1160 1600/671/1164 1599/672/1167
f 1597/670/1165 1595/670/1161 1599/672/1167 1601/672/1166
f 1603/673/1168 1604/674/1169 1606/675/1170 1605/676/1171
f 1605/676/1171 1606/675/1170 1610/675/1172 1609/676/1173
f 1609/676/1173 1610/675/1172 1608/674/1174 1607/673/1175
f 1607/673/1175 1608/674/1174 1604/674/1169 1603/673/1168
f 1603/673/1168 1605/676/1171 1612/677/1176 1611/678/1177
f 1610/675/1172 1606/675/1170 1604/674/1169 1608/674/1174
f 1612/677/1176 1614/677/1178 1618/679/1179 1616/679/1180
f 1609/676/1173 1607/673/1175 1613/678/1181 1614/677/1178
f 1607/673/1175 1603/673/1168 1611/678/1177 1613/678/1181
f 1605/676/1171 1609/676/1173 1614/677/1178 1612/677/1176
f 1616/679/1180 1618/679/1179 1617/680/1182 1615/680/1183
f 1614/677/1178 1613/678/1181 1617/680/1182 1618/679/1179
f 1611/678/1177 1612/677/1176 1616/679/1180 1615/680/1183
f 1613/678/1181 1611/678/1177 1615/680/1183 1617/680/1182
f 1645/681/550 1709/682/550 1862/683/550 1759/684/550
f 1709/682/550 1620/685/550 1710/686/550 1862/683/550
f 1862/683/550 1710/686/550 1622/687/550 1748/688/550
f 1759/684/550 1862/683/550 1748/688/550 1646/689/550
f 1646/689/550 1748/688/550 1863/690/550 1758/691/550
f 1748/688/550 1622/687/550 1713/692/550 1863/690/550
f 1863/690/550 1713/692/550 1624/693/550 1749/694/550
f 1758/691/550 1863/690/550 1749/694/550 1647/695/550
f 1649/696/550 1751/697/550 1864/698/550 1757/699/550
f 1751/697/550 1631/700/550 1716/701/550 1864/698/550
f 1864/698/550 1716/701/550 1626/702/550 1750/703/550
f 1757/699/550 1864/698/550 1750/703/550 1648/704/550
f 1634/705/550 1727/706/550 1865/707/550 1729/708/550
f 1727/706/550 1629/709/550 1719/710/550 1865/707/550
f 1865/707/550 1719/710/550 1627/711/550 1726/712/550
f 1729/708/550 1865/707/550 1726/712/550 1633/713/550
f 1631/700/550 1724/714/550 1866/715/550 1728/716/550
f 1724/714/550 1624/693/550 1721/717/550 1866/715/550
f 1866/715/550 1721/717/550 1629/709/550 1727/706/550
f 1728/716/550 1866/715/550 1727/706/550 1634/705/550
f 1626/702/550 1716/701/550 1867/718/550 1720/719/550
f 1716/701/550 1631/700/550 1728/716/550 1867/718/550
f 1867/718/550 1728/716/550 1634/705/550 1723/720/550
f 1720/719/550 1867/718/550 1723/720/550 1630/721/550
f 1630/721/550 1723/720/550 1868/722/550 1722/723/550
f 1723/720/550 1634/705/550 1729/708/550 1868/722/550
f 1868/722/550 1729/708/550 1633/713/550 1718/724/550
f 1722/723/550 1868/722/550 1718/724/550 1628/725/550
f 1647/695/550 1749/694/550 1869/726/550 1756/727/550
f 1749/694/550 1624/693/550 1724/714/550 1869/726/550
f 1869/726/550 1724/714/550 1631/700/550 1751/697/550
f 1756/727/550 1869/726/550 1751/697/550 1649/696/550
f 1639/728/550 1740/729/550 1870/730/550 1737/731/550
f 1740/729/550 1638/732/550 1733/733/550 1870/730/550
f 1870/730/550 1733/733/550 1636/734/550 1732/735/550
f 1737/731/550 1870/730/550 1732/735/550 1637/736/550
f 1640/737/550 1739/738/550 1871/739/550 1738/740/550
f 1739/738/550 1639/728/550 1737/731/550 1871/739/550
f 1871/739/550 1737/731/550 1637/736/550 1731/741/550
f 1738/740/550 1871/739/550 1731/741/550 1635/742/550
f 1623/743/550 1717/744/550 1872/745/550 1735/746/550
f 1717/744/550 1632/747/550 1734/748/550 1872/745/550
f 1872/745/550 1734/748/550 1639/728/550 1739/738/550
f 1735/746/550 1872/745/550 1739/738/550 1640/737/550
f 1632/747/550 1725/749/550 1873/750/550 1734/748/550
f 1725/749/550 1625/751/550 1736/752/550 1873/750/550
f 1873/750/550 1736/752/550 1638/732/550 1740/729/550
f 1734/748/550 1873/750/550 1740/729/550 1639/728/550
f 1658/753/550 1766/754/550 1874/755/550 1772/756/550
f 1766/754/550 1643/757/550 1742/758/550 1874/755/550
f 1874/755/550 1742/758/550 1641/759/550 1765/760/550
f 1772/756/550 1874/755/550 1765/760/550 1657/761/550
f 1656/762/550 1764/763/550 1875/764/550 1771/765/550
f 1764/763/550 1619/766/550 1744/767/550 1875/764/550
f 1875/764/550 1744/767/550 1643/757/550 1766/754/550
f 1771/765/550 1875/764/550 1766/754/550 1658/753/550
f 1620/685/550 1709/682/550 1876/768/550 1743/769/550
f 1709/682/550 1645/681/550 1754/770/550 1876/768/550
f 1876/768/550 1754/770/550 1651/771/550 1746/772/550
f 1743/769/550 1876/768/550 1746/772/550 1644/773/550
f 1644/773/550 1746/772/550 1877/774/550 1745/775/550
f 1746/772/550 1651/771/550 1755/776/550 1877/774/550
f 1877/774/550 1755/776/550 1650/777/550 1741/778/550
f 1745/775/550 1877/774/550 1741/778/550 1642/779/550
f 1665/780/550 1780/781/550 1878/782/550 1790/783/550
f 1780/781/550 1647/695/550 1756/727/550 1878/782/550
f 1878/782/550 1756/727/550 1649/696/550 1782/784/550
f 1790/783/550 1878/782/550 1782/784/550 1667/785/550
f 1667/785/550 1782/784/550 1879/786/550 1789/787/550
f 1782/784/550 1649/696/550 1757/699/550 1879/786/550
f 1879/786/550 1757/699/550 1648/704/550 1781/788/550
f 1789/787/550 1879/786/550 1781/788/550 1666/789/550
f 1664/790/550 1779/791/550 1880/792/550 1788/793/550
f 1779/791/550 1646/689/550 1758/691/550 1880/792/550
f 1880/792/550 1758/691/550 1647/695/550 1780/781/550
f 1788/793/550 1880/792/550 1780/781/550 1665/780/550
f 1661/794/550 1747/795/550 1881/796/550 1787/797/550
f 1747/795/550 1645/681/550 1759/684/550 1881/796/550
f 1881/796/550 1759/684/550 1646/689/550 1779/791/550
f 1787/797/550 1881/796/550 1779/791/550 1664/790/550
f 1619/766/550 1764/763/550 1882/798/550 1708/799/550
f 1764/763/550 1656/762/550 1767/800/550 1882/798/550
f 1882/798/550 1767/800/550 1652/801/550 1711/802/550
f 1708/799/550 1882/798/550 1711/802/550 1621/803/550
f 1621/803/550 1711/802/550 1883/804/550 1714/805/550
f 1711/802/550 1652/801/550 1768/806/550 1883/804/550
f 1883/804/550 1768/806/550 1653/807/550 1712/808/550
f 1714/805/550 1883/804/550 1712/808/550 1623/743/550
f 1632/747/550 1730/809/550 1884/810/550 1725/749/550
f 1730/809/550 1655/811/550 1769/812/550 1884/810/550
f 1884/810/550 1769/812/550 1654/813/550 1715/814/550
f 1725/749/550 1884/810/550 1715/814/550 1625/751/550
f 1623/743/550 1712/808/550 1885/815/550 1717/744/550
f 1712/808/550 1653/807/550 1770/816/550 1885/815/550
f 1885/815/550 1770/816/550 1655/811/550 1730/809/550
f 1717/744/550 1885/815/550 1730/809/550 1632/747/550
f 1702/817/550 1848/818/550 1886/819/550 1858/820/550
f 1848/818/550 1656/762/550 1771/765/550 1886/819/550
f 1886/819/550 1771/765/550 1658/753/550 1850/821/550
f 1858/820/550 1886/819/550 1850/821/550 1704/822/550
f 1704/822/550 1850/821/550 1887/823/550 1857/824/550
f 1850/821/550 1658/753/550 1772/756/550 1887/823/550
f 1887/823/550 1772/756/550 1657/761/550 1849/825/550
f 1857/824/550 1887/823/550 1849/825/550 1703/826/550
f 1703/826/550 1849/825/550 1888/827/550 1856/828/550
f 1849/825/550 1657/761/550 1774/829/550 1888/827/550
f 1888/827/550 1774/829/550 1660/830/550 1851/831/550
f 1856/828/550 1888/827/550 1851/831/550 1705/832/550
f 1650/777/550 1752/833/550 1889/834/550 1775/835/550
f 1752/833/550 1662/836/550 1784/837/550 1889/834/550
f 1889/834/550 1784/837/550 1668/838/550 1773/839/550
f 1775/835/550 1889/834/550 1773/839/550 1659/840/550
f 1651/771/550 1753/841/550 1890/842/550 1755/776/550
f 1753/841/550 1663/843/550 1785/844/550 1890/842/550
f 1890/842/550 1785/844/550 1662/836/550 1752/833/550
f 1755/776/550 1890/842/550 1752/833/550 1650/777/550
f 1645/681/550 1747/795/550 1891/845/550 1754/770/550
f 1747/795/550 1661/794/550 1786/846/550 1891/845/550
f 1891/845/550 1786/846/550 1663/843/550 1753/841/550
f 1754/770/550 1891/845/550 1753/841/550 1651/771/550
f 1679/847/550 1776/848/550 1892/849/550 1823/850/550
f 1776/848/550 1661/794/550 1787/797/550 1892/849/550
f 1892/849/550 1787/797/550 1664/790/550 1813/851/550
f 1823/850/550 1892/849/550 1813/851/550 1683/852/550
f 1683/852/550 1813/851/550 1893/853/550 1822/854/550
f 1813/851/550 1664/790/550 1788/793/550 1893/853/550
f 1893/853/550 1788/793/550 1665/780/550 1814/855/550
f 1822/854/550 1893/853/550 1814/855/550 1684/856/550
f 1686/857/550 1816/858/550 1894/859/550 1821/860/550
f 1816/858/550 1667/785/550 1789/787/550 1894/859/550
f 1894/859/550 1789/787/550 1666/789/550 1815/861/550
f 1821/860/550 1894/859/550 1815/861/550 1685/862/550
f 1684/856/550 1814/855/550 1895/863/550 1820/864/550
f 1814/855/550 1665/780/550 1790/783/550 1895/863/550
f 1895/863/550 1790/783/550 1667/785/550 1816/858/550
f 1820/864/550 1895/863/550 1816/858/550 1686/857/550
f 1659/840/550 1773/839/550 1896/865/550 1793/866/550
f 1773/839/550 1668/838/550 1792/867/550 1896/865/550
f 1896/865/550 1792/867/550 1670/868/550 1791/869/550
f 1793/866/550 1896/865/550 1791/869/550 1669/870/550
f 1699/871/550 1845/872/550 1897/873/550 1855/874/550
f 1845/872/550 1672/875/550 1802/876/550 1897/873/550
f 1897/873/550 1802/876/550 1674/877/550 1847/878/550
f 1855/874/550 1897/873/550 1847/878/550 1701/879/550
f 1701/879/550 1847/878/550 1898/880/550 1854/881/550
f 1847/878/550 1674/877/550 1803/882/550 1898/880/550
f 1898/880/550 1803/882/550 1673/883/550 1846/884/550
f 1854/881/550 1898/880/550 1846/884/550 1700/885/550
f 1698/886/550 1844/887/550 1899/888/550 1853/889/550
f 1844/887/550 1671/890/550 1804/891/550 1899/888/550
f 1899/888/550 1804/891/550 1672/875/550 1845/872/550
f 1853/889/550 1899/888/550 1845/872/550 1699/871/550
f 1702/817/550 1798/892/550 1900/893/550 1852/894/550
f 1798/892/550 1675/895/550 1805/896/550 1900/893/550
f 1900/893/550 1805/896/550 1671/890/550 1844/887/550
f 1852/894/550 1900/893/550 1844/887/550 1698/886/550
f 1694/897/550 1832/898/550 1901/899/550 1843/900/550
f 1832/898/550 1676/901/550 1806/902/550 1901/899/550
f 1901/899/550 1806/902/550 1678/903/550 1834/904/550
f 1843/900/550 1901/899/550 1834/904/550 1696/905/550
f 1695/906/550 1833/907/550 1902/908/550 1842/909/550
f 1833/907/550 1677/910/550 1807/911/550 1902/908/550
f 1902/908/550 1807/911/550 1676/901/550 1832/898/550
f 1842/909/550 1902/908/550 1832/898/550 1694/897/550
f 1693/912/550 1831/913/550 1903/914/550 1841/915/550
f 1831/913/550 1675/895/550 1808/916/550 1903/914/550
f 1903/914/550 1808/916/550 1677/910/550 1833/907/550
f 1841/915/550 1903/914/550 1833/907/550 1695/906/550
f 1661/794/550 1776/848/550 1904/917/550 1786/846/550
f 1776/848/550 1679/847/550 1817/918/550 1904/917/550
f 1904/917/550 1817/918/550 1681/919/550 1778/920/550
f 1786/846/550 1904/917/550 1778/920/550 1663/843/550
f 1663/843/550 1778/920/550 1905/921/550 1785/844/550
f 1778/920/550 1681/919/550 1818/922/550 1905/921/550
f 1905/921/550 1818/922/550 1680/923/550 1777/924/550
f 1785/844/550 1905/921/550 1777/924/550 1662/836/550
f 1662/836/550 1777/924/550 1906/925/550 1784/837/550
f 1777/924/550 1680/923/550 1819/926/550 1906/925/550
f 1906/925/550 1819/926/550 1682/927/550 1783/928/550
f 1784/837/550 1906/925/550 1783/928/550 1668/838/550
f 1690/929/550 1828/930/550 1907/931/550 1840/932/550
f 1828/930/550 1684/856/550 1820/864/550 1907/931/550
f 1907/931/550 1820/864/550 1686/857/550 1830/933/550
f 1840/932/550 1907/931/550 1830/933/550 1692/934/550
f 1692/934/550 1830/933/550 1908/935/550 1839/936/550
f 1830/933/550 1686/857/550 1821/860/550 1908/935/550
f 1908/935/550 1821/860/550 1685/862/550 1829/937/550
f 1839/936/550 1908/935/550 1829/937/550 1691/938/550
f 1689/939/550 1827/940/550 1909/941/550 1838/942/550
f 1827/940/550 1683/852/550 1822/854/550 1909/941/550
f 1909/941/550 1822/854/550 1684/856/550 1828/930/550
f 1838/942/550 1909/941/550 1828/930/550 1690/929/550
f 1693/912/550 1809/943/550 1910/944/550 1837/945/550
f 1809/943/550 1679/847/550 1823/850/550 1910/944/550
f 1910/944/550 1823/850/550 1683/852/550 1827/940/550
f 1837/945/550 1910/944/550 1827/940/550 1689/939/550
f 1696/905/550 1834/904/550 1911/946/550 1836/947/550
f 1834/904/550 1678/903/550 1825/948/550 1911/946/550
f 1911/946/550 1825/948/550 1687/949/550 1835/950/550
f 1836/947/550 1911/946/550 1835/950/550 1697/951/550
f 1682/927/550 1812/952/550 1912/953/550 1826/954/550
f 1812/952/550 1696/905/550 1836/947/550 1912/953/550
f 1912/953/550 1836/947/550 1697/951/550 1824/955/550
f 1826/954/550 1912/953/550 1824/955/550 1688/956/550
f 1675/895/550 1831/913/550 1913/957/550 1805/896/550
f 1831/913/550 1693/912/550 1837/945/550 1913/957/550
f 1913/957/550 1837/945/550 1689/939/550 1794/958/550
f 1805/896/550 1913/957/550 1794/958/550 1671/890/550
f 1671/890/550 1794/958/550 1914/959/550 1804/891/550
f 1794/958/550 1689/939/550 1838/942/550 1914/959/550
f 1914/959/550 1838/942/550 1690/929/550 1795/960/550
f 1804/891/550 1914/959/550 1795/960/550 1672/875/550
f 1674/877/550 1797/961/550 1915/962/550 1803/882/550
f 1797/961/550 1692/934/550 1839/936/550 1915/962/550
f 1915/962/550 1839/936/550 1691/938/550 1796/963/550
f 1803/882/550 1915/962/550 1796/963/550 1673/883/550
f 1672/875/550 1795/960/550 1916/964/550 1802/876/550
f 1795/960/550 1690/929/550 1840/932/550 1916/964/550
f 1916/964/550 1840/932/550 1692/934/550 1797/961/550
f 1802/876/550 1916/964/550 1797/961/550 1674/877/550
f 1679/847/550 1809/943/550 1917/965/550 1817/918/550
f 1809/943/550 1693/912/550 1841/915/550 1917/965/550
f 1917/965/550 1841/915/550 1695/906/550 1811/966/550
f 1817/918/550 1917/965/550 1811/966/550 1681/919/550
f 1681/919/550 1811/966/550 1918/967/550 1818/922/550
f 1811/966/550 1695/906/550 1842/909/550 1918/967/550
f 1918/967/550 1842/909/550 1694/897/550 1810/968/550
f 1818/922/550 1918/967/550 1810/968/550 1680/923/550
f 1680/923/550 1810/968/550 1919/969/550 1819/926/550
f 1810/968/550 1694/897/550 1843/900/550 1919/969/550
f 1919/969/550 1843/900/550 1696/905/550 1812/952/550
f 1819/926/550 1919/969/550 1812/952/550 1682/927/550
f 1656/762/550 1848/818/550 1920/970/550 1767/800/550
f 1848/818/550 1702/817/550 1852/894/550 1920/970/550
f 1920/970/550 1852/894/550 1698/886/550 1760/971/550
f 1767/800/550 1920/970/550 1760/971/550 1652/801/550
f 1652/801/550 1760/971/550 1921/972/550 1768/806/550
f 1760/971/550 1698/886/550 1853/889/550 1921/972/550
f 1921/972/550 1853/889/550 1699/871/550 1761/973/550
f 1768/806/550 1921/972/550 1761/973/550 1653/807/550
f 1655/811/550 1763/974/550 1922/975/550 1769/812/550
f 1763/974/550 1701/879/550 1854/881/550 1922/975/550
f 1922/975/550 1854/881/550 1700/885/550 1762/976/550
f 1769/812/550 1922/975/550 1762/976/550 1654/813/550
f 1653/807/550 1761/973/550 1923/977/550 1770/816/550
f 1761/973/550 1699/871/550 1855/874/550 1923/977/550
f 1923/977/550 1855/874/550 1701/879/550 1763/974/550
f 1770/816/550 1923/977/550 1763/974/550 1655/811/550
f 1676/901/550 1799/978/550 1924/979/550 1806/902/550
f 1799/978/550 1703/826/550 1856/828/550 1924/979/550
f 1924/979/550 1856/828/550 1705/832/550 1801/980/550
f 1806/902/550 1924/979/550 1801/980/550 1678/903/550
f 1677/910/550 1800/981/550 1925/982/550 1807/911/550
f 1800/981/550 1704/822/550 1857/824/550 1925/982/550
f 1925/982/550 1857/824/550 1703/826/550 1799/978/550
f 1807/911/550 1925/982/550 1799/978/550 1676/901/550
f 1675/895/550 1798/892/550 1926/983/550 1808/916/550
f 1798/892/550 1702/817/550 1858/820/550 1926/983/550
f 1926/983/550 1858/820/550 1704/822/550 1800/981/550
f 1808/916/550 1926/983/550 1800/981/550 1677/910/550
f 1705/832/550 1851/831/550 1927/984/550 1861/985/550
f 1851/831/550 1660/830/550 1860/986/550 1927/984/550
f 1927/984/550 1860/986/550 1706/987/550 1859/988/550
f 1861/985/550 1927/984/550 1859/988/550 1707/989/550
f 1954/681/545 2068/684/545 2171/683/545 2018/682/545
f 2018/682/545 2171/683/545 2019/686/545 1929/685/545
f 2171/683/545 2057/990/545 1931/687/545 2019/686/545
f 2068/684/545 1955/689/545 2057/990/545 2171/683/545
f 1955/689/545 2067/691/545 2172/690/545 2057/990/545
f 2057/990/545 2172/690/545 2022/692/545 1931/687/545
f 2172/690/545 2058/694/545 1933/693/545 2022/692/545
f 2067/691/545 1956/695/545 2058/694/545 2172/690/545
f 1958/696/545 2066/699/545 2173/698/545 2060/697/545
f 2060/697/545 2173/698/545 2025/701/545 1940/700/545
f 2173/698/545 2059/703/545 1935/702/545 2025/701/545
f 2066/699/545 1957/704/545 2059/703/545 2173/698/545
f 1943/705/545 2038/708/545 2174/707/545 2036/706/545
f 2036/706/545 2174/707/545 2028/710/545 1938/709/545
f 2174/707/545 2035/712/545 1936/991/545 2028/710/545
f 2038/708/545 1942/713/545 2035/712/545 2174/707/545
f 1940/700/545 2037/716/545 2175/715/545 2033/714/545
f 2033/714/545 2175/715/545 2030/717/545 1933/693/545
f 2175/715/545 2036/706/545 1938/709/545 2030/717/545
f 2037/716/545 1943/705/545 2036/706/545 2175/715/545
f 1935/702/545 2029/719/545 2176/718/545 2025/701/545
f 2025/701/545 2176/718/545 2037/716/545 1940/700/545
f 2176/718/545 2032/720/545 1943/705/545 2037/716/545
f 2029/719/545 1939/721/545 2032/720/545 2176/718/545
f 1939/721/545 2031/723/545 2177/722/545 2032/720/545
f 2032/720/545 2177/722/545 2038/708/545 1943/705/545
f 2177/722/545 2027/724/545 1942/713/545 2038/708/545
f 2031/723/545 1937/725/545 2027/724/545 2177/722/545
f 1956/695/545 2065/727/545 2178/726/545 2058/694/545
f 2058/694/545 2178/726/545 2033/714/545 1933/693/545
f 2178/726/545 2060/697/545 1940/700/545 2033/714/545
f 2065/727/545 1958/696/545 2060/697/545 2178/726/545
f 1948/728/545 2046/731/545 2179/730/545 2049/729/545
f 2049/729/545 2179/730/545 2042/733/545 1947/732/545
f 2179/730/545 2041/735/545 1945/734/545 2042/733/545
f 2046/731/545 1946/736/545 2041/735/545 2179/730/545
f 1949/737/545 2047/740/545 2180/739/545 2048/738/545
f 2048/738/545 2180/739/545 2046/731/545 1948/728/545
f 2180/739/545 2040/741/545 1946/736/545 2046/731/545
f 2047/740/545 1944/742/545 2040/741/545 2180/739/545
f 1932/992/545 2044/746/545 2181/745/545 2026/744/545
f 2026/744/545 2181/745/545 2043/748/545 1941/747/545
f 2181/745/545 2048/738/545 1948/728/545 2043/748/545
f 2044/746/545 1949/737/545 2048/738/545 2181/745/545
f 1941/747/545 2043/748/545 2182/750/545 2034/749/545
f 2034/749/545 2182/750/545 2045/752/545 1934/751/545
f 2182/750/545 2049/729/545 1947/732/545 2045/752/545
f 2043/748/545 1948/728/545 2049/729/545 2182/750/545
f 1967/753/545 2081/756/545 2183/755/545 2075/754/545
f 2075/754/545 2183/755/545 2051/758/545 1952/757/545
f 2183/755/545 2074/760/545 1950/759/545 2051/758/545
f 2081/756/545 1966/761/545 2074/760/545 2183/755/545
f 1965/762/545 2080/765/545 2184/764/545 2073/763/545
f 2073/763/545 2184/764/545 2053/767/545 1928/766/545
f 2184/764/545 2075/754/545 1952/757/545 2053/767/545
f 2080/765/545 1967/753/545 2075/754/545 2184/764/545
f 1929/685/545 2052/769/545 2185/768/545 2018/682/545
f 2018/682/545 2185/768/545 2063/770/545 1954/681/545
f 2185/768/545 2055/772/545 1960/771/545 2063/770/545
f 2052/769/545 1953/773/545 2055/772/545 2185/768/545
f 1953/773/545 2054/775/545 2186/774/545 2055/772/545
f 2055/772/545 2186/774/545 2064/776/545 1960/771/545
f 2186/774/545 2050/778/545 1959/777/545 2064/776/545
f 2054/775/545 1951/779/545 2050/778/545 2186/774/545
f 1974/780/545 2099/783/545 2187/782/545 2089/781/545
f 2089/781/545 2187/782/545 2065/727/545 1956/695/545
f 2187/782/545 2091/784/545 1958/696/545 2065/727/545
f 2099/783/545 1976/785/545 2091/784/545 2187/782/545
f 1976/785/545 2098/787/545 2188/786/545 2091/784/545
f 2091/784/545 2188/786/545 2066/699/545 1958/696/545
f 2188/786/545 2090/788/545 1957/704/545 2066/699/545
f 2098/787/545 1975/789/545 2090/788/545 2188/786/545
f 1973/790/545 2097/793/545 2189/792/545 2088/993/545
f 2088/993/545 2189/792/545 2067/691/545 1955/689/545
f 2189/792/545 2089/781/545 1956/695/545 2067/691/545
f 2097/793/545 1974/780/545 2089/781/545 2189/792/545
f 1970/794/545 2096/797/545 2190/796/545 2056/795/545
f 2056/795/545 2190/796/545 2068/684/545 1954/681/545
f 2190/796/545 2088/993/545 1955/689/545 2068/684/545
f 2096/797/545 1973/790/545 2088/993/545 2190/796/545
f 1928/766/545 2017/994/545 2191/798/545 2073/763/545
f 2073/763/545 2191/798/545 2076/800/545 1965/762/545
f 2191/798/545 2020/995/545 1961/801/545 2076/800/545
f 2017/994/545 1930/803/545 2020/995/545 2191/798/545
f 1930/803/545 2023/805/545 2192/996/545 2020/995/545
f 2020/995/545 2192/996/545 2077/806/545 1961/801/545
f 2192/996/545 2021/808/545 1962/807/545 2077/806/545
f 2023/805/545 1932/992/545 2021/808/545 2192/996/545
f 1941/747/545 2034/749/545 2193/810/545 2039/809/545
f 2039/809/545 2193/810/545 2078/997/545 1964/811/545
f 2193/810/545 2024/814/545 1963/813/545 2078/997/545
f 2034/749/545 1934/751/545 2024/814/545 2193/810/545
f 1932/992/545 2026/744/545 2194/815/545 2021/808/545
f 2021/808/545 2194/815/545 2079/816/545 1962/807/545
f 2194/815/545 2039/809/545 1964/811/545 2079/816/545
f 2026/744/545 1941/747/545 2039/809/545 2194/815/545
f 2011/817/545 2167/820/545 2195/819/545 2157/818/545
f 2157/818/545 2195/819/545 2080/765/545 1965/762/545
f 2195/819/545 2159/821/545 1967/753/545 2080/765/545
f 2167/820/545 2013/822/545 2159/821/545 2195/819/545
f 2013/822/545 2166/824/545 2196/823/545 2159/821/545
f 2159/821/545 2196/823/545 2081/756/545 1967/753/545
f 2196/823/545 2158/825/545 1966/761/545 2081/756/545
f 2166/824/545 2012/826/545 2158/825/545 2196/823/545
f 2012/826/545 2165/998/545 2197/827/545 2158/825/545
f 2158/825/545 2197/827/545 2083/829/545 1966/761/545
f 2197/827/545 2160/831/545 1969/830/545 2083/829/545
f 2165/998/545 2014/832/545 2160/831/545 2197/827/545
f 1959/777/545 2084/835/545 2198/834/545 2061/833/545
f 2061/833/545 2198/834/545 2093/837/545 1971/836/545
f 2198/834/545 2082/839/545 1977/838/545 2093/837/545
f 2084/835/545 1968/840/545 2082/839/545 2198/834/545
f 1960/771/545 2064/776/545 2199/842/545 2062/841/545
f 2062/841/545 2199/842/545 2094/844/545 1972/843/545
f 2199/842/545 2061/833/545 1971/836/545 2094/844/545
f 2064/776/545 1959/777/545 2061/833/545 2199/842/545
f 1954/681/545 2063/770/545 2200/845/545 2056/795/545
f 2056/795/545 2200/845/545 2095/846/545 1970/794/545
f 2200/845/545 2062/841/545 1972/843/545 2095/846/545
f 2063/770/545 1960/771/545 2062/841/545 2200/845/545
f 1988/847/545 2132/850/545 2201/849/545 2085/999/545
f 2085/999/545 2201/849/545 2096/797/545 1970/794/545
f 2201/849/545 2122/851/545 1973/790/545 2096/797/545
f 2132/850/545 1992/852/545 2122/851/545 2201/849/545
f 1992/852/545 2131/854/545 2202/853/545 2122/851/545
f 2122/851/545 2202/853/545 2097/793/545 1973/790/545
f 2202/853/545 2123/855/545 1974/780/545 2097/793/545
f 2131/854/545 1993/856/545 2123/855/545 2202/853/545
f 1995/857/545 2130/860/545 2203/859/545 2125/858/545
f 2125/858/545 2203/859/545 2098/787/545 1976/785/545
f 2203/859/545 2124/861/545 1975/789/545 2098/787/545
f 2130/860/545 1994/862/545 2124/861/545 2203/859/545
f 1993/856/545 2129/864/545 2204/863/545 2123/855/545
f 2123/855/545 2204/863/545 2099/783/545 1974/780/545
f 2204/863/545 2125/858/545 1976/785/545 2099/783/545
f 2129/864/545 1995/857/545 2125/858/545 2204/863/545
f 1968/840/545 2102/866/545 2205/865/545 2082/839/545
f 2082/839/545 2205/865/545 2101/867/545 1977/838/545
f 2205/865/545 2100/869/545 1979/868/545 2101/867/545
f 2102/866/545 1978/870/545 2100/869/545 2205/865/545
f 2008/1000/545 2164/874/545 2206/873/545 2154/872/545
f 2154/872/545 2206/873/545 2111/876/545 1981/875/545
f 2206/873/545 2156/878/545 1983/877/545 2111/876/545
f 2164/874/545 2010/879/545 2156/878/545 2206/873/545
f 2010/879/545 2163/881/545 2207/880/545 2156/878/545
f 2156/878/545 2207/880/545 2112/882/545 1983/877/545
f 2207/880/545 2155/884/545 1982/883/545 2112/882/545
f 2163/881/545 2009/885/545 2155/884/545 2207/880/545
f 2007/886/545 2162/889/545 2208/888/545 2153/887/545
f 2153/887/545 2208/888/545 2113/891/545 1980/890/545
f 2208/888/545 2154/872/545 1981/875/545 2113/891/545
f 2162/889/545 2008/1000/545 2154/872/545 2208/888/545
f 2011/817/545 2161/894/545 2209/893/545 2107/892/545
f 2107/892/545 2209/893/545 2114/896/545 1984/895/545
f 2209/893/545 2153/887/545 1980/890/545 2114/896/545
f 2161/894/545 2007/886/545 2153/887/545 2209/893/545
f 2003/897/545 2152/900/545 2210/899/545 2141/898/545
f 2141/898/545 2210/899/545 2115/902/545 1985/901/545
f 2210/899/545 2143/904/545 1987/903/545 2115/902/545
f 2152/900/545 2005/905/545 2143/904/545 2210/899/545
f 2004/906/545 2151/909/545 2211/908/545 2142/907/545
f 2142/907/545 2211/908/545 2116/911/545 1986/910/545
f 2211/908/545 2141/898/545 1985/901/545 2116/911/545
f 2151/909/545 2003/897/545 2141/898/545 2211/908/545
f 2002/912/545 2150/915/545 2212/914/545 2140/913/545
f 2140/913/545 2212/914/545 2117/916/545 1984/895/545
f 2212/914/545 2142/907/545 1986/910/545 2117/916/545
f 2150/915/545 2004/906/545 2142/907/545 2212/914/545
f 1970/794/545 2095/846/545 2213/917/545 2085/999/545
f 2085/999/545 2213/917/545 2126/918/545 1988/847/545
f 2213/917/545 2087/920/545 1990/919/545 2126/918/545
f 2095/846/545 1972/843/545 2087/920/545 2213/917/545
f 1972/843/545 2094/844/545 2214/921/545 2087/920/545
f 2087/920/545 2214/921/545 2127/1001/545 1990/919/545
f 2214/921/545 2086/924/545 1989/923/545 2127/1001/545
f 2094/844/545 1971/836/545 2086/924/545 2214/921/545
f 1971/836/545 2093/837/545 2215/925/545 2086/924/545
f 2086/924/545 2215/925/545 2128/926/545 1989/923/545
f 2215/925/545 2092/928/545 1991/927/545 2128/926/545
f 2093/837/545 1977/838/545 2092/928/545 2215/925/545
f 1999/929/545 2149/932/545 2216/931/545 2137/930/545
f 2137/930/545 2216/931/545 2129/864/545 1993/856/545
f 2216/931/545 2139/933/545 1995/857/545 2129/864/545
f 2149/932/545 2001/934/545 2139/933/545 2216/931/545
f 2001/934/545 2148/936/545 2217/935/545 2139/933/545
f 2139/933/545 2217/935/545 2130/860/545 1995/857/545
f 2217/935/545 2138/937/545 1994/862/545 2130/860/545
f 2148/936/545 2000/938/545 2138/937/545 2217/935/545
f 1998/939/545 2147/942/545 2218/941/545 2136/940/545
f 2136/940/545 2218/941/545 2131/854/545 1992/852/545
f 2218/941/545 2137/930/545 1993/856/545 2131/854/545
f 2147/942/545 1999/929/545 2137/930/545 2218/941/545
f 2002/912/545 2146/945/545 2219/944/545 2118/943/545
f 2118/943/545 2219/944/545 2132/850/545 1988/847/545
f 2219/944/545 2136/940/545 1992/852/545 2132/850/545
f 2146/945/545 1998/939/545 2136/940/545 2219/944/545
f 2005/905/545 2145/947/545 2220/946/545 2143/904/545
f 2143/904/545 2220/946/545 2134/948/545 1987/903/545
f 2220/946/545 2144/950/545 1996/949/545 2134/948/545
f 2145/947/545 2006/951/545 2144/950/545 2220/946/545
f 1991/927/545 2135/954/545 2221/953/545 2121/952/545
f 2121/952/545 2221/953/545 2145/947/545 2005/905/545
f 2221/953/545 2133/955/545 2006/951/545 2145/947/545
f 2135/954/545 1997/956/545 2133/955/545 2221/953/545
f 1984/895/545 2114/896/545 2222/957/545 2140/913/545
f 2140/913/545 2222/957/545 2146/945/545 2002/912/545
f 2222/957/545 2103/958/545 1998/939/545 2146/945/545
f 2114/896/545 1980/890/545 2103/958/545 2222/957/545
f 1980/890/545 2113/891/545 2223/959/545 2103/958/545
f 2103/958/545 2223/959/545 2147/942/545 1998/939/545
f 2223/959/545 2104/960/545 1999/929/545 2147/942/545
f 2113/891/545 1981/875/545 2104/960/545 2223/959/545
f 1983/877/545 2112/882/545 2224/962/545 2106/961/545
f 2106/961/545 2224/962/545 2148/936/545 2001/934/545
f 2224/962/545 2105/963/545 2000/938/545 2148/936/545
f 2112/882/545 1982/883/545 2105/963/545 2224/962/545
f 1981/875/545 2111/876/545 2225/964/545 2104/960/545
f 2104/960/545 2225/964/545 2149/932/545 1999/929/545
f 2225/964/545 2106/961/545 2001/934/545 2149/932/545
f 2111/876/545 1983/877/545 2106/961/545 2225/964/545
f 1988/847/545 2126/918/545 2226/965/545 2118/943/545
f 2118/943/545 2226/965/545 2150/915/545 2002/912/545
f 2226/965/545 2120/966/545 2004/906/545 2150/915/545
f 2126/918/545 1990/919/545 2120/966/545 2226/965/545
f 1990/919/545 2127/1001/545 2227/967/545 2120/966/545
f 2120/966/545 2227/967/545 2151/909/545 2004/906/545
f 2227/967/545 2119/968/545 2003/897/545 2151/909/545
f 2127/1001/545 1989/923/545 2119/968/545 2227/967/545
f 1989/923/545 2128/926/545 2228/969/545 2119/968/545
f 2119/968/545 2228/969/545 2152/900/545 2003/897/545
f 2228/969/545 2121/952/545 2005/905/545 2152/900/545
f 2128/926/545 1991/927/545 2121/952/545 2228/969/545
f 1965/762/545 2076/800/545 2229/970/545 2157/818/545
f 2157/818/545 2229/970/545 2161/894/545 2011/817/545
f 2229/970/545 2069/971/545 2007/886/545 2161/894/545
f 2076/800/545 1961/801/545 2069/971/545 2229/970/545
f 1961/801/545 2077/806/545 2230/972/545 2069/971/545
f 2069/971/545 2230/972/545 2162/889/545 2007/886/545
f 2230/972/545 2070/973/545 2008/1000/545 2162/889/545
f 2077/806/545 1962/807/545 2070/973/545 2230/972/545
f 1964/811/545 2078/997/545 2231/975/545 2072/974/545
f 2072/974/545 2231/975/545 2163/881/545 2010/879/545
f 2231/975/545 2071/976/545 2009/885/545 2163/881/545
f 2078/997/545 1963/813/545 2071/976/545 2231/975/545
f 1962/807/545 2079/816/545 2232/977/545 2070/973/545
f 2070/973/545 2232/977/545 2164/874/545 2008/1000/545
f 2232/977/545 2072/974/545 2010/879/545 2164/874/545
f 2079/816/545 1964/811/545 2072/974/545 2232/977/545
f 1985/901/545 2115/902/545 2233/979/545 2108/978/545
f 2108/978/545 2233/979/545 2165/998/545 2012/826/545
f 2233/979/545 2110/980/545 2014/832/545 2165/998/545
f 2115/902/545 1987/903/545 2110/980/545 2233/979/545
f 1986/910/545 2116/911/545 2234/982/545 2109/981/545
f 2109/981/545 2234/982/545 2166/824/545 2013/822/545
f 2234/982/545 2108/978/545 2012/826/545 2166/824/545
f 2116/911/545 1985/901/545 2108/978/545 2234/982/545
f 1984/895/545 2117/916/545 2235/983/545 2107/892/545
f 2107/892/545 2235/983/545 2167/820/545 2011/817/545
f 2235/983/545 2109/981/545 2013/822/545 2167/820/545
f 2117/916/545 1986/910/545 2109/981/545 2235/983/545
f 2014/832/545 2170/985/545 2236/984/545 2160/831/545
f 2160/831/545 2236/984/545 2169/986/545 1969/830/545
f 2236/984/545 2168/988/545 2015/987/545 2169/986/545
f 2170/985/545 2016/989/545 2168/988/545 2236/984/545
f 1708/799/1184 1621/803/1185 1930/803/1185 2017/994/1184
f 1619/766/1186 1708/799/1184 2017/994/1184 1928/766/1186
f 1710/686/1187 1620/685/1188 1929/685/1188 2019/686/1187
f 1622/687/1189 1710/686/1187 2019/686/1187 1931/687/1189
f 1713/692/1190 1622/687/1189 1931/687/1189 2022/692/1190
f 1624/693/1191 1713/692/1190 2022/692/1190 1933/693/1191
f 1714/805/1192 1623/743/1193 1932/992/1193 2023/805/1192
f 1621/803/1194 1714/805/1192 2023/805/1192 1930/803/1194
f 1715/814/1195 1654/813/1196 1963/813/1196 2024/814/1195
f 1625/751/1197 1715/814/1195 2024/814/1195 1934/751/1197
f 1718/724/1198 1633/713/1199 1942/713/1199 2027/724/1198
f 1628/725/1200 1718/724/1198 2027/724/1198 1937/725/1200
f 1719/710/830 1629/709/1201 1938/709/1201 2028/710/830
f 1627/711/1202 1719/710/830 2028/710/830 1936/991/1202
f 1720/719/1203 1630/721/1204 1939/721/1204 2029/719/1203
f 1626/702/1205 1720/719/1203 2029/719/1203 1935/702/1205
f 1721/717/1206 1624/693/1191 1933/693/1191 2030/717/1206
f 1629/709/1201 1721/717/1207 2030/717/1207 1938/709/1201
f 1722/723/1208 1628/725/1200 1937/725/1200 2031/723/1208
f 1630/721/1209 1722/723/1208 2031/723/1208 1939/721/1209
f 1726/712/1210 1627/711/1202 1936/991/1202 2035/712/1210
f 1633/713/1199 1726/712/1210 2035/712/1210 1942/713/1199
f 1731/741/1211 1637/736/1211 1946/736/1211 2040/741/1211
f 1635/742/1212 1731/741/1212 2040/741/1212 1944/742/1212
f 1732/735/1213 1636/734/1214 1945/734/1214 2041/735/1213
f 1637/736/1215 1732/735/1213 2041/735/1213 1946/736/1215
f 1733/733/1216 1638/732/1217 1947/732/1217 2042/733/1216
f 1636/734/1218 1733/733/1218 2042/733/1218 1945/734/1218
f 1735/746/1219 1640/737/1220 1949/737/1220 2044/746/1219
f 1623/743/1193 1735/746/1221 2044/746/1221 1932/992/1193
f 1736/752/1222 1625/751/1223 1934/751/1223 2045/752/1222
f 1638/732/1217 1736/752/1222 2045/752/1222 1947/732/1217
f 1738/740/1224 1635/742/1225 1944/742/1225 2047/740/1224
f 1640/737/1220 1738/740/1224 2047/740/1224 1949/737/1220
f 1741/778/1226 1650/777/1227 1959/777/1227 2050/778/1226
f 1642/779/1228 1741/778/1226 2050/778/1226 1951/779/1228
f 1742/758/1229 1643/757/1230 1952/757/1230 2051/758/1229
f 1641/759/1231 1742/758/1229 2051/758/1229 1950/759/1231
f 1743/769/1232 1644/773/1233 1953/773/1233 2052/769/1232
f 1620/685/1188 1743/769/1232 2052/769/1232 1929/685/1188
f 1744/767/1234 1619/766/1186 1928/766/1186 2053/767/1234
f 1643/757/1230 1744/767/1234 2053/767/1234 1952/757/1230
f 1745/775/1235 1642/779/1235 1951/779/1235 2054/775/1235
f 1644/773/1233 1745/775/1236 2054/775/1236 1953/773/1233
f 1750/703/1237 1626/702/1238 1935/702/1238 2059/703/1237
f 1648/704/1239 1750/703/1237 2059/703/1237 1957/704/1239
f 1762/976/1240 1700/885/1240 2009/885/1240 2071/976/1240
f 1654/813/1196 1762/976/1240 2071/976/1240 1963/813/1196
f 1765/760/1241 1641/759/1242 1950/759/1242 2074/760/1241
f 1657/761/1243 1765/760/1241 2074/760/1241 1966/761/1243
f 1774/829/1244 1657/761/1244 1966/761/1244 2083/829/1244
f 1660/830/1245 1774/829/1246 2083/829/1246 1969/830/1245
f 1775/835/1247 1659/840/1248 1968/840/1248 2084/835/1247
f 1650/777/1249 1775/835/1249 2084/835/1249 1959/777/1249
f 1781/788/1240 1648/704/1239 1957/704/1239 2090/788/1240
f 1666/789/1240 1781/788/1240 2090/788/1240 1975/789/1240
f 1783/928/1250 1682/927/1250 1991/927/1250 2092/928/1250
f 1668/838/1251 1783/928/1252 2092/928/1252 1977/838/1251
f 1791/869/1253 1670/868/1254 1979/868/1254 2100/869/1253
f 1669/870/1255 1791/869/1253 2100/869/1253 1978/870/1255
f 1792/867/1256 1668/838/1251 1977/838/1251 2101/867/1256
f 1670/868/1254 1792/867/1256 2101/867/1256 1979/868/1254
f 1793/866/1257 1669/870/1258 1978/870/1258 2102/866/1257
f 1659/840/1248 1793/866/1257 2102/866/1257 1968/840/1248
f 1796/963/1259 1691/938/1240 2000/938/1240 2105/963/1259
f 1673/883/1240 1796/963/1259 2105/963/1259 1982/883/1240
f 1801/980/1260 1705/832/1260 2014/832/1260 2110/980/1260
f 1678/903/1261 1801/980/1261 2110/980/1261 1987/903/1261
f 1815/861/1240 1666/789/1240 1975/789/1240 2124/861/1240
f 1685/862/1259 1815/861/1240 2124/861/1240 1994/862/1259
f 1824/955/1262 1697/951/1262 2006/951/1262 2133/955/1262
f 1688/956/1263 1824/955/1263 2133/955/1263 1997/956/1263
f 1825/948/1264 1678/903/1265 1987/903/1265 2134/948/1264
f 1687/949/1266 1825/948/1264 2134/948/1264 1996/949/1266
f 1826/954/1267 1688/956/1268 1997/956/1268 2135/954/1267
f 1682/927/1269 1826/954/1267 2135/954/1267 1991/927/1269
f 1829/937/1259 1685/862/1259 1994/862/1259 2138/937/1259
f 1691/938/1240 1829/937/1259 2138/937/1259 2000/938/1240
f 1835/950/1270 1687/949/1266 1996/949/1266 2144/950/1270
f 1697/951/1271 1835/950/1270 2144/950/1270 2006/951/1271
f 1846/884/1240 1673/883/1240 1982/883/1240 2155/884/1240
f 1700/885/1240 1846/884/1240 2155/884/1240 2009/885/1240
f 1859/988/1272 1706/987/1272 2015/987/1272 2168/988/1272
f 1707/989/1273 1859/988/1273 2168/988/1273 2016/989/1273
f 1860/986/1274 1660/830/1245 1969/830/1245 2169/986/1274
f 1706/987/1275 1860/986/1274 2169/986/1274 2015/987/1275
f 1861/985/1276 1707/989/1277 2016/989/1277 2170/985/1276
f 1705/832/1278 1861/985/1276 2170/985/1276 2014/832/1278
f 2238/1002/1279 2237/1003/1280 2243/1004/1281 2244/1005/1282
f 2239/1006/1283 2238/1002/1284 2244/1005/1285 2245/1007/1286
f 2245/1007/1286 2244/1005/1285 2250/1008/1287 2251/1009/1288
f 2240/1010/1289 2239/1006/1290 2245/1007/1291 2246/1011/1292
f 2367/1012/1293 2366/1013/1294 2237/1003/1280 2238/1002/1279
f 2241/1014/1295 2240/1010/1296 2246/1011/1297 2247/1015/1298
f 2253/1016/1299 2252/1017/1300 2258/1018/1301 2259/1019/1302
f 2242/1020/1303 2241/1014/1304 2247/1015/1305 2248/1021/1306
f 2237/1003/1307 2242/1020/1308 2248/1021/1309 2243/1004/1310
f 2259/1019/1302 2258/1018/1301 2264/1022/1311 2265/1023/1312
f 2250/1008/1313 2249/1024/1314 2255/1025/1315 2256/1026/1315
f 2252/1017/1316 2251/1009/1317 2257/1027/1318 2258/1018/1319
f 2251/1009/1288 2250/1008/1287 2256/1026/1320 2257/1027/1320
f 2371/1028/1321 2242/1020/1308 2237/1003/1307 2366/1013/1322
f 2254/1029/1323 2253/1016/1324 2259/1019/1325 2260/1030/1325
f 2249/1024/1326 2254/1029/1327 2260/1030/1328 2255/1025/1329
f 2256/1026/1315 2255/1025/1315 2261/1031/1330 2262/1032/1330
f 2258/1018/1319 2257/1027/1318 2263/1033/1331 2264/1022/1331
f 2257/1027/1320 2256/1026/1320 2262/1032/1332 2263/1033/1332
f 2265/1023/1312 2264/1022/1311 2270/1034/1333 2271/1035/1333
f 2260/1030/1325 2259/1019/1325 2265/1023/1334 2266/1036/1334
f 2255/1025/1329 2260/1030/1328 2266/1036/1335 2261/1031/1335
f 2262/1032/1330 2261/1031/1330 2267/1037/1336 2268/1038/1336
f 2264/1022/1331 2263/1033/1331 2269/1039/1337 2270/1034/1338
f 2263/1033/1332 2262/1032/1332 2268/1038/1339 2269/1039/1339
f 2271/1035/1333 2270/1034/1333 2276/1040/1340 2277/1041/1340
f 2266/1036/1334 2265/1023/1334 2271/1035/1341 2272/1042/1341
f 2261/1031/1335 2266/1036/1335 2272/1042/1342 2267/1037/1342
f 2268/1038/1336 2267/1037/1336 2273/1043/1343 2274/1044/1343
f 2270/1034/1338 2269/1039/1337 2275/1045/1344 2276/1040/1344
f 2269/1039/1339 2268/1038/1339 2274/1044/1339 2275/1045/1339
f 2277/1041/1340 2276/1040/1340 2282/1046/1345 2283/1047/1345
f 2272/1042/1341 2271/1035/1341 2277/1041/1341 2278/1048/1341
f 2267/1037/1342 2272/1042/1342 2278/1048/1346 2273/1043/1346
f 2274/1044/1343 2273/1043/1343 2279/1049/1347 2280/1050/1347
f 2276/1040/1344 2275/1045/1344 2281/1051/1348 2282/1046/1348
f 2275/1045/1339 2274/1044/1339 2280/1050/1339 2281/1051/1339
f 2283/1047/1345 2282/1046/1345 2288/1052/1349 2289/1053/1349
f 2278/1048/1341 2277/1041/1341 2283/1047/1341 2284/1054/1341
f 2273/1043/1346 2278/1048/1346 2284/1054/1350 2279/1049/1350
f 2280/1050/1347 2279/1049/1347 2285/1055/1351 2286/1056/1351
f 2282/1046/1348 2281/1051/1348 2287/1057/1352 2288/1052/1352
f 2281/1051/1339 2280/1050/1339 2286/1056/1339 2287/1057/1339
f 2289/1053/1349 2288/1052/1349 2294/1058/1353 2295/1059/1354
f 2284/1054/1341 2283/1047/1341 2289/1053/1341 2290/1060/1341
f 2279/1049/1350 2284/1054/1350 2290/1060/1355 2285/1055/1355
f 2286/1056/1351 2285/1055/1351 2291/1061/1356 2292/1062/1356
f 2288/1052/1352 2287/1057/1352 2293/1063/1357 2294/1058/1357
f 2287/1057/1339 2286/1056/1339 2292/1062/1339 2293/1063/1339
f 2295/1059/1354 2294/1058/1353 2300/1064/1358 2301/1065/1359
f 2290/1060/1341 2289/1053/1341 2295/1059/1341 2296/1066/1341
f 2285/1055/1355 2290/1060/1355 2296/1066/1360 2291/1061/1360
f 2292/1062/1356 2291/1061/1356 2297/1067/1361 2298/1068/1361
f 2294/1058/1357 2293/1063/1357 2299/1069/1362 2300/1064/1362
f 2293/1063/1339 2292/1062/1339 2298/1068/1363 2299/1069/1363
f 2301/1065/1359 2300/1064/1358 2306/1070/1364 2307/1071/1365
f 2296/1066/1341 2295/1059/1341 2301/1065/1366 2302/1072/1366
f 2291/1061/1360 2296/1066/1360 2302/1072/1367 2297/1067/1367
f 2298/1068/1361 2297/1067/1361 2303/1073/1368 2304/1074/1369
f 2300/1064/1362 2299/1069/1362 2305/1075/1370 2306/1070/1371
f 2299/1069/1363 2298/1068/1363 2304/1074/1372 2305/1075/1373
f 2307/1071/1365 2306/1070/1364 2312/1076/1374 2313/1077/1375
f 2302/1072/1366 2301/1065/1366 2307/1071/1376 2308/1078/1377
f 2297/1067/1367 2302/1072/1367 2308/1078/1378 2303/1073/1379
f 2304/1074/1369 2303/1073/1368 2309/1079/1380 2310/1080/1381
f 2306/1070/1371 2305/1075/1370 2311/1081/1382 2312/1076/1383
f 2305/1075/1373 2304/1074/1372 2310/1080/1384 2311/1081/1385
f 2313/1077/1375 2312/1076/1374 2318/1082/1386 2319/1083/1387
f 2308/1078/1377 2307/1071/1376 2313/1077/1388 2314/1084/1389
f 2303/1073/1379 2308/1078/1378 2314/1084/1390 2309/1079/1391
f 2310/1080/1381 2309/1079/1380 2315/1085/1392 2316/1086/1393
f 2312/1076/1383 2311/1081/1382 2317/1087/1394 2318/1082/1394
f 2311/1081/1385 2310/1080/1384 2316/1086/1395 2317/1087/1396
f 2319/1083/1387 2318/1082/1386 2324/1088/1397 2325/1089/1398
f 2314/1084/1389 2313/1077/1388 2319/1083/1399 2320/1090/1400
f 2309/1079/1391 2314/1084/1390 2320/1090/1401 2315/1085/1401
f 2316/1086/1393 2315/1085/1392 2321/1091/1402 2322/1092/1403
f 2318/1082/1386 2317/1087/1404 2323/1093/1404 2324/1088/1397
f 2317/1087/1396 2316/1086/1395 2322/1092/1405 2323/1093/1406
f 2325/1089/1407 2324/1088/1407 2330/1094/1407 2331/1095/1407
f 2320/1090/1400 2319/1083/1399 2325/1089/1408 2326/1096/1409
f 2315/1085/1410 2320/1090/1410 2326/1096/1410 2321/1091/1410
f 2322/1092/1403 2321/1091/1402 2327/1097/1411 2328/1098/1412
f 2324/1088/1413 2323/1093/1413 2329/1099/1413 2330/1094/1413
f 2323/1093/1406 2322/1092/1405 2328/1098/1414 2329/1099/1415
f 2337/1100/1416 2331/1095/1417 2330/1094/1418
f 2326/1096/1409 2325/1089/1408 2331/1095/1419 2332/1101/1420
f 2321/1091/1421 2326/1096/1421 2332/1101/1421 2327/1097/1421
f 2334/1102/1422 2328/1098/1412 2327/1097/1411
f 2336/1103/1423 2330/1094/1418 2329/1099/1424
f 2335/1104/1425 2329/1099/1415 2328/1098/1414
f 2351/1105/1426 2344/1106/1426 2350/1107/1426
f 2338/1108/1427 2332/1101/1420 2331/1095/1419
f 2358/1109/1428 2357/1110/1429 2363/1111/1430 2364/1112/1431
f 2339/1113/1432 2327/1097/1411 2332/1101/1433
f 2349/1114/1434 2342/1115/1435 2348/1116/1436
f 2356/1117/1437 2355/1118/1438 2361/1119/1439 2362/1120/1440
f 2355/1118/1441 2354/1121/1442 2360/1122/1443 2361/1119/1444
f 2335/1104/1445 2336/1103/1445 2329/1099/1445
f 2327/1097/1411 2333/1123/1446 2334/1102/1422
f 2336/1103/1423 2337/1100/1416 2330/1094/1418
f 2364/1112/1431 2363/1111/1430 2369/1124/1447 2370/1125/1448
f 2351/1105/1449 2345/1126/1449 2344/1106/1449
f 2337/1100/1450 2338/1108/1450 2331/1095/1450
f 2350/1107/1451 2344/1106/1451 2343/1127/1451
f 2338/1108/1452 2339/1113/1452 2332/1101/1452
f 2349/1114/1453 2343/1127/1453 2342/1115/1453
f 2349/1114/1434 2348/1116/1436 2354/1121/1442 2355/1118/1441
f 2342/1115/1454 2347/1128/1454 2348/1116/1454
f 2339/1113/1432 2333/1123/1446 2327/1097/1411
f 2352/1129/1455 2346/1130/1455 2345/1126/1455
f 2334/1102/1422 2335/1104/1456 2328/1098/1412
f 2353/1131/1457 2347/1128/1457 2346/1130/1457
f 2339/1113/1432 2341/1132/1458 2340/1133/1458 2333/1123/1446
f 2351/1105/1459 2350/1107/1459 2356/1117/1460 2357/1110/1461
f 2352/1129/1462 2351/1105/1462 2357/1110/1429 2358/1109/1428
f 2353/1131/1463 2352/1129/1464 2358/1109/1465 2359/1134/1466
f 2348/1116/1467 2353/1131/1468 2359/1134/1469 2354/1121/1470
f 2350/1107/1471 2343/1127/1472 2349/1114/1473
f 2357/1110/1461 2356/1117/1460 2362/1120/1474 2363/1111/1475
f 2350/1107/1471 2349/1114/1473 2355/1118/1438 2356/1117/1437
f 2359/1134/1466 2358/1109/1465 2364/1112/1476 2365/1135/1477
f 2354/1121/1470 2359/1134/1469 2365/1135/1478 2360/1122/1479
f 2352/1129/1480 2345/1126/1480 2351/1105/1480
f 2353/1131/1463 2346/1130/1481 2352/1129/1464
f 2361/1119/1444 2360/1122/1443 2366/1013/1294 2367/1012/1293
f 2363/1111/1475 2362/1120/1474 2368/1136/1482 2369/1124/1483
f 2362/1120/1440 2361/1119/1439 2367/1012/1484 2368/1136/1485
f 2348/1116/1467 2347/1128/1486 2353/1131/1468
f 2365/1135/1477 2364/1112/1476 2370/1125/1487 2371/1028/1488
f 2360/1122/1479 2365/1135/1478 2371/1028/1321 2366/1013/1322
f 2368/1136/1482 2239/1006/1290 2240/1010/1289 2369/1124/1483
f 2247/1015/1298 2246/1011/1297 2252/1017/1300 2253/1016/1299
f 2248/1021/1306 2247/1015/1305 2253/1016/1324 2254/1029/1323
f 2243/1004/1310 2248/1021/1309 2254/1029/1327 2249/1024/1326
f 2244/1005/1282 2243/1004/1281 2249/1024/1314 2250/1008/1313
f 2370/1125/1487 2241/1014/1304 2242/1020/1303 2371/1028/1488
f 2367/1012/1484 2238/1002/1284 2239/1006/1283 2368/1136/1485
f 2246/1011/1292 2245/1007/1291 2251/1009/1317 2252/1017/1316
f 2369/1124/1447 2240/1010/1296 2241/1014/1295 2370/1125/1448
f 2373/1137/1489 2372/1138/1490 2378/1139/1491 2379/1140/1491
f 2374/1137/1492 2373/1137/1492 2379/1140/1492 2380/1141/1492
f 2380/1141/1492 2379/1140/1492 2385/1142/1492 2386/1143/1492
f 2375/1138/1493 2374/1137/1494 2380/1141/1495 2381/1144/1495
f 2511/1145/1496 2510/1146/1497 2372/1138/1490 2373/1137/1489
f 2376/1147/1498 2375/1138/1499 2381/1144/1500 2382/1148/1500
f 2388/1149/1501 2387/1150/1501 2393/1151/1502 2394/1152/1502
f 2377/1147/1503 2376/1147/1503 2382/1148/1503 2383/1153/1503
f 2372/1138/1504 2377/1147/1505 2383/1153/1506 2378/1139/1506
f 2394/1152/1502 2393/1151/1502 2399/1154/1507 2400/1155/1507
f 2385/1142/1508 2384/1156/1508 2390/1157/1509 2391/1158/1509
f 2387/1150/1510 2386/1143/1510 2392/1159/1511 2393/1151/1511
f 2386/1143/1492 2385/1142/1492 2391/1158/1492 2392/1159/1492
f 2515/1160/1512 2377/1147/1505 2372/1138/1504 2510/1146/1513
f 2389/1161/1503 2388/1149/1503 2394/1152/1503 2395/1162/1503
f 2384/1156/1514 2389/1161/1514 2395/1162/1515 2390/1157/1515
f 2391/1158/1509 2390/1157/1509 2396/1163/1516 2397/1164/1516
f 2393/1151/1511 2392/1159/1511 2398/1165/1517 2399/1154/1517
f 2392/1159/1492 2391/1158/1492 2397/1164/1492 2398/1165/1492
f 2400/1155/1507 2399/1154/1507 2405/1166/1518 2406/1167/1518
f 2395/1162/1503 2394/1152/1503 2400/1155/1503 2401/1168/1503
f 2390/1157/1515 2395/1162/1515 2401/1168/1519 2396/1163/1519
f 2397/1164/1516 2396/1163/1516 2402/1169/1520 2403/1170/1520
f 2399/1154/1517 2398/1165/1517 2404/1171/1521 2405/1166/1521
f 2398/1165/1492 2397/1164/1492 2403/1170/1492 2404/1171/1492
f 2406/1167/1518 2405/1166/1518 2411/1172/1522 2412/1173/1522
f 2401/1168/1503 2400/1155/1503 2406/1167/1503 2407/1174/1503
f 2396/1163/1519 2401/1168/1519 2407/1174/1523 2402/1169/1523
f 2403/1170/1520 2402/1169/1520 2408/1175/1524 2409/1176/1524
f 2405/1166/1521 2404/1171/1521 2410/1177/1525 2411/1172/1525
f 2404/1171/1492 2403/1170/1492 2409/1176/1492 2410/1177/1492
f 2412/1173/1522 2411/1172/1522 2417/1166/1526 2418/1167/1526
f 2407/1174/1503 2406/1167/1503 2412/1173/1503 2413/1178/1503
f 2402/1169/1523 2407/1174/1523 2413/1178/1527 2408/1175/1527
f 2409/1176/1524 2408/1175/1524 2414/1169/1528 2415/1170/1528
f 2411/1172/1525 2410/1177/1525 2416/1171/1529 2417/1166/1529
f 2410/1177/1492 2409/1176/1492 2415/1170/1492 2416/1171/1492
f 2418/1167/1526 2417/1166/1526 2423/1154/1530 2424/1155/1530
f 2413/1178/1503 2412/1173/1503 2418/1167/1503 2419/1174/1503
f 2408/1175/1527 2413/1178/1527 2419/1174/1531 2414/1169/1531
f 2415/1170/1528 2414/1169/1528 2420/1163/1532 2421/1164/1532
f 2417/1166/1529 2416/1171/1529 2422/1165/1533 2423/1154/1533
f 2416/1171/1492 2415/1170/1492 2421/1164/1492 2422/1165/1492
f 2424/1155/1530 2423/1154/1530 2429/1151/1534 2430/1152/1534
f 2419/1174/1503 2418/1167/1503 2424/1155/1503 2425/1168/1503
f 2414/1169/1531 2419/1174/1531 2425/1168/1535 2420/1163/1535
f 2421/1164/1532 2420/1163/1532 2426/1157/1536 2427/1158/1536
f 2423/1154/1533 2422/1165/1533 2428/1159/1537 2429/1151/1537
f 2422/1165/1492 2421/1164/1492 2427/1158/1492 2428/1159/1492
f 2430/1152/1534 2429/1151/1534 2435/1150/1538 2436/1149/1538
f 2425/1168/1503 2424/1155/1503 2430/1152/1503 2431/1162/1503
f 2420/1163/1535 2425/1168/1535 2431/1162/1539 2426/1157/1539
f 2427/1158/1536 2426/1157/1536 2432/1156/1540 2433/1142/1540
f 2429/1151/1537 2428/1159/1537 2434/1143/1541 2435/1150/1541
f 2428/1159/1492 2427/1158/1492 2433/1142/1492 2434/1143/1492
f 2436/1149/1538 2435/1150/1538 2441/1144/1542 2442/1148/1542
f 2431/1162/1503 2430/1152/1503 2436/1149/1503 2437/1161/1503
f 2426/1157/1539 2431/1162/1539 2437/1161/1543 2432/1156/1543
f 2433/1142/1540 2432/1156/1540 2438/1139/1544 2439/1140/1544
f 2435/1150/1541 2434/1143/1541 2440/1141/1545 2441/1144/1545
f 2434/1143/1492 2433/1142/1492 2439/1140/1492 2440/1141/1492
f 2442/1148/1542 2441/1144/1542 2447/1138/1546 2448/1147/1547
f 2437/1161/1503 2436/1149/1503 2442/1148/1503 2443/1153/1503
f 2432/1156/1543 2437/1161/1543 2443/1153/1548 2438/1139/1548
f 2439/1140/1544 2438/1139/1544 2444/1138/1549 2445/1137/1550
f 2441/1144/1545 2440/1141/1545 2446/1137/1551 2447/1138/1552
f 2440/1141/1492 2439/1140/1492 2445/1137/1492 2446/1137/1492
f 2448/1147/1547 2447/1138/1546 2453/1179/1553 2454/1180/1554
f 2443/1153/1503 2442/1148/1503 2448/1147/1503 2449/1147/1503
f 2438/1139/1548 2443/1153/1548 2449/1147/1555 2444/1138/1556
f 2445/1137/1550 2444/1138/1549 2450/1146/1557 2451/1145/1558
f 2447/1138/1552 2446/1137/1551 2452/1181/1559 2453/1179/1560
f 2446/1137/1492 2445/1137/1492 2451/1145/1492 2452/1181/1492
f 2454/1180/1554 2453/1179/1553 2459/1182/1514 2460/1183/1514
f 2449/1147/1503 2448/1147/1503 2454/1180/1503 2455/1184/1503
f 2444/1138/1556 2449/1147/1555 2455/1184/1561 2450/1146/1562
f 2451/1145/1558 2450/1146/1557 2456/1185/1510 2457/1186/1510
f 2453/1179/1560 2452/1181/1559 2458/1187/1508 2459/1182/1508
f 2452/1181/1492 2451/1145/1492 2457/1186/1492 2458/1187/1492
f 2460/1183/1514 2459/1182/1514 2465/1188/1515 2466/1189/1515
f 2455/1184/1503 2454/1180/1503 2460/1183/1503 2461/1190/1503
f 2450/1146/1562 2455/1184/1561 2461/1190/1501 2456/1185/1501
f 2457/1186/1510 2456/1185/1510 2462/1191/1563 2463/1192/1563
f 2459/1182/1508 2458/1187/1508 2464/1193/1509 2465/1188/1509
f 2458/1187/1492 2457/1186/1492 2463/1192/1492 2464/1193/1492
f 2466/1189/1515 2465/1188/1515 2471/1194/1519 2472/1195/1519
f 2461/1190/1503 2460/1183/1503 2466/1189/1503 2467/1196/1503
f 2456/1185/1501 2461/1190/1501 2467/1196/1502 2462/1191/1502
f 2463/1192/1563 2462/1191/1563 2468/1197/1517 2469/1198/1517
f 2465/1188/1509 2464/1193/1509 2470/1199/1516 2471/1194/1516
f 2464/1193/1492 2463/1192/1492 2469/1198/1492 2470/1199/1492
f 2472/1195/1519 2471/1194/1519 2477/1200/1523 2478/1201/1523
f 2467/1196/1503 2466/1189/1503 2472/1195/1503 2473/1202/1503
f 2462/1191/1502 2467/1196/1502 2473/1202/1507 2468/1197/1507
f 2469/1198/1517 2468/1197/1517 2474/1203/1521 2475/1204/1521
f 2471/1194/1516 2470/1199/1516 2476/1205/1520 2477/1200/1520
f 2470/1199/1492 2469/1198/1492 2475/1204/1492 2476/1205/1492
f 2478/1201/1523 2477/1200/1523 2483/1206/1527 2484/1207/1527
f 2473/1202/1503 2472/1195/1503 2478/1201/1503 2479/1208/1503
f 2468/1197/1507 2473/1202/1507 2479/1208/1518 2474/1203/1518
f 2475/1204/1521 2474/1203/1521 2480/1209/1525 2481/1210/1525
f 2477/1200/1520 2476/1205/1520 2482/1211/1524 2483/1206/1524
f 2476/1205/1492 2475/1204/1492 2481/1210/1492 2482/1211/1492
f 2484/1207/1527 2483/1206/1527 2489/1200/1531 2490/1201/1531
f 2479/1208/1503 2478/1201/1503 2484/1207/1503 2485/1212/1503
f 2474/1203/1518 2479/1208/1518 2485/1212/1522 2480/1209/1522
f 2481/1210/1525 2480/1209/1525 2486/1203/1529 2487/1204/1529
f 2483/1206/1524 2482/1211/1524 2488/1205/1528 2489/1200/1528
f 2482/1211/1492 2481/1210/1492 2487/1204/1492 2488/1205/1492
f 2490/1201/1531 2489/1200/1531 2495/1194/1535 2496/1195/1535
f 2485/1212/1503 2484/1207/1503 2490/1201/1503 2491/1208/1503
f 2480/1209/1522 2485/1212/1522 2491/1208/1526 2486/1203/1526
f 2487/1204/1529 2486/1203/1529 2492/1197/1564 2493/1198/1564
f 2489/1200/1528 2488/1205/1528 2494/1199/1532 2495/1194/1532
f 2488/1205/1492 2487/1204/1492 2493/1198/1492 2494/1199/1492
f 2496/1195/1535 2495/1194/1535 2501/1188/1539 2502/1189/1539
f 2491/1208/1503 2490/1201/1503 2496/1195/1503 2497/1202/1503
f 2486/1203/1526 2491/1208/1526 2497/1202/1530 2492/1197/1530
f 2493/1198/1564 2492/1197/1564 2498/1191/1565 2499/1192/1537
f 2495/1194/1532 2494/1199/1532 2500/1193/1536 2501/1188/1536
f 2494/1199/1492 2493/1198/1492 2499/1192/1492 2500/1193/1492
f 2502/1189/1539 2501/1188/1539 2507/1182/1543 2508/1183/1543
f 2497/1202/1503 2496/1195/1503 2502/1189/1503 2503/1196/1503
f 2492/1197/1530 2497/1202/1530 2503/1196/1534 2498/1191/1534
f 2499/1192/1537 2498/1191/1565 2504/1185/1541 2505/1186/1541
f 2501/1188/1536 2500/1193/1536 2506/1187/1540 2507/1182/1540
f 2500/1193/1492 2499/1192/1492 2505/1186/1492 2506/1187/1492
f 2508/1183/1543 2507/1182/1543 2513/1179/1566 2514/1180/1567
f 2503/1196/1503 2502/1189/1503 2508/1183/1503 2509/1190/1503
f 2498/1191/1534 2503/1196/1534 2509/1190/1538 2504/1185/1538
f 2505/1186/1541 2504/1185/1541 2510/1146/1497 2511/1145/1496
f 2507/1182/1540 2506/1187/1540 2512/1181/1568 2513/1179/1569
f 2506/1187/1492 2505/1186/1492 2511/1145/1492 2512/1181/1492
f 2509/1190/1503 2508/1183/1503 2514/1180/1503 2515/1160/1503
f 2504/1185/1538 2509/1190/1538 2515/1160/1512 2510/1146/1513
f 2512/1181/1568 2374/1137/1494 2375/1138/1493 2513/1179/1569
f 2382/1148/1500 2381/1144/1500 2387/1150/1501 2388/1149/1501
f 2383/1153/1503 2382/1148/1503 2388/1149/1503 2389/1161/1503
f 2378/1139/1506 2383/1153/1506 2389/1161/1514 2384/1156/1514
f 2379/1140/1491 2378/1139/1491 2384/1156/1508 2385/1142/1508
f 2514/1180/1503 2376/1147/1503 2377/1147/1503 2515/1160/1503
f 2511/1145/1492 2373/1137/1492 2374/1137/1492 2512/1181/1492
f 2381/1144/1495 2380/1141/1495 2386/1143/1510 2387/1150/1510
f 2513/1179/1566 2375/1138/1499 2376/1147/1498 2514/1180/1567
