{
  "parent": "forge:item/default",
  "loader": "forge:obj",
  "flip_v" : "true",
  "model": "magicksaddon:models/item/keyblade/pureblood.obj",
  "textures": {
    "layer0": "magicksaddon:textures/item/keyblades/pureblood"
  },
  "display": {
    "firstperson_righthand": {
      "rotation": [0, 0, 0 ],
      "translation": [0, -21.5, 0 ],
      "scale": [0.019999999552965164, 0.019999999552965164, 0.019999999552965164 ]
    },
    "thirdperson_righthand": {
      "rotation": [0, 0, 0 ],
      "translation": [0, -20.5, 1.5 ],
      "scale": [0.019999999552965164, 0.019999999552965164, 0.019999999552965164 ]
    },
    "firstperson_lefthand": {
      "rotation": [0, 0, 0 ],
      "translation": [0.0, -21.5, 0.0 ],
      "scale": [0.019999999552965164, 0.019999999552965164, 0.019999999552965164]
    },
    "thirdperson_lefthand": {
      "rotation": [0.0, 0.0, 0.0 ],
      "translation": [0, -20.5, -1.5 ],
      "scale": [0.019999999552965164, 0.019999999552965164, 0.019999999552965164]
    },
    "gui": {
      "rotation": [0, 45.0, 0],
      "translation": [0.0, -20.5, 0.0 ],
      "scale": [0.01366999955296516, 0.01366999955296516, 0.01366999955296516]
    },
    "ground": {
      "rotation": [0, 90.0, 0 ],
      "translation": [0.0, 0.0, 0.0 ],
      "scale": [0.019999999552965164, 0.019999999552965164, 0.019999999552965164]
    },
    "fixed": {
      "rotation": [0.0, 90.0, 0.0 ],
      "translation": [0.0, 0.0, 0.0 ],
      "scale": [0.019999999552965164, 0.019999999552965164, 0.019999999552965164]
    }
  },
  "visibility": {
		"object_1": "hide",
		"object_2": "default",
		"object_3": "show"
  },
  "perspectives": {
    "gui": {
      "parent": "item/generated",
      "textures": {
        "layer0": "magicksaddon:textures/item/pureblood"
      }
    }
  }
}